import time: self [us] | cumulative | imported package
import time:       136 |        136 | winreg
import time:       216 |        216 |   _io
import time:        34 |         34 |   marshal
import time:       239 |        239 |   nt
import time:       678 |       1166 | _frozen_importlib_external
import time:       812 |        812 |   time
import time:       256 |       1068 | zipimport
import time:        56 |         56 |     _codecs
import time:       600 |        655 |   codecs
import time:      1264 |       1264 |   encodings.aliases
import time:      1651 |       3570 | encodings
import time:       701 |        701 | encodings.utf_8
import time:        65 |         65 |   _codecs_cn
import time:        73 |         73 |   _multibytecodec
import time:      1283 |       1420 | encodings.gbk
import time:        89 |         89 | _signal
import time:        46 |         46 |     _abc
import time:       221 |        267 |   abc
import time:       403 |        669 | io
import time:       136 |        136 |       _stat
import time:       187 |        323 |     stat
import time:      1765 |       1765 |     _collections_abc
import time:       210 |        210 |       genericpath
import time:       188 |        188 |       _winapi
import time:       491 |        889 |     ntpath
import time:      1164 |       4139 |   os
import time:       162 |        162 |   _sitebuiltins
import time:       111 |        111 |   errno
import time:      1487 |       1487 |   encodings.utf_8_sig
import time:      3117 |       3117 |   _virtualenv
import time:      1743 |       1743 |   _distutils_hack
import time:       416 |        416 |   sitecustomize
import time:      6787 |      17959 | site
import time:      1958 |       1958 | linecache
import time:       315 |        315 |           itertools
import time:      1242 |       1242 |           keyword
import time:       372 |        372 |             _operator
import time:      2297 |       2668 |           operator
import time:      1857 |       1857 |           reprlib
import time:       176 |        176 |           _collections
import time:      2674 |       8929 |         collections
import time:       125 |        125 |         _functools
import time:      2366 |      11419 |       functools
import time:      1374 |       1374 |       types
import time:      3246 |      16038 |     enum
import time:      2988 |       2988 |     _uuid
import time:      1927 |      20953 |   uuid
import time:       229 |        229 |         posix
import time:       166 |        166 |         posix
import time:       232 |        626 |       posixpath
import time:       120 |        120 |           _sre
import time:      1389 |       1389 |             re._constants
import time:       946 |       2335 |           re._parser
import time:       678 |        678 |           re._casefix
import time:      1088 |       4220 |         re._compiler
import time:       765 |        765 |         copyreg
import time:      1282 |       6266 |       re
import time:       751 |       7643 |     fnmatch
import time:        99 |         99 |     zlib
import time:       854 |        854 |       _compression
import time:      1186 |       1186 |       _bz2
import time:       833 |       2873 |     bz2
import time:      1080 |       1080 |       _lzma
import time:       848 |       1927 |     lzma
import time:      1809 |      14349 |   shutil
import time:       718 |        718 |         concurrent
import time:      1634 |       1634 |               textwrap
import time:       924 |        924 |               warnings
import time:      1103 |       1103 |               contextlib
import time:       609 |        609 |                 __future__
import time:       731 |       1340 |               _colorize
import time:      1218 |       6217 |             traceback
import time:       728 |        728 |               _weakrefset
import time:       891 |       1618 |             weakref
import time:        51 |         51 |               _string
import time:       987 |       1038 |             string
import time:      1085 |       1085 |             threading
import time:       120 |        120 |             atexit
import time:      2495 |      12570 |           logging
import time:      1156 |      13726 |         concurrent.futures._base
import time:       834 |      15277 |       concurrent.futures
import time:        64 |         64 |         _heapq
import time:       779 |        842 |       heapq
import time:      3134 |       3134 |         _socket
import time:        84 |         84 |           math
import time:       911 |        911 |           select
import time:      1201 |       2195 |         selectors
import time:      1408 |       6737 |       socket
import time:        81 |         81 |           _locale
import time:      1444 |       1524 |         locale
import time:       903 |        903 |         signal
import time:       181 |        181 |         fcntl
import time:        56 |         56 |         msvcrt
import time:      1326 |       3989 |       subprocess
import time:      5771 |       5771 |         _ssl
import time:        93 |         93 |             _struct
import time:       691 |        783 |           struct
import time:        73 |         73 |           binascii
import time:      1049 |       1904 |         base64
import time:      2771 |      10445 |       ssl
import time:       872 |        872 |       asyncio.constants
import time:      1236 |       1236 |             _ast
import time:      1745 |       2980 |           ast
import time:        68 |         68 |               _opcode
import time:       799 |        799 |               _opcode_metadata
import time:       880 |       1747 |             opcode
import time:      1495 |       3241 |           dis
import time:       723 |        723 |             importlib
import time:       108 |        831 |           importlib.machinery
import time:       771 |        771 |             token
import time:        64 |         64 |             _tokenize
import time:      1660 |       2495 |           tokenize
import time:        58 |         58 |             _typing
import time:      2967 |       3024 |           typing
import time:      2953 |      15522 |         inspect
import time:       699 |      16220 |       asyncio.coroutines
import time:        55 |         55 |           _contextvars
import time:       691 |        746 |         contextvars
import time:       800 |        800 |         asyncio.format_helpers
import time:       720 |        720 |           asyncio.base_futures
import time:       808 |        808 |           asyncio.exceptions
import time:       705 |        705 |           asyncio.base_tasks
import time:      1347 |       3579 |         _asyncio
import time:      1376 |       6499 |       asyncio.events
import time:       814 |        814 |       asyncio.futures
import time:       862 |        862 |       asyncio.protocols
import time:      1008 |       1008 |         asyncio.transports
import time:       635 |        635 |         asyncio.log
import time:      1543 |       3185 |       asyncio.sslproto
import time:       621 |        621 |           asyncio.mixins
import time:      1023 |       1644 |         asyncio.locks
import time:       808 |        808 |           asyncio.queues
import time:       949 |        949 |           asyncio.timeouts
import time:      1019 |       2774 |         asyncio.tasks
import time:       718 |       5136 |       asyncio.staggered
import time:       634 |        634 |       asyncio.trsock
import time:      1803 |      73311 |     asyncio.base_events
import time:       728 |        728 |     asyncio.runners
import time:      1055 |       1055 |     asyncio.streams
import time:       832 |        832 |     asyncio.subprocess
import time:       729 |        729 |     asyncio.taskgroups
import time:       639 |        639 |     asyncio.threads
import time:      1795 |       1795 |       _overlapped
import time:      3112 |       3112 |       asyncio.base_subprocess
import time:      1176 |       1176 |       asyncio.proactor_events
import time:      1070 |       1070 |       asyncio.selector_events
import time:       748 |        748 |       asyncio.windows_utils
import time:      1267 |       9166 |     asyncio.windows_events
import time:      1012 |      87469 |   asyncio
import time:       933 |        933 |       glob
import time:      1021 |       1953 |     pathlib._abc
import time:       191 |        191 |       pwd
import time:       125 |        125 |       grp
import time:      1014 |       1329 |     pathlib._local
import time:       767 |       4049 |   pathlib
import time:       243 |        243 |     _datetime
import time:      1057 |       1299 |   datetime
import time:       924 |        924 |     starlette
import time:      1339 |       1339 |         http
import time:      1194 |       2533 |       starlette.exceptions
import time:      1161 |       3694 |     starlette.status
import time:      2473 |       2473 |         annotated_doc.main
import time:      3177 |       5650 |       annotated_doc
import time:      1345 |       1345 |         copy
import time:      1544 |       1544 |           email
import time:       805 |        805 |           quopri
import time:       647 |        647 |               urllib
import time:      1980 |       1980 |               ipaddress
import time:      1533 |       4159 |             urllib.parse
import time:       832 |        832 |             email._parseaddr
import time:      1011 |       6002 |           email.utils
import time:       959 |        959 |           email.errors
import time:       747 |        747 |               email.quoprimime
import time:       600 |        600 |               email.base64mime
import time:       542 |        542 |                 email.encoders
import time:       867 |       1408 |               email.charset
import time:      1121 |       3874 |             email.header
import time:       781 |       4655 |           email._policybase
import time:       984 |        984 |           email._encoded_words
import time:       641 |        641 |           email.iterators
import time:      2258 |      17843 |         email.message
import time:        73 |         73 |               _json
import time:       751 |        824 |             json.scanner
import time:       977 |       1800 |           json.decoder
import time:      1140 |       1140 |           json.encoder
import time:       767 |       3706 |         json
import time:      1187 |       1187 |         dataclasses
import time:       897 |        897 |             anyio._core
import time:      1411 |       2307 |           anyio._core._contextmanagers
import time:       869 |        869 |             anyio._core._exceptions
import time:       997 |        997 |               sniffio._version
import time:       779 |        779 |               sniffio._impl
import time:       989 |       2765 |             sniffio
import time:       856 |       4490 |           anyio._core._eventloop
import time:       730 |        730 |             anyio.to_thread
import time:      1437 |       1437 |               anyio.abc._eventloop
import time:       764 |        764 |               anyio.abc._resources
import time:       777 |        777 |                 anyio._core._typedattr
import time:       990 |        990 |                   anyio.abc._tasks
import time:      1574 |       2564 |                 anyio.abc._streams
import time:      1210 |       4550 |               anyio.abc._sockets
import time:       800 |        800 |               anyio.abc._subprocesses
import time:       874 |        874 |               anyio.abc._testing
import time:      2085 |       2085 |                 anyio.lowlevel
import time:      1354 |       1354 |                 anyio._core._tasks
import time:       941 |        941 |                 anyio._core._testing
import time:      4705 |       9085 |               anyio._core._synchronization
import time:      2086 |       2086 |               anyio.from_thread
import time:       966 |      20559 |             anyio.abc
import time:      1696 |      22983 |           anyio._core._fileio
import time:      1010 |       1010 |           anyio._core._resources
import time:       732 |        732 |           anyio._core._signals
import time:       771 |        771 |               anyio.streams
import time:      1923 |       2694 |             anyio.streams.stapled
import time:      1719 |       1719 |             anyio.streams.tls
import time:      1841 |       6253 |           anyio._core._sockets
import time:      4169 |       4169 |             anyio.streams.memory
import time:      1401 |       5570 |           anyio._core._streams
import time:      2917 |       2917 |           anyio._core._subprocesses
import time:        59 |         59 |                   _bisect
import time:       730 |        788 |                 bisect
import time:        40 |         40 |                 _random
import time:       965 |       1792 |               random
import time:      1238 |       3030 |             tempfile
import time:      2190 |       5219 |           anyio._core._tempfile
import time:      1219 |      52697 |         anyio
import time:      2920 |       2920 |                       typing_extensions
import time:      1295 |       1295 |                       pydantic_core._pydantic_core
import time:       869 |        869 |                             numbers
import time:      1456 |       2325 |                           _decimal
import time:       706 |       3030 |                         decimal
import time:     12544 |      15574 |                       pydantic_core.core_schema
import time:      1324 |      21112 |                     pydantic_core
import time:       753 |      21865 |                   pydantic.version
import time:       934 |      22799 |                 pydantic.warnings
import time:      1218 |      24016 |               pydantic._migration
import time:       934 |        934 |                   typing_inspection
import time:      1999 |       1999 |                   typing_inspection.typing_objects
import time:      1784 |       4716 |                 typing_inspection.introspection
import time:      1171 |       1171 |                 pydantic._internal
import time:      1130 |       1130 |                     pydantic._internal._namespace_utils
import time:      1093 |       2223 |                   pydantic._internal._typing_extra
import time:      1191 |       3414 |                 pydantic._internal._repr
import time:      1616 |      10915 |               pydantic.errors
import time:      1166 |      36096 |             pydantic
import time:      1522 |       1522 |                 pydantic._internal._internal_dataclass
import time:      2911 |       4433 |               pydantic.aliases
import time:      2220 |       2220 |               pydantic.config
import time:      1038 |       7690 |             pydantic._internal._config
import time:      1050 |       1050 |               pydantic._internal._core_utils
import time:       805 |        805 |                 pydantic._internal._import_utils
import time:      2095 |       2899 |               pydantic._internal._utils
import time:      4490 |       8438 |             pydantic._internal._decorators
import time:      1503 |       1503 |                 pydantic._internal._forward_ref
import time:      1462 |       2964 |               pydantic._internal._generics
import time:      1193 |       1193 |               pydantic._internal._docs_extraction
import time:      1723 |       5879 |             pydantic._internal._fields
import time:      1821 |       1821 |                 pydantic.plugin
import time:      1623 |       3444 |               pydantic.plugin._schema_validator
import time:      1376 |       4819 |             pydantic._internal._mock_val_ser
import time:      2741 |       2741 |                 fractions
import time:      3709 |       3709 |                     sysconfig
import time:       103 |        103 |                     _sysconfig
import time:      3587 |       7398 |                   zoneinfo._tzpath
import time:      1251 |       1251 |                   zoneinfo._common
import time:      1656 |       1656 |                   _zoneinfo
import time:      1368 |      11673 |                 zoneinfo
import time:      1545 |       1545 |                 pydantic.annotated_handlers
import time:      4879 |       4879 |                 pydantic.functional_validators
import time:      1141 |       1141 |                   pydantic._internal._core_metadata
import time:      1054 |       1054 |                   pydantic._internal._schema_generation_shared
import time:      3258 |       5452 |                 pydantic.json_schema
import time:       987 |        987 |                 pydantic._internal._discriminated_union
import time:       959 |        959 |                 pydantic._internal._known_annotated_metadata
import time:      1385 |       1385 |                 pydantic._internal._schema_gather
import time:      3191 |      32807 |               pydantic._internal._generate_schema
import time:       978 |        978 |               pydantic._internal._signature
import time:      1788 |      35571 |             pydantic._internal._model_construction
import time:      9827 |       9827 |               annotated_types
import time:      1245 |       1245 |               pydantic._internal._validators
import time:      6658 |       6658 |               pydantic.types
import time:      4004 |      21732 |             pydantic.fields
import time:       759 |        759 |                     importlib._abc
import time:       232 |        990 |                   importlib.util
import time:       792 |        792 |                     zipfile._path.glob
import time:      1101 |       1893 |                   zipfile._path
import time:      1785 |       4667 |                 zipfile
import time:       875 |        875 |                 importlib.metadata._meta
import time:      1514 |       1514 |                 importlib.metadata._collections
import time:       729 |        729 |                 importlib.metadata._functools
import time:       549 |        549 |                 importlib.metadata._itertools
import time:      1010 |       1010 |                       importlib.resources.abc
import time:      1403 |       2413 |                     importlib.resources._common
import time:       868 |        868 |                     importlib.resources._functional
import time:       686 |       3966 |                   importlib.resources
import time:      1003 |       4969 |                 importlib.abc
import time:      2702 |      16002 |               importlib.metadata
import time:      1280 |      17281 |             pydantic.plugin._loader
import time:     45424 |     182927 |           fastapi.exceptions
import time:      2770 |       2770 |             fastapi.openapi
import time:      1505 |       1505 |                 fastapi.types
import time:      1550 |       1550 |                   shlex
import time:      1493 |       1493 |                   starlette.concurrency
import time:      1718 |       1718 |                   starlette.types
import time:      4115 |       8875 |                 starlette.datastructures
import time:      2552 |      12930 |               fastapi._compat.shared
import time:      1465 |       1465 |                 fastapi.openapi.constants
import time:      6165 |       7630 |               fastapi._compat.v2
import time:      1859 |      22418 |             fastapi._compat
import time:      1597 |       1597 |             fastapi.logger
import time:       400 |        400 |             email_validator
import time:    161134 |     188317 |           fastapi.openapi.models
import time:      1250 |       1250 |           fastapi.datastructures
import time:      3021 |     375513 |         fastapi.params
import time:       937 |        937 |           fastapi.dependencies
import time:       679 |        679 |                 fastapi.security.base
import time:      2089 |       2089 |                   http.cookies
import time:      1254 |       1254 |                   starlette._utils
import time:      1228 |       1228 |                           python_multipart.exceptions
import time:      1136 |       2364 |                         python_multipart.decoders
import time:      2361 |       4725 |                       python_multipart.multipart
import time:      1217 |       5941 |                     python_multipart
import time:      2579 |       8520 |                   starlette.formparsers
import time:      1237 |      13099 |                 starlette.requests
import time:      1188 |      14965 |               fastapi.security.api_key
import time:      1321 |       1321 |                 fastapi.security.utils
import time:      3505 |       4826 |               fastapi.security.http
import time:      3275 |       3275 |                 fastapi.param_functions
import time:      2689 |       5964 |               fastapi.security.oauth2
import time:      1787 |       1787 |               fastapi.security.open_id_connect_url
import time:       878 |      28417 |             fastapi.security
import time:        54 |      28471 |           fastapi.security.base
import time:      3667 |      33074 |         fastapi.dependencies.models
import time:      1495 |       1495 |             starlette.background
import time:      1663 |       3158 |           fastapi.background
import time:      2285 |       2285 |           fastapi.concurrency
import time:      1923 |       1923 |           fastapi.utils
import time:      6091 |       6091 |               _hashlib
import time:       158 |        158 |               _blake2
import time:      1639 |       7886 |             hashlib
import time:      1856 |       1856 |             mimetypes
import time:      1684 |       1684 |               hmac
import time:      1468 |       3151 |             secrets
import time:      2134 |      15027 |           starlette.responses
import time:      2339 |       2339 |           starlette.websockets
import time:      4139 |      28868 |         fastapi.dependencies.utils
import time:      1399 |       1399 |             colorsys
import time:      2429 |       3827 |           pydantic.color
import time:       324 |        324 |             pydantic_extra_types
import time:        50 |        373 |           pydantic_extra_types.color
import time:      2098 |       6298 |         fastapi.encoders
import time:      4123 |       4123 |         fastapi.sse
import time:      1522 |       1522 |           starlette._exception_handler
import time:      2074 |       2074 |           starlette.convertors
import time:      1874 |       1874 |           starlette.middleware
import time:      2117 |       2117 |           starlette.middleware.body_limit
import time:      4015 |      11599 |         starlette.routing
import time:      2687 |       2687 |         starlette.staticfiles
import time:     11577 |     550514 |       fastapi.routing
import time:       834 |        834 |         fastapi.websockets
import time:      1162 |       1995 |       fastapi.exception_handlers
import time:      1048 |       1048 |         fastapi.middleware
import time:      1354 |       2401 |       fastapi.middleware.asyncexitstack
import time:      1239 |       1239 |       fastapi.openapi.docs
import time:      2107 |       2107 |             email.feedparser
import time:      1016 |       3123 |           email.parser
import time:      1978 |       5101 |         http.client
import time:      1543 |       1543 |           orjson.orjson
import time:      3919 |       5462 |         fastapi.responses
import time:      2513 |      13075 |       fastapi.openapi.utils
import time:      3207 |       3207 |             html.entities
import time:      3118 |       6325 |           html
import time:      3301 |       9625 |         starlette.middleware.errors
import time:      1958 |       1958 |         starlette.middleware.exceptions
import time:      2084 |      13666 |       starlette.applications
import time:      2129 |       2129 |       starlette.middleware.base
import time:      5295 |     595961 |     fastapi.applications
import time:      2358 |       2358 |     fastapi.requests
import time:      1258 |     604193 |   fastapi
import time:      1945 |       1945 |     starlette.middleware.cors
import time:      2055 |       4000 |   fastapi.middleware.cors
import time:      4531 |       4531 |         dotenv.parser
import time:      2119 |       2119 |         dotenv.variables
import time:      2668 |       9317 |       dotenv.main
import time:      1863 |      11180 |     dotenv
import time:      1803 |       1803 |       pydantic_settings.exceptions
import time:      2810 |       2810 |           gettext
import time:      8907 |      11717 |         argparse
import time:      1920 |       1920 |           pydantic._internal._dataclasses
import time:      2298 |       4218 |         pydantic.dataclasses
import time:      2192 |       2192 |             pydantic_settings.utils
import time:      2418 |       2418 |             pydantic_settings.sources.types
import time:      5106 |       5106 |             pydantic_settings.sources.utils
import time:      3347 |      13060 |           pydantic_settings.sources.base
import time:      2320 |       2320 |                 pydantic_settings.sources.providers.env
import time:      2990 |       5310 |               pydantic_settings.sources.providers.aws
import time:      1845 |       1845 |                 pydantic.alias_generators
import time:      2170 |       4015 |               pydantic_settings.sources.providers.azure
import time:      6423 |       6423 |               pydantic_settings.sources.providers.cli
import time:      3068 |       3068 |               pydantic_settings.sources.providers.dotenv
import time:      2677 |       2677 |               pydantic_settings.sources.providers.gcp
import time:      1446 |       1446 |               pydantic_settings.sources.providers.json
import time:      1694 |       1694 |                 pydantic_settings.sources.providers.toml
import time:      1594 |       3287 |               pydantic_settings.sources.providers.pyproject
import time:      1636 |       1636 |               pydantic_settings.sources.providers.secrets
import time:      1632 |       1632 |               pydantic_settings.sources.providers.yaml
import time:      1938 |      31428 |             pydantic_settings.sources.providers
import time:        71 |      31498 |           pydantic_settings.sources.providers.aws
import time:      1886 |       1886 |           pydantic_settings.sources.providers.nested_secrets
import time:      1911 |      48354 |         pydantic_settings.sources
import time:      4807 |      69094 |       pydantic_settings.main
import time:      2149 |       2149 |       pydantic_settings.version
import time:      2013 |      75058 |     pydantic_settings
import time:      1468 |       1468 |           _compat_pickle
import time:       260 |        260 |           _pickle
import time:      3085 |       4812 |         pickle
import time:      1625 |       1625 |           _queue
import time:      2040 |       3665 |         queue
import time:      2442 |      10918 |       logging.handlers
import time:      1343 |       1343 |             importlib.metadata._text
import time:      1197 |       2540 |           importlib.metadata._adapters
import time:      3917 |       6457 |         portalocker.__about__
import time:      2469 |       2469 |         portalocker.constants
import time:      1850 |       1850 |           portalocker.types
import time:      1388 |       3237 |         portalocker.exceptions
import time:      1326 |       1326 |         portalocker.portalocker
import time:      3188 |       3188 |         portalocker.utils
import time:       189 |        189 |             redis
import time:        37 |        226 |           redis.client
import time:       890 |       1116 |         portalocker.redis
import time:      1721 |      19511 |       portalocker
import time:       142 |        142 |       grp
import time:       849 |        849 |       gzip
import time:      2468 |      33886 |     concurrent_log_handler
import time:     24104 |     144227 |   config
import time:      1248 |       1248 |     services
import time:       906 |        906 |       pkgutil
import time:      2072 |       2072 |       pymilvus.client
import time:       269 |        269 |                 google
import time:      1098 |       1366 |               google.protobuf
import time:       966 |        966 |                 google.protobuf.internal
import time:       121 |        121 |                   google.protobuf.internal._api_implementation
import time:      1234 |       1234 |                   google.protobuf.message
import time:       926 |        926 |                   google.protobuf.internal.enum_type_wrapper
import time:        69 |         69 |                   google.protobuf.enable_deterministic_proto_serialization
import time:      2658 |       5006 |                 google.protobuf.internal.api_implementation
import time:      1481 |       7452 |               google.protobuf.descriptor
import time:       961 |        961 |                 google.protobuf.descriptor_database
import time:      1052 |       1052 |                 google.protobuf.text_encoding
import time:       868 |        868 |                 google.protobuf.internal.python_edition_defaults
import time:       714 |        714 |                     encodings.raw_unicode_escape
import time:       731 |        731 |                     encodings.unicode_escape
import time:      2370 |       2370 |                       google.protobuf.internal.containers
import time:      1045 |       1045 |                         google.protobuf.internal.wire_format
import time:      2429 |       3473 |                       google.protobuf.internal.encoder
import time:      1113 |       6956 |                     google.protobuf.internal.decoder
import time:      1195 |       1195 |                     google.protobuf.internal.type_checkers
import time:       840 |        840 |                     google.protobuf.unknown_fields
import time:      2131 |      12564 |                   google.protobuf.text_format
import time:       887 |        887 |                   google.protobuf.internal.extension_dict
import time:       843 |        843 |                   google.protobuf.internal.message_listener
import time:      1389 |       1389 |                     calendar
import time:      1025 |       1025 |                     google.protobuf.internal.field_mask
import time:      1145 |       3558 |                   google.protobuf.internal.well_known_types
import time:      1232 |      19082 |                 google.protobuf.internal.python_message
import time:      1171 |      23132 |               google.protobuf.descriptor_pool
import time:      1027 |       1027 |               google.protobuf.runtime_version
import time:       801 |        801 |                   google.protobuf.pyext
import time:      1677 |       1677 |                   google.protobuf.pyext.cpp_message
import time:       786 |       3263 |                 google.protobuf.message_factory
import time:       848 |       4111 |               google.protobuf.symbol_database
import time:       749 |        749 |                 google.protobuf.reflection
import time:       836 |       1585 |               google.protobuf.internal.builder
import time:      2469 |       2469 |                 google.protobuf.descriptor_pb2
import time:      1802 |       4271 |               pymilvus.grpc_gen.common_pb2
import time:      1899 |      44839 |             pymilvus.grpc_gen.schema_pb2
import time:       936 |        936 |               pymilvus.grpc_gen.rg_pb2
import time:      1069 |       1069 |               pymilvus.grpc_gen.feder_pb2
import time:      1181 |       1181 |               pymilvus.grpc_gen.msg_pb2
import time:      7178 |      10362 |             pymilvus.grpc_gen.milvus_pb2
import time:       994 |        994 |                   grpc._cython
import time:      2416 |       2416 |                       grpc._typing
import time:      2554 |       4969 |                     grpc._observability
import time:     11102 |      16071 |                   grpc._cython.cygrpc
import time:      1326 |      18390 |                 grpc._compression
import time:      1152 |       1152 |                 grpc._runtime_protos
import time:       929 |        929 |                 grpc._grpcio_metadata
import time:       244 |        244 |                 grpc_tools
import time:       178 |        178 |                 grpc_health
import time:       152 |        152 |                 grpc_reflection
import time:      1070 |       1070 |                     grpc.aio._metadata
import time:       931 |        931 |                     grpc.aio._typing
import time:      1513 |       3513 |                   grpc.aio._base_call
import time:      1780 |       1780 |                   grpc.aio._base_channel
import time:      1794 |       1794 |                   grpc.aio._base_server
import time:      1236 |       1236 |                     grpc._common
import time:      2087 |       3323 |                   grpc.aio._call
import time:       915 |        915 |                       grpc.aio._utils
import time:      1851 |       2766 |                     grpc.aio._interceptor
import time:      1515 |       4281 |                   grpc.aio._channel
import time:      1382 |       1382 |                   grpc.aio._server
import time:      1289 |      17358 |                 grpc.aio
import time:      3142 |      41542 |               grpc
import time:      1471 |       1471 |               grpc._utilities
import time:      2399 |      45411 |             pymilvus.grpc_gen.milvus_pb2_grpc
import time:       941 |     101552 |           pymilvus.grpc_gen
import time:      1542 |     103093 |         pymilvus.exceptions
import time:      1879 |       1879 |             socketserver
import time:      2330 |       4208 |           logging.config
import time:     11507 |      15714 |         pymilvus.settings
import time:      2007 |       2007 |               dateutil._version
import time:      2454 |       4460 |             dateutil
import time:      3620 |       3620 |               six
import time:      1352 |       1352 |               dateutil._common
import time:       102 |        102 |                 six.moves
import time:      1839 |       1839 |                 dateutil.tz._common
import time:      1323 |       1323 |                 dateutil.tz._factories
import time:      3024 |       3024 |                     _ctypes
import time:      1387 |       1387 |                     ctypes._endian
import time:      2191 |       6602 |                   ctypes
import time:      1735 |       1735 |                   ctypes.wintypes
import time:      1922 |      10258 |                 dateutil.tz.win
import time:      2640 |      16159 |               dateutil.tz.tz
import time:      5741 |      26871 |             dateutil.parser._parser
import time:      2189 |       2189 |             dateutil.parser.isoparser
import time:      1849 |      35367 |           dateutil.parser
import time:      1254 |       1254 |           pymilvus.client.constants
import time:      1386 |       1386 |               numpy.version
import time:      1182 |       1182 |               numpy._expired_attrs_2_0
import time:      1242 |       1242 |                   numpy._utils._conversions
import time:      1144 |       2386 |                 numpy._utils
import time:      1145 |       3530 |               numpy._globals
import time:        93 |         93 |                 numpy._distributor_init_local
import time:      1144 |       1237 |               numpy._distributor_init
import time:      1104 |       1104 |                         numpy.exceptions
import time:      1160 |       1160 |                         numpy._core._exceptions
import time:       796 |        796 |                         numpy._core.printoptions
import time:      1026 |       1026 |                         numpy.dtypes
import time:      8452 |      12537 |                       numpy._core._multiarray_umath
import time:       917 |        917 |                         numpy._utils._inspect
import time:      1269 |       2186 |                       numpy._core.overrides
import time:      2572 |      17295 |                     numpy._core.multiarray
import time:      1674 |       1674 |                     numpy._core.umath
import time:       980 |        980 |                       numpy._core._string_helpers
import time:      1117 |       1117 |                       numpy._core._type_aliases
import time:      1321 |       3417 |                     numpy._core.numerictypes
import time:      1065 |       1065 |                             numpy._core._methods
import time:      1676 |       2741 |                           numpy._core.fromnumeric
import time:      1052 |       3793 |                         numpy._core.shape_base
import time:       988 |        988 |                         numpy._core._ufunc_config
import time:      1466 |       1466 |                         numpy._core._asarray
import time:      1810 |       1810 |                         numpy._core.arrayprint
import time:      1956 |      10010 |                       numpy._core.numeric
import time:      1190 |      11200 |                     numpy._core.einsumfunc
import time:      1826 |       1826 |                     numpy._core.function_base
import time:      2119 |       2119 |                     numpy._core.getlimits
import time:      1172 |       1172 |                     numpy._core.memmap
import time:      1270 |       1270 |                     numpy._core.records
import time:      9329 |       9329 |                     numpy._core._add_newdocs
import time:      2836 |       2836 |                     numpy._core._add_newdocs_scalars
import time:      1567 |       1567 |                     numpy._core._dtype
import time:      1143 |       1143 |                     numpy._core._dtype_ctypes
import time:      1973 |       1973 |                     numpy._core._internal
import time:      1091 |       1091 |                     numpy._pytesttester
import time:      1913 |      59817 |                   numpy._core
import time:        51 |      59867 |                 numpy._core._multiarray_umath
import time:      1282 |      61149 |               numpy.__config__
import time:      1052 |       1052 |                                 numpy._typing._nbit_base
import time:      1160 |       1160 |                                 numpy._typing._nested_sequence
import time:       887 |        887 |                                 numpy._typing._shape
import time:      1449 |       4547 |                               numpy._typing._array_like
import time:      1293 |       1293 |                               numpy._typing._char_codes
import time:      1325 |       1325 |                               numpy._typing._dtype_like
import time:       908 |        908 |                               numpy._typing._nbit
import time:       953 |        953 |                               numpy._typing._scalars
import time:      1070 |       1070 |                               numpy._typing._ufunc
import time:      1259 |      11352 |                             numpy._typing
import time:      1110 |       1110 |                                 numpy.lib._array_utils_impl
import time:      1741 |       2851 |                               numpy.lib._stride_tricks_impl
import time:      1915 |       4766 |                             numpy.lib._twodim_base_impl
import time:       986 |        986 |                             numpy.lib.array_utils
import time:       988 |        988 |                             numpy.linalg._umath_linalg
import time:      2605 |      20695 |                           numpy.linalg._linalg
import time:      1153 |      21847 |                         numpy.linalg
import time:      1487 |      23334 |                       numpy.matrixlib.defmatrix
import time:      1665 |      24999 |                     numpy.matrixlib
import time:      1074 |       1074 |                       numpy.lib._histograms_impl
import time:      2080 |       3153 |                     numpy.lib._function_base_impl
import time:      1433 |      29584 |                   numpy.lib._index_tricks_impl
import time:      1348 |      30932 |                 numpy.lib._arraypad_impl
import time:      1611 |       1611 |                 numpy.lib._arraysetops_impl
import time:       858 |        858 |                 numpy.lib._arrayterator_impl
import time:      1285 |       1285 |                 numpy.lib._nanfunctions_impl
import time:      2127 |       2127 |                           _wmi
import time:      1499 |       3626 |                         platform
import time:      1368 |       4993 |                       numpy.lib._utils_impl
import time:      1407 |       6400 |                     numpy.lib._format_impl
import time:      1110 |       7509 |                   numpy.lib.format
import time:      1131 |       1131 |                   numpy.lib._datasource
import time:      1115 |       1115 |                   numpy.lib._iotools
import time:      1429 |      11183 |                 numpy.lib._npyio_impl
import time:      1290 |       1290 |                     numpy.lib._ufunclike_impl
import time:      1222 |       2512 |                   numpy.lib._type_check_impl
import time:      1374 |       3885 |                 numpy.lib._polynomial_impl
import time:      1321 |       1321 |                 numpy.lib._shape_base_impl
import time:      1014 |       1014 |                 numpy.lib._version
import time:      1206 |       1206 |                 numpy.lib.introspect
import time:      1033 |       1033 |                 numpy.lib.mixins
import time:       906 |        906 |                 numpy.lib.npyio
import time:       927 |        927 |                   numpy.lib._scimath_impl
import time:       873 |       1800 |                 numpy.lib.scimath
import time:       719 |        719 |                 numpy.lib.stride_tricks
import time:      1426 |      59174 |               numpy.lib
import time:       814 |        814 |               numpy._array_api_info
import time:      3560 |     132027 |             numpy
import time:      9902 |     141929 |           pymilvus.client.types
import time:      2254 |     180803 |         pymilvus.client.utils
import time:      6697 |       6697 |               pymilvus.client.type_info
import time:      1611 |       8308 |             pymilvus.client.field_data_extractors
import time:      1980 |      10287 |           pymilvus.client.entity_helper
import time:      2102 |       2102 |           pymilvus.client.search_aggregation
import time:      2258 |      14645 |         pymilvus.client.search_result
import time:      1709 |     315964 |       pymilvus.client.abstract
import time:      2223 |       2223 |       pymilvus.client.asynch
import time:      1841 |       1841 |       pymilvus.client.field_ops
import time:      5128 |       5128 |             pymilvus.function_chain.chain
import time:      2171 |       7299 |           pymilvus.function_chain.fn
import time:      2780 |      10079 |         pymilvus.function_chain
import time:      2354 |       2354 |           pymilvus.orm
import time:    438535 |     438535 |               pandas.compat._constants
import time:      1412 |       1412 |                   pandas.util
import time:      2945 |       4356 |                 pandas.util.version
import time:      1860 |       6216 |               pandas.compat.numpy
import time:      1873 |       1873 |                   pyarrow._generated_version
import time:       275 |        275 |                     cloudpickle
import time:        84 |         84 |                       gc
import time:      1277 |       1360 |                     pyarrow.util
import time:     17961 |      19596 |                   pyarrow.lib
import time:      1247 |       1247 |                   pyarrow.ipc
import time:      1706 |       1706 |                   pyarrow.types
import time:      1796 |      26216 |                 pyarrow
import time:      1212 |      27427 |               pandas.compat.pyarrow
import time:      3462 |     475638 |             pandas.compat
import time:      1121 |       1121 |                     numpy._typing._add_docstring
import time:       874 |       1995 |                   numpy.typing
import time:      2456 |       2456 |                         numpy.random._common
import time:      2821 |       5276 |                       numpy.random.bit_generator
import time:      3169 |       8444 |                     numpy.random._bounded_integers
import time:       869 |        869 |                         numpy.random._pcg64
import time:      2980 |       3848 |                       numpy.random._generator
import time:       807 |        807 |                       numpy.random._mt19937
import time:       781 |        781 |                       numpy.random._philox
import time:       707 |        707 |                       numpy.random._sfc64
import time:      3447 |       3447 |                       numpy.random.mtrand
import time:      1507 |      11095 |                     numpy.random._pickle
import time:      1983 |      21521 |                   numpy.random
import time:      3587 |      27103 |                 pandas._typing
import time:      2075 |       2075 |                 pandas.util._exceptions
import time:      2733 |      31910 |               pandas._config.config
import time:      2859 |       2859 |               pandas._config.dates
import time:      2338 |       2338 |               pandas._config.display
import time:      1219 |      38324 |             pandas._config
import time:      1391 |       1391 |               pandas.core
import time:      2114 |       2114 |                     pandas._libs.pandas_parser
import time:      1027 |       1027 |                     pandas._libs.pandas_datetime
import time:      1852 |       1852 |                                   pandas._libs._cyutility
import time:      1603 |       3455 |                                 pandas._libs.tslibs.ccalendar
import time:      1286 |       1286 |                                 pandas._libs.tslibs.np_datetime
import time:      2429 |       7169 |                               pandas._libs.tslibs.dtypes
import time:       943 |        943 |                                 pandas._libs.tslibs.base
import time:      2527 |       2527 |                                     pandas._libs.tslibs.nattype
import time:      1891 |       1891 |                                         zoneinfo._zoneinfo
import time:      2504 |       2504 |                                         pandas.compat._optional
import time:      4794 |       9188 |                                       pandas._libs.tslibs.timezones
import time:      1291 |       1291 |                                         pandas._libs.properties
import time:      1658 |       2949 |                                       pandas.util._decorators
import time:      2433 |       2433 |                                         _strptime
import time:      1377 |       1377 |                                         pandas._config.localization
import time:      1527 |       5337 |                                       pandas._libs.tslibs.fields
import time:      2387 |      19859 |                                     pandas._libs.tslibs.timedeltas
import time:      1573 |       1573 |                                     pandas._libs.tslibs.tzconversion
import time:      5413 |      29371 |                                   pandas._libs.tslibs.timestamps
import time:      1594 |       1594 |                                   dateutil.easter
import time:      7293 |      38258 |                                 pandas._libs.tslibs.offsets
import time:      2889 |       2889 |                                   pandas._libs.tslibs.strptime
import time:      2369 |       5258 |                                 pandas._libs.tslibs.parsing
import time:      1591 |      46048 |                               pandas._libs.tslibs.conversion
import time:      2357 |       2357 |                               pandas._libs.tslibs.period
import time:      1510 |       1510 |                               pandas._libs.tslibs.vectorized
import time:      1419 |      58501 |                             pandas._libs.tslibs
import time:        50 |      58551 |                           pandas._libs.tslibs.nattype
import time:      1299 |       1299 |                           pandas._libs.ops_dispatch
import time:      1784 |      61634 |                         pandas._libs.missing
import time:     10435 |      72068 |                       pandas._libs.hashtable
import time:      2853 |       2853 |                       pandas._libs.algos
import time:      3016 |      77935 |                     pandas._libs.interval
import time:      3196 |      84271 |                   pandas._libs
import time:        70 |      84340 |                 pandas._libs.tslibs
import time:      2595 |      86935 |               pandas.errors
import time:      2893 |      91219 |             pandas.core.config_init
import time:      1443 |       1443 |                 pandas.core.dtypes
import time:      3564 |       3564 |                 pandas._libs.lib
import time:      2421 |       2421 |                   pandas.core.dtypes.generic
import time:      2348 |       4768 |                 pandas.core.dtypes.base
import time:      1889 |       1889 |                 pandas.core.dtypes.inference
import time:      4261 |      15924 |               pandas.core.dtypes.dtypes
import time:      1636 |       1636 |                 pandas.core.dtypes.common
import time:      2048 |       3684 |               pandas.core.dtypes.missing
import time:      1053 |       1053 |                     pandas.io
import time:      1591 |       2643 |                   pandas.io._util
import time:      2150 |       4793 |                 pandas.core.dtypes.cast
import time:      1259 |       1259 |                   pandas.core.dtypes.astype
import time:      1541 |       2799 |                 pandas.core.dtypes.concat
import time:      1382 |       1382 |                   pandas.core.array_algos
import time:      9220 |       9220 |                       numpy.ma.core
import time:      4161 |       4161 |                       numpy.ma.extras
import time:      1690 |      15070 |                     numpy.ma
import time:      1868 |       1868 |                       pandas.core.col
import time:      2699 |       4567 |                     pandas.core.common
import time:      1570 |      21206 |                   pandas.core.construction
import time:      1316 |      23902 |                 pandas.core.array_algos.take
import time:      1450 |       1450 |                   pandas.core.indexers.utils
import time:       918 |       2368 |                 pandas.core.indexers
import time:      1571 |      35431 |               pandas.core.algorithms
import time:      8845 |       8845 |                       pyarrow._compute
import time:      1211 |       1211 |                       pyarrow._compute_docstrings
import time:       905 |        905 |                       pyarrow.vendored
import time:       782 |        782 |                             _pyrepl
import time:      1108 |       1890 |                           _pyrepl.pager
import time:      1991 |       3881 |                         pydoc
import time:      2110 |       5990 |                       pyarrow.vendored.docscrape
import time:     41100 |      58049 |                     pyarrow.compute
import time:      1323 |      59372 |                   pandas.core.arrays.arrow.accessors
import time:      1504 |       1504 |                     unicodedata
import time:      1402 |       1402 |                     pandas.core.missing
import time:      1141 |       1141 |                         pandas._libs.ops
import time:      1494 |       1494 |                         pandas.core.roperator
import time:      1684 |       1684 |                         pandas.core.computation
import time:      1473 |       1473 |                           pandas.core.computation.check
import time:      1781 |       3254 |                         pandas.core.computation.expressions
import time:      1284 |       1284 |                         pandas.core.ops.missing
import time:      1551 |       1551 |                         pandas.core.ops.dispatch
import time:      1543 |       1543 |                         pandas.core.ops.invalid
import time:      1872 |      13821 |                       pandas.core.ops.array_ops
import time:      1490 |       1490 |                       pandas.core.ops.common
import time:      1568 |       1568 |                       pandas.core.ops.docstrings
import time:      1476 |       1476 |                       pandas.core.ops.mask_ops
import time:      1234 |      19587 |                     pandas.core.ops
import time:      2263 |       2263 |                     pandas.core.arraylike
import time:      2680 |       2680 |                     pandas.core.arrays._arrow_string_mixins
import time:      1891 |       1891 |                     pandas.core.arrays._utils
import time:      2746 |       2746 |                         pandas.util._validators
import time:      3019 |       5764 |                       pandas.compat.numpy.function
import time:      2300 |       2300 |                       pandas.core.array_algos.quantile
import time:      3257 |       3257 |                       pandas.core.sorting
import time:      3598 |      14918 |                     pandas.core.arrays.base
import time:      3178 |       3178 |                       pandas.core.nanops
import time:      1660 |       1660 |                       pandas.core.array_algos.masked_accumulations
import time:      1375 |       1375 |                       pandas.core.array_algos.masked_reductions
import time:      1425 |       1425 |                       pandas.core.array_algos.transforms
import time:      1266 |       1266 |                         pandas.core.util
import time:      2779 |       2779 |                         pandas._libs.hashing
import time:      4583 |       8627 |                       pandas.core.util.hashing
import time:      3601 |      19864 |                     pandas.core.arrays.masked
import time:      1524 |       1524 |                       pandas._libs.arrays
import time:      2147 |       2147 |                         pandas.core.arrays.numeric
import time:      1644 |       3791 |                       pandas.core.arrays.floating
import time:      2040 |       2040 |                       pandas.core.arrays.integer
import time:      2797 |       2797 |                         pandas.core.arrays._mixins
import time:      1576 |       1576 |                           pandas.core.strings
import time:      2614 |       4190 |                         pandas.core.strings.object_array
import time:      3080 |      10065 |                       pandas.core.arrays.numpy_
import time:      1533 |       1533 |                       pandas.io.formats
import time:      1498 |       1498 |                         pandas.io.formats.console
import time:      2356 |       3854 |                       pandas.io.formats.printing
import time:      2512 |      25316 |                     pandas.core.arrays.string_
import time:      1528 |       1528 |                       pandas.tseries
import time:      2756 |       4284 |                     pandas.tseries.frequencies
import time:      3173 |      96877 |                   pandas.core.arrays.arrow.array
import time:      1250 |     157498 |                 pandas.core.arrays.arrow
import time:      1753 |       1753 |                 pandas.core.arrays.boolean
import time:       322 |        322 |                     _csv
import time:      1938 |       2260 |                   csv
import time:      1872 |       1872 |                   pandas.core.accessor
import time:      1990 |       1990 |                   pandas.core.base
import time:      5746 |      11866 |                 pandas.core.arrays.categorical
import time:      2134 |       2134 |                   pandas._libs.tslib
import time:      1413 |       1413 |                     pandas.core.array_algos.datetimelike_accumulations
import time:      2793 |       4205 |                   pandas.core.arrays.datetimelike
import time:      1253 |       1253 |                   pandas.core.arrays._ranges
import time:      1440 |       1440 |                   pandas.tseries.offsets
import time:      2951 |      11982 |                 pandas.core.arrays.datetimes
import time:      1943 |       1943 |                   pandas.core.arrays.timedeltas
import time:      2069 |       4011 |                 pandas.core.arrays.interval
import time:      2118 |       2118 |                 pandas.core.arrays.period
import time:      1510 |       1510 |                       pandas._libs.sparse
import time:      2194 |       3703 |                     pandas.core.arrays.sparse.array
import time:      1742 |       5445 |                   pandas.core.arrays.sparse.accessor
import time:      1394 |       6839 |                 pandas.core.arrays.sparse
import time:      1910 |       1910 |                 pandas.core.arrays.string_arrow
import time:      1073 |     199047 |               pandas.core.arrays
import time:      1339 |       1339 |               pandas.core.flags
import time:      1494 |       1494 |                     pandas._libs.internals
import time:      1225 |       1225 |                       pandas.core._numba
import time:       951 |        951 |                       pandas.core.util.numba_
import time:      1624 |       3798 |                     pandas.core._numba.executor
import time:      2088 |       7379 |                   pandas.core.apply
import time:      1261 |       1261 |                     pandas.errors.cow
import time:      1031 |       1031 |                         pandas._libs.indexing
import time:      1756 |       1756 |                           pandas.core.indexes
import time:      1776 |       1776 |                             pandas._libs.index
import time:      1043 |       1043 |                             pandas._libs.writers
import time:      1450 |       1450 |                             pandas._libs.join
import time:      1104 |       1104 |                             pandas.core.array_algos.putmask
import time:      1085 |       1085 |                             pandas.core.indexes.frozen
import time:      3019 |       3019 |                             pandas.core.strings.accessor
import time:      3673 |      13148 |                           pandas.core.indexes.base
import time:      1978 |       1978 |                             pandas.core.indexes.extension
import time:      2645 |       4623 |                           pandas.core.indexes.category
import time:      2530 |       2530 |                               pandas.core.indexes.range
import time:      2130 |       2130 |                                 pandas.core.tools
import time:      2555 |       4684 |                               pandas.core.tools.timedeltas
import time:      2358 |       9572 |                             pandas.core.indexes.datetimelike
import time:      2278 |       2278 |                             pandas.core.tools.times
import time:      2968 |      14817 |                           pandas.core.indexes.datetimes
import time:      3395 |       3395 |                             pandas.core.indexes.multi
import time:      2695 |       2695 |                             pandas.core.indexes.timedeltas
import time:      2910 |       8999 |                           pandas.core.indexes.interval
import time:      2511 |       2511 |                           pandas.core.indexes.period
import time:      2245 |      48096 |                         pandas.core.indexes.api
import time:      2714 |      51840 |                       pandas.core.indexing
import time:      1708 |       1708 |                       pandas.core.sample
import time:      1833 |       1833 |                       pandas.core.array_algos.replace
import time:      3090 |       3090 |                           pandas.core.internals.blocks
import time:      2026 |       5115 |                         pandas.core.internals.api
import time:      2481 |       2481 |                             pandas.core.internals.ops
import time:      2928 |       5409 |                           pandas.core.internals.managers
import time:      2224 |       7633 |                         pandas.core.internals.concat
import time:      1799 |      14546 |                       pandas.core.internals
import time:      2046 |       2046 |                         pandas.core.methods
import time:      1514 |       1514 |                           pandas.core.reshape
import time:      2206 |       3720 |                         pandas.core.reshape.concat
import time:       186 |        186 |                             mmap
import time:       391 |        391 |                               pwd
import time:       287 |        287 |                               grp
import time:      4364 |       5041 |                             tarfile
import time:      4451 |       9677 |                           pandas.io.common
import time:      3102 |      12779 |                         pandas.io.formats.format
import time:      2225 |      20768 |                       pandas.core.methods.describe
import time:      1391 |       1391 |                       pandas.core.shared_docs
import time:      1081 |       1081 |                             pandas._libs.window
import time:      1670 |       2750 |                           pandas._libs.window.aggregations
import time:      1089 |       1089 |                             pandas._libs.window.indexers
import time:      1206 |       2294 |                           pandas.core.indexers.objects
import time:      1126 |       1126 |                           pandas.core.window.common
import time:      1017 |       1017 |                           pandas.core.window.numba_
import time:       916 |        916 |                           pandas.core.window.online
import time:      1701 |       1701 |                           pandas.core.window.rolling
import time:      1970 |      11771 |                         pandas.core.window.ewm
import time:      1496 |       1496 |                         pandas.core.window.expanding
import time:      1243 |      14508 |                       pandas.core.window
import time:      2983 |     109574 |                     pandas.core.generic
import time:      1187 |       1187 |                     pandas.core.internals.construction
import time:      1313 |       1313 |                     pandas.core.methods.selectn
import time:      1366 |       1366 |                       pandas.core.tools.numeric
import time:      1529 |       2894 |                     pandas.core.reshape.melt
import time:      1362 |       1362 |                       pandas._libs.reshape
import time:      2295 |       2295 |                       pandas.core.indexes.accessors
import time:      1332 |       1332 |                         pandas.arrays
import time:      1993 |       3325 |                       pandas.core.tools.datetimes
import time:      1985 |       1985 |                       pandas.io.formats.info
import time:      2856 |       2856 |                         pandas.plotting._core
import time:      1141 |       1141 |                         pandas.plotting._misc
import time:      1664 |       5660 |                       pandas.plotting
import time:      4706 |      19331 |                     pandas.core.series
import time:      7674 |     143231 |                   pandas.core.frame
import time:      1986 |       1986 |                   pandas.core.groupby.base
import time:      2050 |       2050 |                     pandas._libs.groupby
import time:      1360 |       1360 |                     pandas.core.groupby.numba_
import time:       810 |        810 |                         pandas.core.groupby.categorical
import time:      1099 |       1908 |                       pandas.core.groupby.grouper
import time:      3316 |       5224 |                     pandas.core.groupby.ops
import time:       959 |        959 |                     pandas.core.groupby.indexing
import time:      2047 |      11639 |                   pandas.core.groupby.groupby
import time:      2775 |     167007 |                 pandas.core.groupby.generic
import time:      1085 |     168092 |               pandas.core.groupby
import time:      1766 |     425280 |             pandas.core.api
import time:       811 |        811 |             pandas.tseries.api
import time:       748 |        748 |                     pandas.core.computation.common
import time:       871 |       1619 |                   pandas.core.computation.align
import time:      1089 |       1089 |                       pprint
import time:      1055 |       2144 |                     pandas.core.computation.scope
import time:      1503 |       3647 |                   pandas.core.computation.ops
import time:       819 |       6084 |                 pandas.core.computation.engines
import time:       856 |        856 |                   pandas.core.computation.parsing
import time:      1910 |       2765 |                 pandas.core.computation.expr
import time:       816 |       9664 |               pandas.core.computation.eval
import time:       764 |      10428 |             pandas.core.computation.api
import time:       812 |        812 |               pandas.core.reshape.encoding
import time:      1333 |       1333 |               pandas.core.reshape.merge
import time:       959 |        959 |               pandas.core.reshape.pivot
import time:       804 |        804 |               pandas.core.reshape.tile
import time:       794 |       4700 |             pandas.core.reshape.api
import time:       852 |        852 |               pandas.api.executors
import time:      1042 |       1042 |               pandas.api.extensions
import time:       781 |        781 |               pandas.api.indexers
import time:      1727 |       1727 |                   pandas.core.interchange
import time:      2190 |       3917 |                 pandas.core.interchange.dataframe_protocol
import time:       889 |        889 |                   pandas.core.interchange.utils
import time:      1400 |       2289 |                 pandas.core.interchange.from_dataframe
import time:      1446 |       7651 |               pandas.api.interchange
import time:       666 |        666 |                 pandas.core.dtypes.api
import time:       744 |       1409 |               pandas.api.types
import time:      1394 |       1394 |                 pandas.core.resample
import time:       711 |        711 |                       pandas._libs.json
import time:       827 |        827 |                       pandas.io.json._normalize
import time:       884 |        884 |                       pandas.io.json._table_schema
import time:      1149 |       1149 |                             pandas._libs.parsers
import time:      1217 |       1217 |                               pandas.io.parsers.base_parser
import time:       937 |       2153 |                             pandas.io.parsers.arrow_parser_wrapper
import time:       920 |        920 |                             pandas.io.parsers.c_parser_wrapper
import time:      1181 |       1181 |                             pandas.io.parsers.python_parser
import time:      2103 |       7504 |                           pandas.io.parsers.readers
import time:       878 |       8382 |                         pandas.io.parsers
import time:        30 |       8412 |                       pandas.io.parsers.readers
import time:      1710 |      12542 |                     pandas.io.json._json
import time:       725 |      13267 |                   pandas.io.json
import time:        30 |      13296 |                 pandas.io.json._json
import time:      1019 |       1019 |                     pandas.io.sas.sasreader
import time:       809 |       1828 |                   pandas.io.sas
import time:        30 |       1857 |                 pandas.io.sas.sasreader
import time:      2238 |       2238 |                 pandas.io.stata
import time:       734 |      19517 |               pandas.api.typing
import time:       839 |      32089 |             pandas.api
import time:       797 |        797 |                 concurrent.futures.thread
import time:      1067 |       1067 |                 pandas._testing._io
import time:       939 |        939 |                 pandas._testing._warnings
import time:        89 |         89 |                     cmath
import time:       982 |       1071 |                   pandas._libs.testing
import time:      1926 |       2996 |                 pandas._testing.asserters
import time:       940 |        940 |                 pandas._testing.compat
import time:       881 |        881 |                 pandas._testing.contexts
import time:      1400 |       9018 |               pandas._testing
import time:       902 |       9919 |             pandas.testing
import time:       868 |        868 |             pandas.util._print_versions
import time:       725 |        725 |               pandas.io.clipboards
import time:       710 |        710 |                   pandas.io.excel._util
import time:      1435 |       1435 |                   pandas.io.excel._calamine
import time:      1006 |       1006 |                   pandas.io.excel._odfreader
import time:      1077 |       1077 |                   pandas.io.excel._openpyxl
import time:       816 |        816 |                   pandas.io.excel._pyxlsb
import time:       791 |        791 |                   pandas.io.excel._xlrd
import time:      1352 |       7184 |                 pandas.io.excel._base
import time:       925 |        925 |                 pandas.io.excel._odswriter
import time:      1067 |       1067 |                 pandas.io.excel._xlsxwriter
import time:       769 |       9944 |               pandas.io.excel
import time:       956 |        956 |               pandas.io.feather_format
import time:      1530 |       1530 |               pandas.io.html
import time:       810 |        810 |               pandas.io.iceberg
import time:       781 |        781 |               pandas.io.orc
import time:       903 |        903 |               pandas.io.parquet
import time:       714 |        714 |                 pandas.compat.pickle_compat
import time:       693 |       1407 |               pandas.io.pickle
import time:      1117 |       1117 |                 pandas.core.computation.pytables
import time:      2423 |       3540 |               pandas.io.pytables
import time:       759 |        759 |               pandas.io.spss
import time:      1446 |       1446 |               pandas.io.sql
import time:       920 |        920 |               pandas.io.xml
import time:       915 |      24630 |             pandas.io.api
import time:       718 |        718 |             pandas.util._tester
import time:       691 |        691 |             pandas._version_meson
import time:      2092 |    1117402 |           pandas
import time:      1023 |       1023 |           pymilvus.orm.constants
import time:      1059 |       1059 |           pymilvus.orm.types
import time:      2566 |    1124402 |         pymilvus.orm.schema
import time:       827 |        827 |         pymilvus.client.blob
import time:       701 |        701 |           pymilvus.client.singleton_utils
import time:       983 |       1684 |         pymilvus.client.check
import time:      3414 |    1140403 |       pymilvus.client.prepare
import time:      1003 |       1003 |       pymilvus.decorators
import time:      1774 |       1774 |                   urllib3.exceptions
import time:      1050 |       1050 |                           urllib3.util.timeout
import time:      1862 |       2912 |                         urllib3.util.connection
import time:       765 |        765 |                           urllib3.util.util
import time:       414 |        414 |                           brotlicffi
import time:       148 |        148 |                           brotli
import time:       125 |        125 |                           backports
import time:      1347 |       2797 |                         urllib3.util.request
import time:       836 |        836 |                         urllib3.util.response
import time:      1158 |       1158 |                         urllib3.util.retry
import time:      5717 |       5717 |                           urllib3.util.url
import time:      1212 |       1212 |                           urllib3.util.ssltransport
import time:      1010 |       7939 |                         urllib3.util.ssl_
import time:       914 |        914 |                         urllib3.util.wait
import time:       959 |      17512 |                       urllib3.util
import time:        44 |      17555 |                     urllib3.util.connection
import time:      1435 |      18990 |                   urllib3._base_connection
import time:      1214 |       1214 |                   urllib3._collections
import time:       717 |        717 |                   urllib3._version
import time:       785 |        785 |                         urllib3.fields
import time:       739 |       1524 |                       urllib3.filepost
import time:       349 |        349 |                         brotlicffi
import time:       285 |        285 |                         brotli
import time:       765 |        765 |                           urllib3.http2
import time:       863 |        863 |                           urllib3.http2.probe
import time:      1084 |       1084 |                           urllib3.util.ssl_match_hostname
import time:      1528 |       4239 |                         urllib3.connection
import time:       208 |        208 |                         backports
import time:      1543 |       6622 |                       urllib3.response
import time:       926 |       9071 |                     urllib3._request_methods
import time:       704 |        704 |                     urllib3.util.proxy
import time:       985 |      10759 |                   urllib3.connectionpool
import time:      1795 |       1795 |                   urllib3.poolmanager
import time:      1353 |      36599 |                 urllib3
import time:      3077 |       3077 |                           charset_normalizer.constant
import time:      1393 |       1393 |                           charset_normalizer.utils
import time:      1877 |       6346 |                         charset_normalizer.md
import time:      4150 |      10495 |                       charset_normalizer.cd
import time:      1230 |       1230 |                       charset_normalizer.models
import time:      1795 |      13519 |                     charset_normalizer.api
import time:       820 |        820 |                     charset_normalizer.legacy
import time:      1962 |       1962 |                     charset_normalizer.version
import time:       225 |        225 |                     simplejson
import time:       792 |        792 |                           urllib.response
import time:      1320 |       2112 |                         urllib.error
import time:       778 |        778 |                         nturl2path
import time:      2491 |       5380 |                       urllib.request
import time:      3302 |       8682 |                     http.cookiejar
import time:      2755 |      27960 |                   requests.compat
import time:      1435 |      29394 |                 requests.exceptions
import time:       220 |        220 |                 chardet
import time:       820 |        820 |                       idna.idnadata
import time:       788 |        788 |                       idna.intranges
import time:      2868 |       4475 |                     idna.core
import time:       919 |        919 |                     idna.package_data
import time:      1116 |       6509 |                   idna
import time:      1537 |       8046 |                 requests.packages
import time:       862 |        862 |                       certifi.core
import time:      1009 |       1870 |                     certifi
import time:       998 |       2867 |                   requests.certs
import time:       627 |        627 |                   requests.__version__
import time:       997 |        997 |                   requests._internal_utils
import time:       988 |        988 |                   requests._types
import time:       997 |        997 |                   requests.cookies
import time:       978 |        978 |                   requests.structures
import time:       974 |        974 |                   importlib.resources._adapters
import time:       617 |        617 |                       importlib.resources._itertools
import time:       787 |       1404 |                     importlib.resources.readers
import time:       588 |       1991 |                   importlib.readers
import time:      1563 |      11978 |                 requests.utils
import time:      1111 |       1111 |                       requests.auth
import time:       886 |        886 |                           stringprep
import time:       985 |       1871 |                         encodings.idna
import time:       835 |        835 |                         requests.hooks
import time:      1024 |       1024 |                         requests.status_codes
import time:      1782 |       5511 |                       requests.models
import time:       873 |        873 |                         urllib3.contrib
import time:       212 |        212 |                         socks
import time:      1047 |       2131 |                       urllib3.contrib.socks
import time:      1496 |      10248 |                     requests.adapters
import time:      1022 |      11269 |                   requests.sessions
import time:       870 |      12138 |                 requests.api
import time:      1598 |      99970 |               requests
import time:      1764 |     101733 |             pymilvus.client.global_topology
import time:      2391 |     104124 |           pymilvus.client.connection_manager
import time:      1182 |       1182 |               pymilvus.client.iterator.query_iterator
import time:      1191 |       1191 |               pymilvus.client.iterator.search_iterator
import time:       781 |       3153 |             pymilvus.client.iterator
import time:      1020 |       1020 |                 pymilvus.client.call_context
import time:       992 |        992 |                       cachetools.keys
import time:      4515 |       5506 |                     cachetools
import time:       951 |       6457 |                   pymilvus.client.cache
import time:       848 |       7305 |                 pymilvus.client.ts_utils
import time:      1146 |       1146 |                 pymilvus.client.async_interceptor
import time:      1052 |       1052 |                 pymilvus.client.embedding_list
import time:      3347 |      13868 |               pymilvus.client.async_grpc_handler
import time:      1755 |       1755 |                 pymilvus.client.interceptor
import time:      3865 |       5620 |               pymilvus.client.grpc_handler
import time:      1768 |      21255 |             pymilvus.orm.connections
import time:       935 |        935 |               pymilvus.orm.mutation
import time:      1064 |       1998 |             pymilvus.orm.future
import time:       920 |        920 |             pymilvus.orm.index
import time:      1112 |       1112 |             pymilvus.orm.partition
import time:      1400 |       1400 |             pymilvus.orm.prepare
import time:      3993 |       3993 |             pymilvus.orm.utility
import time:      2211 |      36039 |           pymilvus.orm.collection
import time:      4896 |       4896 |             pymilvus.milvus_client.optimize_task
import time:      1463 |       6359 |           pymilvus.milvus_client.async_optimize_task
import time:      1195 |       1195 |             pymilvus.milvus_client.check
import time:      1439 |       1439 |             pymilvus.milvus_client.index
import time:      2741 |       5374 |           pymilvus.milvus_client.base
import time:      2283 |     154176 |         pymilvus.milvus_client.async_milvus_client
import time:      1816 |       1816 |         pymilvus.milvus_client.milvus_client
import time:       793 |     156783 |       pymilvus.milvus_client
import time:      1194 |       1194 |       pymilvus.orm.db
import time:      1047 |       1047 |       pymilvus.orm.role
import time:      1738 |    1625170 |     pymilvus
import time:       218 |        218 |     pywintypes
import time:      5158 |    1631792 |   services.milvus_client
import time:      1519 |       1519 |   services.pdf_parser
import time:      1144 |       1144 |         psycopg2.errors
import time:      5882 |       7026 |       psycopg2._psycopg
import time:       882 |        882 |         psycopg2._json
import time:      1406 |       1406 |         psycopg2._range
import time:      1217 |       3505 |       psycopg2.extensions
import time:      1335 |      11865 |     psycopg2
import time:      1233 |       1233 |       psycopg2._ipaddress
import time:      2461 |       3694 |     psycopg2.extras
14:45:59 - INFO - 数据库 rag_system 已存在
14:45:59 - INFO - 成功连接到数据库: rag_system
import time:    451447 |     467005 |   services.database
import time:      1885 |       1885 |       bcrypt._bcrypt
import time:      1690 |       3575 |     bcrypt
import time:      3270 |       3270 |       jose.exceptions
import time:      2882 |       6152 |     jose
import time:      2360 |       2360 |                         cryptography.__about__
import time:      1893 |       4253 |                       cryptography
import time:      3074 |       7327 |                     cryptography.utils
import time:      2644 |       9971 |                   jose.utils
import time:      1737 |      11707 |                 jose.backends.base
import time:      2519 |       2519 |                 jose.constants
import time:      2228 |      16454 |               jose.backends.native
import time:      1133 |       1133 |                       cryptography.hazmat
import time:      2248 |       3381 |                     cryptography.hazmat.bindings
import time:      4937 |       4937 |                     _cffi_backend
import time:     10790 |      19107 |                   cryptography.hazmat.bindings._rust
import time:      1481 |      20587 |                 cryptography.exceptions
import time:      2075 |       2075 |                 cryptography.hazmat.backends
import time:      1736 |       1736 |                 cryptography.hazmat.primitives
import time:      3422 |       3422 |                 cryptography.hazmat.primitives.hashes
import time:      1560 |       1560 |                 cryptography.hazmat.primitives.hmac
import time:      2097 |       2097 |                   cryptography.hazmat.primitives._serialization
import time:      1459 |       1459 |                     cryptography.hazmat.primitives.asymmetric
import time:      2102 |       3561 |                   cryptography.hazmat.primitives.asymmetric.dh
import time:      1746 |       1746 |                   cryptography.hazmat.primitives.serialization.base
import time:      1745 |       1745 |                       cryptography.hazmat.primitives.asymmetric.utils
import time:      1401 |       3145 |                     cryptography.hazmat.primitives.asymmetric.dsa
import time:      1557 |       1557 |                       cryptography.hazmat._oid
import time:      1605 |       3162 |                     cryptography.hazmat.primitives.asymmetric.ec
import time:      1169 |       1169 |                     cryptography.hazmat.primitives.asymmetric.ed25519
import time:      1009 |       1009 |                       cryptography.hazmat.primitives._asymmetric
import time:      1629 |       1629 |                       cryptography.hazmat.primitives.asymmetric.rsa
import time:      1186 |       3823 |                     cryptography.hazmat.primitives.asymmetric.padding
import time:      1383 |       1383 |                       cryptography.hazmat.primitives._cipheralgorithm
import time:       915 |        915 |                               cryptography.hazmat.decrepit
import time:      1129 |       2043 |                             cryptography.hazmat.decrepit.ciphers
import time:       891 |        891 |                             cryptography.hazmat.primitives._modes
import time:      1237 |       4171 |                           cryptography.hazmat.decrepit.ciphers.modes
import time:       857 |        857 |                             cryptography.hazmat.decrepit.ciphers.algorithms
import time:       864 |       1720 |                           cryptography.hazmat.primitives.ciphers.algorithms
import time:      1062 |       6953 |                         cryptography.hazmat.primitives.ciphers.modes
import time:      2142 |       9095 |                       cryptography.hazmat.primitives.ciphers.base
import time:      1012 |      11488 |                     cryptography.hazmat.primitives.ciphers
import time:      2843 |      25628 |                   cryptography.hazmat.primitives.serialization.ssh
import time:      1692 |      34722 |                 cryptography.hazmat.primitives.serialization
import time:       944 |        944 |                 cryptography.hazmat.primitives.ciphers.aead
import time:       802 |        802 |                 cryptography.hazmat.primitives.keywrap
import time:       864 |        864 |                 cryptography.hazmat.primitives.padding
import time:      1094 |       1094 |                   cryptography.x509.certificate_transparency
import time:      1158 |       1158 |                   cryptography.x509.oid
import time:      8104 |       8104 |                       cryptography.x509.name
import time:      1092 |       9195 |                     cryptography.x509.general_name
import time:      1219 |      10414 |                   cryptography.x509.verification
import time:      1864 |       1864 |                     cryptography.hazmat.primitives.asymmetric.ed448
import time:      1425 |       1425 |                     cryptography.hazmat.primitives.asymmetric.mldsa
import time:      1054 |       1054 |                     cryptography.hazmat.primitives.asymmetric.mlkem
import time:       851 |        851 |                     cryptography.hazmat.primitives.asymmetric.x448
import time:       779 |        779 |                     cryptography.hazmat.primitives.asymmetric.x25519
import time:       861 |        861 |                     cryptography.hazmat.primitives.asymmetric.types
import time:       753 |        753 |                       cryptography.hazmat.primitives.constant_time
import time:      2796 |       3549 |                     cryptography.x509.extensions
import time:      2007 |      12387 |                   cryptography.x509.base
import time:       963 |      26013 |                 cryptography.x509
import time:      1863 |      94584 |               jose.backends.cryptography_backend
import time:      1495 |     112532 |             jose.backends
import time:        41 |     112573 |           jose.backends.base
import time:      1450 |     114022 |         jose.jwk
import time:      1777 |     115798 |       jose.jws
import time:      2730 |     118528 |     jose.jwt
import time:      2688 |     130941 |   services.auth
import time:      1161 |       1161 |   services.storage
import time:      3816 |       3816 |   services.bm25_client
import time:      1699 |       1699 |               pydantic.v1.typing
import time:      3103 |       4802 |             pydantic.v1.errors
import time:       366 |        366 |                 cython
import time:      1361 |       1727 |               pydantic.v1.version
import time:      3471 |       5198 |             pydantic.v1.utils
import time:      2320 |      12319 |           pydantic.v1.class_validators
import time:      2981 |       2981 |           pydantic.v1.config
import time:      2274 |       2274 |               pydantic.v1.color
import time:      3462 |       3462 |                   pydantic.v1.datetime_parse
import time:      2277 |       5739 |                 pydantic.v1.validators
import time:      3786 |       9525 |               pydantic.v1.networks
import time:      9993 |       9993 |               pydantic.v1.types
import time:      1981 |      23772 |             pydantic.v1.json
import time:      2342 |      26114 |           pydantic.v1.error_wrappers
import time:      3630 |       3630 |           pydantic.v1.fields
import time:      2652 |       2652 |             pydantic.v1.parse
import time:      3073 |       3073 |             pydantic.v1.schema
import time:      3790 |       9514 |           pydantic.v1.main
import time:      2400 |      56955 |         pydantic.v1.dataclasses
import time:      1679 |       1679 |         pydantic.v1.annotated_types
import time:      1817 |       1817 |         pydantic.v1.decorator
import time:      3173 |       3173 |         pydantic.v1.env_settings
import time:      2935 |       2935 |         pydantic.v1.tools
import time:      2901 |      69459 |       pydantic.v1
import time:     20083 |      89541 |     api.auth
import time:     17318 |      17318 |     api.knowledge_bases
import time:     17321 |      17321 |     api.documents
import time:     21918 |      21918 |     api.files
import time:      6772 |       6772 |       services.audit
import time:     53035 |      59806 |     api.processing
import time:      9764 |       9764 |       services.reranker
import time:     14636 |      24400 |     api.search
import time:      7558 |       7558 |     api.stats
import time:      1748 |       1748 |           langfuse.api
import time:       720 |        720 |             langfuse.api.core
import time:      1374 |       2094 |           langfuse.api.core.serialization
import time:       606 |        606 |               langfuse.api.core.datetime_utils
import time:      7355 |       7961 |             langfuse.api.core.pydantic_utilities
import time:       627 |        627 |               langfuse.api.core.enum
import time:      1495 |       2121 |             langfuse.api.commons.types.observation_level
import time:      3223 |       3223 |             langfuse.api.commons.types.usage
import time:      5783 |      19086 |           langfuse.api.commons.types.observation
import time:      1519 |       1519 |           langfuse.api.commons.types.deprecation
import time:      1066 |       1066 |             langfuse.api.commons.types.score_source
import time:     17670 |      18735 |           langfuse.api.commons.types.score_v1
import time:      3840 |       3840 |           langfuse.api.commons.types.trace
import time:      1148 |       1148 |               langfuse.api.commons.types.dataset_item_media_reference_field
import time:      2700 |       2700 |               langfuse.api.commons.types.dataset_item_media_reference_media
import time:      3035 |       6883 |             langfuse.api.commons.types.dataset_item_media_reference
import time:      1110 |       1110 |             langfuse.api.commons.types.dataset_status
import time:      1165 |       1165 |             langfuse.logger
import time:       458 |        458 |                   opentelemetry
import time:      1426 |       1883 |                 opentelemetry.util
import time:      1037 |       2919 |               opentelemetry.util.types
import time:     12569 |      15487 |             langfuse.types
import time:      9606 |      34250 |           langfuse.experiment
import time:     22045 |     103314 |         langfuse.batch_evaluation
import time:       694 |        694 |         langfuse._client
import time:       722 |        722 |               backoff._common
import time:       658 |        658 |               backoff._jitter
import time:       613 |        613 |               backoff._async
import time:       573 |        573 |               backoff._sync
import time:      1186 |       1186 |               backoff._typing
import time:      2500 |       6250 |             backoff._decorator
import time:      1169 |       1169 |             backoff._wait_gen
import time:      1052 |       8471 |           backoff
import time:      3185 |       3185 |             httpx.__version__
import time:      2816 |       2816 |                   httpx._exceptions
import time:      3459 |       3459 |                         httpx._types
import time:      1838 |       1838 |                         httpx._utils
import time:      2870 |       8166 |                       httpx._multipart
import time:      2533 |      10698 |                     httpx._content
import time:       580 |        580 |                       brotli
import time:       418 |        418 |                       brotlicffi
import time:      3728 |       3728 |                         zstandard.backend_c
import time:      2450 |       6178 |                       zstandard
import time:      2779 |       9954 |                     httpx._decoders
import time:      2805 |       2805 |                     httpx._status_codes
import time:      3841 |       3841 |                       httpx._urlparse
import time:      1963 |       5803 |                     httpx._urls
import time:      2866 |      32125 |                   httpx._models
import time:      2959 |      37899 |                 httpx._auth
import time:      1738 |       1738 |                 httpx._config
import time:      1581 |       1581 |                       httpx._transports.base
import time:      1953 |       3534 |                     httpx._transports.asgi
import time:      1973 |       1973 |                     httpx._transports.default
import time:      1937 |       1937 |                     httpx._transports.mock
import time:      1558 |       1558 |                     httpx._transports.wsgi
import time:      1469 |      10469 |                   httpx._transports
import time:        67 |      10535 |                 httpx._transports.base
import time:      4233 |      54403 |               httpx._client
import time:      2805 |      57208 |             httpx._api
import time:      1383 |       1383 |                       click._winconsole
import time:      1505 |       2888 |                     click._compat
import time:       783 |        783 |                       click.globals
import time:       925 |        925 |                       click.utils
import time:      1114 |       2821 |                     click.exceptions
import time:      3807 |       9515 |                   click.types
import time:      1064 |       1064 |                   click._utils
import time:      1176 |       1176 |                     click.parser
import time:       909 |       2085 |                   click.formatting
import time:      1100 |       1100 |                   click.termui
import time:      3324 |      17087 |                 click.core
import time:      1035 |       1035 |                 click.decorators
import time:      1873 |      19994 |               click
import time:      1115 |       1115 |                 pygments
import time:      3994 |       3994 |                 pygments.lexers._mapping
import time:      1171 |       1171 |                 pygments.modeline
import time:       809 |        809 |                 pygments.plugin
import time:      1851 |       1851 |                 pygments.util
import time:      1617 |      10553 |               pygments.lexers
import time:      1002 |       1002 |                   rich._extension
import time:      1187 |       2189 |                 rich
import time:       998 |        998 |                 rich._null_file
import time:       810 |        810 |                 rich.errors
import time:       979 |        979 |                             rich.color_triplet
import time:       900 |       1878 |                           rich.palette
import time:       765 |       2643 |                         rich._palettes
import time:      1175 |       1175 |                         rich.repr
import time:      1372 |       1372 |                         rich.terminal_theme
import time:      4832 |      10021 |                       rich.color
import time:      1778 |      11799 |                     rich.style
import time:      1662 |      13460 |                   rich.default_styles
import time:      2158 |       2158 |                   rich.theme
import time:       867 |      16484 |                 rich.themes
import time:      1512 |       1512 |                 rich._emoji_replace
import time:      2446 |       2446 |                 rich._export_format
import time:      1668 |       1668 |                 rich._fileno
import time:      1304 |       1304 |                     rich._loop
import time:      1032 |       1032 |                     rich._pick
import time:      1166 |       1166 |                           rich._unicode_data._versions
import time:      1275 |       2440 |                         rich._unicode_data
import time:      1858 |       4298 |                       rich.cells
import time:      1267 |       5564 |                     rich._wrap
import time:      3238 |       3238 |                           rich.segment
import time:      2218 |       5456 |                         rich.jupyter
import time:      1080 |       1080 |                           rich.protocol
import time:      2303 |       3382 |                         rich.measure
import time:      1229 |      10067 |                       rich.constrain
import time:      1362 |      11428 |                     rich.align
import time:      1531 |       1531 |                     rich.containers
import time:      1168 |       1168 |                     rich.control
import time:      4175 |       4175 |                     rich.emoji
import time:      3881 |      30079 |                   rich.text
import time:      1557 |      31635 |                 rich._log_render
import time:      4068 |       4068 |                 rich.highlighter
import time:      4576 |       4576 |                 rich.markup
import time:      1267 |       1267 |                 rich.pager
import time:       962 |        962 |                 rich.region
import time:       834 |        834 |                 rich.screen
import time:      1508 |       1508 |                 rich.styled
import time:      5938 |      76889 |               rich.console
import time:       963 |        963 |                 rich.filesize
import time:      1969 |       1969 |                     rich.ansi
import time:      2657 |       4626 |                   rich.file_proxy
import time:       933 |        933 |                   rich.live_render
import time:      1615 |       7173 |                 rich.live
import time:       927 |        927 |                 rich.progress_bar
import time:      1268 |       1268 |                   rich._spinners
import time:      1644 |       1644 |                     rich.box
import time:      1406 |       1406 |                     rich._ratio
import time:      1071 |       1071 |                     rich.padding
import time:      2722 |       6842 |                   rich.table
import time:       986 |       9096 |                 rich.spinner
import time:      3067 |      21224 |               rich.progress
import time:       881 |        881 |                   pygments.filter
import time:       958 |        958 |                     pygments.token
import time:      1198 |       2156 |                   pygments.filters
import time:       857 |        857 |                   pygments.regexopt
import time:      1263 |       5155 |                 pygments.lexer
import time:      1015 |       1015 |                 pygments.style
import time:      1288 |       1288 |                   pygments.styles._mapping
import time:       924 |       2211 |                 pygments.styles
import time:      2422 |      10802 |               rich.syntax
import time:      2792 |     142253 |             httpx._main
import time:      3006 |     205650 |           httpx
import time:      1043 |       1043 |             opentelemetry.context.context
import time:       637 |        637 |             opentelemetry.context.contextvars_context
import time:       714 |        714 |             opentelemetry.environment_variables
import time:       956 |       3348 |           opentelemetry.context
import time:      1037 |       1037 |             opentelemetry.attributes
import time:      1262 |       1262 |                 opentelemetry.trace.status
import time:      2534 |       3795 |               opentelemetry.trace.span
import time:      1128 |       4923 |             opentelemetry.trace.propagation
import time:      1294 |       1294 |             opentelemetry.util._decorator
import time:       991 |        991 |             opentelemetry.util._once
import time:       916 |        916 |             opentelemetry.util._providers
import time:      4720 |      13880 |           opentelemetry.trace
import time:      1982 |       1982 |             opentelemetry.sdk
import time:      2545 |       2545 |                   opentelemetry.metrics._internal.observation
import time:     10212 |      12756 |                 opentelemetry.metrics._internal.instrument
import time:      3920 |      16676 |               opentelemetry.metrics._internal
import time:      1273 |      17948 |             opentelemetry.metrics
import time:      1521 |       1521 |             opentelemetry.sdk.util
import time:      1101 |       1101 |             opentelemetry.sdk.environment_variables
import time:      1371 |       1371 |             opentelemetry.sdk.environment_variables._internal
import time:      1459 |       1459 |               opentelemetry.sdk.version
import time:      1614 |       1614 |                 opentelemetry.semconv
import time:      8177 |       9790 |               opentelemetry.semconv.resource
import time:       968 |        968 |               psutil
import time:      2929 |      15145 |             opentelemetry.sdk.resources
import time:      6805 |       6805 |             opentelemetry.sdk.trace.sampling
import time:      1048 |       1048 |                   opentelemetry.semconv._incubating
import time:      1647 |       2694 |                 opentelemetry.semconv._incubating.attributes
import time:      4126 |       6820 |               opentelemetry.semconv._incubating.attributes.otel_attributes
import time:       978 |        978 |                 opentelemetry.semconv._incubating.metrics
import time:      4494 |       5471 |               opentelemetry.semconv._incubating.metrics.otel_metrics
import time:      5262 |      17552 |             opentelemetry.sdk.trace._tracer_metrics
import time:      3278 |       3278 |             opentelemetry.sdk.trace.id_generator
import time:      3233 |       3233 |               opentelemetry.sdk.util.instrumentation
import time:      4219 |       7451 |             opentelemetry.sdk.util._configurator
import time:      3570 |       3570 |               opentelemetry.semconv.attributes
import time:      3228 |       6797 |             opentelemetry.semconv.attributes.exception_attributes
import time:     10645 |      91591 |           opentelemetry.sdk.trace
import time:      2685 |       2685 |                 opentelemetry.semconv.attributes.error_attributes
import time:      3976 |       6661 |               opentelemetry.sdk._shared_internal._processor_metrics
import time:      3697 |      10357 |             opentelemetry.sdk._shared_internal
import time:      4173 |      14530 |           opentelemetry.sdk.trace.export
import time:      5271 |       5271 |             packaging
import time:     11971 |      17241 |           packaging.version
import time:      1654 |       1654 |             langfuse._client.constants
import time:      2290 |       2290 |                       langfuse.api.prompts.types.chat_message_type
import time:      3106 |       5396 |                     langfuse.api.prompts.types.chat_message
import time:      1573 |       1573 |                       langfuse.api.prompts.types.placeholder_message_type
import time:      2107 |       3679 |                     langfuse.api.prompts.types.placeholder_message
import time:      2432 |      11506 |                   langfuse.api.prompts.types.chat_message_with_placeholders
import time:     50971 |      62477 |                 langfuse.model
import time:      1102 |      63578 |               langfuse._utils
import time:      5595 |       5595 |               langfuse.media
import time:      2089 |       2089 |                       langchain_core._import_utils
import time:      2615 |       4704 |                     langchain_core._api
import time:      1489 |       1489 |                     langchain_core._api.internal
import time:      2097 |       2097 |                     langchain_core.version
import time:      8092 |      16380 |                   langchain_core
import time:      3315 |       3315 |                       langchain_core.load.serializable
import time:      1852 |       5167 |                     langchain_core.load._validation
import time:      2195 |       2195 |                     langchain_core.load.mapping
import time:      3048 |      10409 |                   langchain_core.load.load
import time:      1712 |      28501 |                 langchain_core.load
import time:        97 |      28597 |               langchain_core.load.serializable
import time:      2381 |     100150 |             langfuse._utils.serializer
import time:      2852 |     104654 |           langfuse._client.attributes
import time:      1008 |       1008 |           langfuse._client.datasets
import time:      1400 |       1400 |           langfuse._client.environment_variables
import time:      2300 |       2300 |               opentelemetry.util.re
import time:      2615 |       4915 |             opentelemetry.baggage
import time:      3230 |       8144 |           langfuse._client.propagation
import time:       485 |        485 |                       opentelemetry.exporter
import time:      1021 |       1505 |                     opentelemetry.exporter.otlp
import time:       900 |       2405 |                   opentelemetry.exporter.otlp.proto
import time:      1609 |       1609 |                   opentelemetry.exporter.otlp.proto.http.version
import time:      2044 |       6057 |                 opentelemetry.exporter.otlp.proto.http
import time:      1172 |       1172 |                     opentelemetry.exporter.otlp.proto.common.version
import time:       774 |       1945 |                   opentelemetry.exporter.otlp.proto.common
import time:       767 |        767 |                   opentelemetry.semconv.attributes.server_attributes
import time:      2100 |       4812 |                 opentelemetry.exporter.otlp.proto.common._exporter_metrics
import time:       659 |        659 |                             opentelemetry.proto
import time:       954 |       1612 |                           opentelemetry.proto.common
import time:       821 |       2433 |                         opentelemetry.proto.common.v1
import time:      1222 |       3655 |                       opentelemetry.proto.common.v1.common_pb2
import time:       688 |        688 |                           opentelemetry.proto.resource
import time:      1677 |       2364 |                         opentelemetry.proto.resource.v1
import time:      2241 |       4605 |                       opentelemetry.proto.resource.v1.resource_pb2
import time:       919 |       9178 |                     opentelemetry.exporter.otlp.proto.common._internal
import time:       687 |        687 |                           opentelemetry.proto.collector
import time:       958 |       1645 |                         opentelemetry.proto.collector.trace
import time:       985 |       2630 |                       opentelemetry.proto.collector.trace.v1
import time:       636 |        636 |                         opentelemetry.proto.trace
import time:       841 |       1476 |                       opentelemetry.proto.trace.v1
import time:      1218 |       1218 |                       opentelemetry.proto.trace.v1.trace_pb2
import time:      1094 |       6417 |                     opentelemetry.proto.collector.trace.v1.trace_service_pb2
import time:      1566 |      17161 |                   opentelemetry.exporter.otlp.proto.common._internal.trace_encoder
import time:       764 |      17924 |                 opentelemetry.exporter.otlp.proto.common.trace_encoder
import time:       710 |        710 |                   opentelemetry.util._importlib_metadata
import time:       845 |       1554 |                 opentelemetry.exporter.otlp.proto.http._common
import time:       969 |        969 |                 opentelemetry.semconv.attributes.http_attributes
import time:      1354 |      32668 |               opentelemetry.exporter.otlp.proto.http.trace_exporter
import time:       589 |        589 |                   langfuse._task_manager
import time:      1397 |       1397 |                       langfuse.api.core.file
import time:      1158 |       1158 |                       langfuse.api.core.force_multipart
import time:      1261 |       1261 |                       langfuse.api.core.jsonable_encoder
import time:      1136 |       1136 |                       langfuse.api.core.query_encoder
import time:       848 |        848 |                       langfuse.api.core.remove_none_from_dict
import time:      1079 |       1079 |                       langfuse.api.core.request_options
import time:      3187 |      10062 |                     langfuse.api.core.http_client
import time:      1747 |      11809 |                   langfuse.api.core.client_wrapper
import time:       790 |        790 |                   langfuse._task_manager.media_upload_queue
import time:      5441 |      18628 |                 langfuse._task_manager.media_manager
import time:      1281 |      19908 |               langfuse._client.span_exporter
import time:       677 |        677 |               langfuse._client.span_filter
import time:       791 |        791 |               langfuse._client.utils
import time:      2341 |       2341 |               langfuse._version
import time:      1588 |      57971 |             langfuse._client.span_processor
import time:       705 |        705 |             langfuse._task_manager.media_upload_consumer
import time:       830 |        830 |                 langfuse._utils.request
import time:      7611 |       8441 |               langfuse._utils.parse_error
import time:      1901 |      10342 |             langfuse._task_manager.score_ingestion_consumer
import time:       722 |        722 |             langfuse._utils.environment
import time:      1075 |       1075 |             langfuse._utils.prompt_cache
import time:      2542 |      73355 |           langfuse._client.resource_manager
import time:      3852 |       3852 |           langfuse._client.span
import time:       788 |        788 |           langfuse._utils.json_path
import time:      2882 |       2882 |           langfuse.api.prompts.types.create_chat_prompt_type
import time:       944 |        944 |           langfuse.api.prompts.types.create_text_prompt_type
import time:      3308 |       3308 |           langfuse.api.commons.types.dataset_run_item
import time:       725 |        725 |                 langfuse.api.utils
import time:      1142 |       1866 |               langfuse.api.utils.pagination
import time:       959 |       2825 |             langfuse.api.utils.pagination.types
import time:      2442 |       5267 |           langfuse.api.utils.pagination.types.meta_response
import time:      1528 |       1528 |           langfuse.api.commons.types.create_score_value
import time:     38193 |     600025 |         langfuse._client.client
import time:      1091 |       1091 |         langfuse._client.get_client
import time:      2219 |       2219 |         langfuse._client.observe
import time:      1140 |       1140 |         langfuse.span_filter
import time:      1697 |     710177 |       langfuse
import time:     33775 |     743952 |     api.agent
import time:     23963 |      23963 |     api.evaluation
import time:      8098 |       8098 |       services.runtime_config
import time:     10031 |      18129 |     api.settings
import time:     14760 |      14760 |     api.audit
import time:      2126 |    1040788 |   api
import time:      8357 |    4165911 | app
