import time: self [us] | cumulative | imported package
import time:       329 |        329 | winreg
import time:       351 |        351 |   _io
import time:        56 |         56 |   marshal
import time:       376 |        376 |   nt
import time:      1252 |       2033 | _frozen_importlib_external
import time:      1189 |       1189 |   time
import time:       416 |       1604 | zipimport
import time:        78 |         78 |     _codecs
import time:       872 |        950 |   codecs
import time:      1874 |       1874 |   encodings.aliases
import time:      2667 |       5490 | encodings
import time:       843 |        843 | encodings.utf_8
import time:        80 |         80 |   _codecs_cn
import time:        69 |         69 |   _multibytecodec
import time:      1475 |       1623 | encodings.gbk
import time:       100 |        100 | _signal
import time:        48 |         48 |     _abc
import time:       225 |        273 |   abc
import time:       211 |        483 | io
import time:        91 |         91 |       _stat
import time:       134 |        224 |     stat
import time:      1195 |       1195 |     _collections_abc
import time:       108 |        108 |       genericpath
import time:       118 |        118 |       _winapi
import time:       328 |        553 |     ntpath
import time:       921 |       2892 |   os
import time:       147 |        147 |   _sitebuiltins
import time:        83 |         83 |   errno
import time:      1241 |       1241 |   encodings.utf_8_sig
import time:      3285 |       3285 |   _virtualenv
import time:      2243 |       2243 |   _distutils_hack
import time:       373 |        373 |   sitecustomize
import time:      5493 |      15755 | site
import time:      1873 |       1873 | linecache
import time:       316 |        316 |           itertools
import time:      1546 |       1546 |           keyword
import time:       368 |        368 |             _operator
import time:      2133 |       2501 |           operator
import time:      2290 |       2290 |           reprlib
import time:       205 |        205 |           _collections
import time:      2990 |       9845 |         collections
import time:       141 |        141 |         _functools
import time:      2403 |      12389 |       functools
import time:      1566 |       1566 |       types
import time:      3783 |      17737 |     enum
import time:      3891 |       3891 |     _uuid
import time:      2281 |      23907 |   uuid
import time:       672 |        672 |         posix
import time:       310 |        310 |         posix
import time:       364 |       1344 |       posixpath
import time:       196 |        196 |           _sre
import time:      1740 |       1740 |             re._constants
import time:      1642 |       3381 |           re._parser
import time:      1053 |       1053 |           re._casefix
import time:      1794 |       6423 |         re._compiler
import time:      2008 |       2008 |         copyreg
import time:      2213 |      10642 |       re
import time:      1310 |      13296 |     fnmatch
import time:       215 |        215 |     zlib
import time:      1659 |       1659 |       _compression
import time:      2341 |       2341 |       _bz2
import time:      1623 |       5623 |     bz2
import time:      1969 |       1969 |       _lzma
import time:      1784 |       3753 |     lzma
import time:      2262 |      25147 |   shutil
import time:      2852 |       2852 |         concurrent
import time:      2816 |       2816 |               textwrap
import time:      1461 |       1461 |               warnings
import time:      2615 |       2615 |               contextlib
import time:      2177 |       2177 |                 __future__
import time:      1489 |       3666 |               _colorize
import time:      2100 |      12656 |             traceback
import time:      1222 |       1222 |               _weakrefset
import time:      2394 |       3615 |             weakref
import time:        79 |         79 |               _string
import time:      1673 |       1752 |             string
import time:      1620 |       1620 |             threading
import time:       228 |        228 |             atexit
import time:      7841 |      27709 |           logging
import time:      3714 |      31423 |         concurrent.futures._base
import time:      2390 |      36664 |       concurrent.futures
import time:       168 |        168 |         _heapq
import time:      2446 |       2614 |       heapq
import time:      4568 |       4568 |         _socket
import time:       209 |        209 |           math
import time:      1201 |       1201 |           select
import time:      2849 |       4258 |         selectors
import time:      3373 |      12199 |       socket
import time:        97 |         97 |           _locale
import time:      1880 |       1976 |         locale
import time:       895 |        895 |         signal
import time:       200 |        200 |         fcntl
import time:        56 |         56 |         msvcrt
import time:      2944 |       6070 |       subprocess
import time:      6509 |       6509 |         _ssl
import time:       133 |        133 |             _struct
import time:      1555 |       1688 |           struct
import time:        89 |         89 |           binascii
import time:      1349 |       3125 |         base64
import time:      3522 |      13155 |       ssl
import time:       920 |        920 |       asyncio.constants
import time:      1407 |       1407 |             _ast
import time:      1578 |       2984 |           ast
import time:        72 |         72 |               _opcode
import time:       788 |        788 |               _opcode_metadata
import time:       970 |       1829 |             opcode
import time:      1810 |       3639 |           dis
import time:       890 |        890 |             importlib
import time:       129 |       1018 |           importlib.machinery
import time:       426 |        426 |             token
import time:        64 |         64 |             _tokenize
import time:      1551 |       2040 |           tokenize
import time:        91 |         91 |             _typing
import time:      4626 |       4716 |           typing
import time:      3076 |      17470 |         inspect
import time:       666 |      18136 |       asyncio.coroutines
import time:        69 |         69 |           _contextvars
import time:       760 |        828 |         contextvars
import time:       798 |        798 |         asyncio.format_helpers
import time:       653 |        653 |           asyncio.base_futures
import time:       740 |        740 |           asyncio.exceptions
import time:       642 |        642 |           asyncio.base_tasks
import time:      1258 |       3291 |         _asyncio
import time:      1527 |       6443 |       asyncio.events
import time:       832 |        832 |       asyncio.futures
import time:       673 |        673 |       asyncio.protocols
import time:       833 |        833 |         asyncio.transports
import time:       535 |        535 |         asyncio.log
import time:      1656 |       3023 |       asyncio.sslproto
import time:       565 |        565 |           asyncio.mixins
import time:      1161 |       1726 |         asyncio.locks
import time:       840 |        840 |           asyncio.queues
import time:       974 |        974 |           asyncio.timeouts
import time:      1031 |       2844 |         asyncio.tasks
import time:       695 |       5264 |       asyncio.staggered
import time:       642 |        642 |       asyncio.trsock
import time:      3170 |     109799 |     asyncio.base_events
import time:       980 |        980 |     asyncio.runners
import time:       858 |        858 |     asyncio.streams
import time:      1469 |       1469 |     asyncio.subprocess
import time:      1829 |       1829 |     asyncio.taskgroups
import time:      1076 |       1076 |     asyncio.threads
import time:      2204 |       2204 |       _overlapped
import time:      3768 |       3768 |       asyncio.base_subprocess
import time:      1410 |       1410 |       asyncio.proactor_events
import time:      1099 |       1099 |       asyncio.selector_events
import time:       705 |        705 |       asyncio.windows_utils
import time:      1618 |      10801 |     asyncio.windows_events
import time:      1797 |     128606 |   asyncio
import time:       950 |        950 |       glob
import time:      1150 |       2100 |     pathlib._abc
import time:       284 |        284 |       pwd
import time:       213 |        213 |       grp
import time:      1170 |       1667 |     pathlib._local
import time:       818 |       4584 |   pathlib
import time:       153 |        153 |     _datetime
import time:       771 |        924 |   datetime
import time:       915 |        915 |     starlette
import time:      1780 |       1780 |         http
import time:      1631 |       3410 |       starlette.exceptions
import time:      1128 |       4538 |     starlette.status
import time:      1149 |       1149 |         annotated_doc.main
import time:      1146 |       2295 |       annotated_doc
import time:      1661 |       1661 |         copy
import time:       794 |        794 |           email
import time:       670 |        670 |           quopri
import time:       712 |        712 |               urllib
import time:      2212 |       2212 |               ipaddress
import time:      1767 |       4690 |             urllib.parse
import time:       853 |        853 |             email._parseaddr
import time:      1000 |       6542 |           email.utils
import time:       939 |        939 |           email.errors
import time:       813 |        813 |               email.quoprimime
import time:       799 |        799 |               email.base64mime
import time:       585 |        585 |                 email.encoders
import time:       724 |       1308 |               email.charset
import time:      1118 |       4036 |             email.header
import time:       869 |       4905 |           email._policybase
import time:       815 |        815 |           email._encoded_words
import time:       700 |        700 |           email.iterators
import time:      1229 |      16591 |         email.message
import time:        71 |         71 |               _json
import time:       666 |        737 |             json.scanner
import time:       967 |       1704 |           json.decoder
import time:      1028 |       1028 |           json.encoder
import time:       715 |       3446 |         json
import time:      1208 |       1208 |         dataclasses
import time:       883 |        883 |             anyio._core
import time:      1466 |       2349 |           anyio._core._contextmanagers
import time:      1023 |       1023 |             anyio._core._exceptions
import time:      1116 |       1116 |               sniffio._version
import time:       895 |        895 |               sniffio._impl
import time:      1019 |       3028 |             sniffio
import time:       938 |       4989 |           anyio._core._eventloop
import time:       943 |        943 |             anyio.to_thread
import time:      1131 |       1131 |               anyio.abc._eventloop
import time:       739 |        739 |               anyio.abc._resources
import time:       744 |        744 |                 anyio._core._typedattr
import time:       892 |        892 |                   anyio.abc._tasks
import time:      1508 |       2400 |                 anyio.abc._streams
import time:      1083 |       4227 |               anyio.abc._sockets
import time:       848 |        848 |               anyio.abc._subprocesses
import time:       721 |        721 |               anyio.abc._testing
import time:      1714 |       1714 |                 anyio.lowlevel
import time:      1500 |       1500 |                 anyio._core._tasks
import time:       862 |        862 |                 anyio._core._testing
import time:      3692 |       7766 |               anyio._core._synchronization
import time:      2597 |       2597 |               anyio.from_thread
import time:       968 |      18995 |             anyio.abc
import time:      1996 |      21933 |           anyio._core._fileio
import time:       984 |        984 |           anyio._core._resources
import time:       986 |        986 |           anyio._core._signals
import time:      1092 |       1092 |               anyio.streams
import time:      2379 |       3471 |             anyio.streams.stapled
import time:      1987 |       1987 |             anyio.streams.tls
import time:      2065 |       7521 |           anyio._core._sockets
import time:      3785 |       3785 |             anyio.streams.memory
import time:      1151 |       4936 |           anyio._core._streams
import time:      1328 |       1328 |           anyio._core._subprocesses
import time:       128 |        128 |                   _bisect
import time:      1360 |       1488 |                 bisect
import time:        80 |         80 |                 _random
import time:      1946 |       3512 |               random
import time:      1333 |       4845 |             tempfile
import time:      2114 |       6959 |           anyio._core._tempfile
import time:      1331 |      53313 |         anyio
import time:      6340 |       6340 |                       typing_extensions
import time:      2339 |       2339 |                       pydantic_core._pydantic_core
import time:      1615 |       1615 |                             numbers
import time:      2671 |       4286 |                           _decimal
import time:      1375 |       5661 |                         decimal
import time:     18719 |      24379 |                       pydantic_core.core_schema
import time:      2289 |      35345 |                     pydantic_core
import time:      1245 |      36590 |                   pydantic.version
import time:      1518 |      38108 |                 pydantic.warnings
import time:      1650 |      39757 |               pydantic._migration
import time:      1557 |       1557 |                   typing_inspection
import time:      2987 |       2987 |                   typing_inspection.typing_objects
import time:      2787 |       7331 |                 typing_inspection.introspection
import time:      1115 |       1115 |                 pydantic._internal
import time:      1380 |       1380 |                     pydantic._internal._namespace_utils
import time:      1577 |       2956 |                   pydantic._internal._typing_extra
import time:      1406 |       4361 |                 pydantic._internal._repr
import time:      1960 |      14767 |               pydantic.errors
import time:      1638 |      56161 |             pydantic
import time:       964 |        964 |                 pydantic._internal._internal_dataclass
import time:      2235 |       3198 |               pydantic.aliases
import time:      2270 |       2270 |               pydantic.config
import time:      1276 |       6743 |             pydantic._internal._config
import time:      1085 |       1085 |               pydantic._internal._core_utils
import time:      1093 |       1093 |                 pydantic._internal._import_utils
import time:      2342 |       3434 |               pydantic._internal._utils
import time:      5922 |      10440 |             pydantic._internal._decorators
import time:      1611 |       1611 |                 pydantic._internal._forward_ref
import time:      1719 |       3329 |               pydantic._internal._generics
import time:      1213 |       1213 |               pydantic._internal._docs_extraction
import time:      2065 |       6607 |             pydantic._internal._fields
import time:      1487 |       1487 |                 pydantic.plugin
import time:      1259 |       2746 |               pydantic.plugin._schema_validator
import time:      1357 |       4102 |             pydantic._internal._mock_val_ser
import time:      2400 |       2400 |                 fractions
import time:      2661 |       2661 |                     sysconfig
import time:        74 |         74 |                     _sysconfig
import time:      2830 |       5563 |                   zoneinfo._tzpath
import time:      1276 |       1276 |                   zoneinfo._common
import time:      2124 |       2124 |                   _zoneinfo
import time:      1044 |      10005 |                 zoneinfo
import time:      1488 |       1488 |                 pydantic.annotated_handlers
import time:      7772 |       7772 |                 pydantic.functional_validators
import time:      1882 |       1882 |                   pydantic._internal._core_metadata
import time:      1637 |       1637 |                   pydantic._internal._schema_generation_shared
import time:      6282 |       9800 |                 pydantic.json_schema
import time:      2725 |       2725 |                 pydantic._internal._discriminated_union
import time:      4020 |       4020 |                 pydantic._internal._known_annotated_metadata
import time:      4895 |       4895 |                 pydantic._internal._schema_gather
import time:      3375 |      46477 |               pydantic._internal._generate_schema
import time:      2707 |       2707 |               pydantic._internal._signature
import time:      1493 |      50676 |             pydantic._internal._model_construction
import time:     19040 |      19040 |               annotated_types
import time:      1847 |       1847 |               pydantic._internal._validators
import time:     10712 |      10712 |               pydantic.types
import time:      5935 |      37533 |             pydantic.fields
import time:      1397 |       1397 |                     importlib._abc
import time:       357 |       1754 |                   importlib.util
import time:      1439 |       1439 |                     zipfile._path.glob
import time:      1946 |       3385 |                   zipfile._path
import time:      2311 |       7449 |                 zipfile
import time:      1565 |       1565 |                 importlib.metadata._meta
import time:      1496 |       1496 |                 importlib.metadata._collections
import time:      1013 |       1013 |                 importlib.metadata._functools
import time:       962 |        962 |                 importlib.metadata._itertools
import time:      1695 |       1695 |                       importlib.resources.abc
import time:      2815 |       4509 |                     importlib.resources._common
import time:      1258 |       1258 |                     importlib.resources._functional
import time:      1162 |       6929 |                   importlib.resources
import time:      1434 |       8363 |                 importlib.abc
import time:      2997 |      23841 |               importlib.metadata
import time:      1395 |      25236 |             pydantic.plugin._loader
import time:     27262 |     224756 |           fastapi.exceptions
import time:      1296 |       1296 |             fastapi.openapi
import time:      1287 |       1287 |                 fastapi.types
import time:      1535 |       1535 |                   shlex
import time:      1561 |       1561 |                   starlette.concurrency
import time:      1469 |       1469 |                   starlette.types
import time:      3901 |       8464 |                 starlette.datastructures
import time:      2168 |      11918 |               fastapi._compat.shared
import time:      1963 |       1963 |                 fastapi.openapi.constants
import time:      5569 |       7531 |               fastapi._compat.v2
import time:      2168 |      21617 |             fastapi._compat
import time:      1354 |       1354 |             fastapi.logger
import time:       311 |        311 |             email_validator
import time:    111405 |     135980 |           fastapi.openapi.models
import time:      3252 |       3252 |           fastapi.datastructures
import time:      4622 |     368610 |         fastapi.params
import time:      1336 |       1336 |           fastapi.dependencies
import time:      1227 |       1227 |                 fastapi.security.base
import time:      3497 |       3497 |                   http.cookies
import time:      1690 |       1690 |                   starlette._utils
import time:      1602 |       1602 |                           python_multipart.exceptions
import time:      1972 |       3574 |                         python_multipart.decoders
import time:      2441 |       6015 |                       python_multipart.multipart
import time:      1347 |       7361 |                     python_multipart
import time:      2171 |       9531 |                   starlette.formparsers
import time:      1667 |      16384 |                 starlette.requests
import time:      1627 |      19238 |               fastapi.security.api_key
import time:       804 |        804 |                 fastapi.security.utils
import time:      2628 |       3432 |               fastapi.security.http
import time:      2128 |       2128 |                 fastapi.param_functions
import time:      2219 |       4347 |               fastapi.security.oauth2
import time:      1101 |       1101 |               fastapi.security.open_id_connect_url
import time:      1378 |      29494 |             fastapi.security
import time:        50 |      29543 |           fastapi.security.base
import time:      3446 |      34325 |         fastapi.dependencies.models
import time:      1000 |       1000 |             starlette.background
import time:      1030 |       2030 |           fastapi.background
import time:      1387 |       1387 |           fastapi.concurrency
import time:      1156 |       1156 |           fastapi.utils
import time:      3334 |       3334 |               _hashlib
import time:        82 |         82 |               _blake2
import time:       932 |       4347 |             hashlib
import time:      1003 |       1003 |             mimetypes
import time:       704 |        704 |               hmac
import time:       723 |       1426 |             secrets
import time:      1260 |       8035 |           starlette.responses
import time:      1372 |       1372 |           starlette.websockets
import time:      2601 |      16578 |         fastapi.dependencies.utils
import time:       671 |        671 |             colorsys
import time:      1284 |       1955 |           pydantic.color
import time:       177 |        177 |             pydantic_extra_types
import time:        26 |        203 |           pydantic_extra_types.color
import time:      1568 |       3725 |         fastapi.encoders
import time:      2067 |       2067 |         fastapi.sse
import time:       909 |        909 |           starlette._exception_handler
import time:       972 |        972 |           starlette.convertors
import time:      1043 |       1043 |           starlette.middleware
import time:      2080 |       2080 |           starlette.middleware.body_limit
import time:      2003 |       7006 |         starlette.routing
import time:      1402 |       1402 |         starlette.staticfiles
import time:      9961 |     519887 |       fastapi.routing
import time:       752 |        752 |         fastapi.websockets
import time:       983 |       1735 |       fastapi.exception_handlers
import time:       848 |        848 |         fastapi.middleware
import time:      1002 |       1849 |       fastapi.middleware.asyncexitstack
import time:       930 |        930 |       fastapi.openapi.docs
import time:      1765 |       1765 |             email.feedparser
import time:      1295 |       3059 |           email.parser
import time:      1624 |       4683 |         http.client
import time:       920 |        920 |           orjson.orjson
import time:      2504 |       3424 |         fastapi.responses
import time:      1690 |       9796 |       fastapi.openapi.utils
import time:      1736 |       1736 |             html.entities
import time:      1045 |       2781 |           html
import time:      1067 |       3847 |         starlette.middleware.errors
import time:      1062 |       1062 |         starlette.middleware.exceptions
import time:      1137 |       6045 |       starlette.applications
import time:      1074 |       1074 |       starlette.middleware.base
import time:      2669 |     546276 |     fastapi.applications
import time:      2586 |       2586 |     fastapi.requests
import time:      1732 |     556045 |   fastapi
import time:      1272 |       1272 |     starlette.middleware.cors
import time:      1979 |       3251 |   fastapi.middleware.cors
import time:      2077 |       2077 |         dotenv.parser
import time:      1193 |       1193 |         dotenv.variables
import time:      1357 |       4627 |       dotenv.main
import time:       998 |       5625 |     dotenv
import time:       896 |        896 |       pydantic_settings.exceptions
import time:      1703 |       1703 |           gettext
import time:      6953 |       8655 |         argparse
import time:      1011 |       1011 |           pydantic._internal._dataclasses
import time:      1260 |       2270 |         pydantic.dataclasses
import time:       832 |        832 |             pydantic_settings.utils
import time:       980 |        980 |             pydantic_settings.sources.types
import time:      2328 |       2328 |             pydantic_settings.sources.utils
import time:      1250 |       5388 |           pydantic_settings.sources.base
import time:      1288 |       1288 |                 pydantic_settings.sources.providers.env
import time:      1896 |       3183 |               pydantic_settings.sources.providers.aws
import time:       885 |        885 |                 pydantic.alias_generators
import time:       956 |       1841 |               pydantic_settings.sources.providers.azure
import time:      3485 |       3485 |               pydantic_settings.sources.providers.cli
import time:      1068 |       1068 |               pydantic_settings.sources.providers.dotenv
import time:       915 |        915 |               pydantic_settings.sources.providers.gcp
import time:       770 |        770 |               pydantic_settings.sources.providers.json
import time:       726 |        726 |                 pydantic_settings.sources.providers.toml
import time:       780 |       1506 |               pydantic_settings.sources.providers.pyproject
import time:       748 |        748 |               pydantic_settings.sources.providers.secrets
import time:       757 |        757 |               pydantic_settings.sources.providers.yaml
import time:      1049 |      15319 |             pydantic_settings.sources.providers
import time:        36 |      15354 |           pydantic_settings.sources.providers.aws
import time:       902 |        902 |           pydantic_settings.sources.providers.nested_secrets
import time:      1099 |      22743 |         pydantic_settings.sources
import time:      1989 |      35656 |       pydantic_settings.main
import time:      1269 |       1269 |       pydantic_settings.version
import time:      1013 |      38833 |     pydantic_settings
import time:       799 |        799 |           _compat_pickle
import time:       146 |        146 |           _pickle
import time:      1765 |       2710 |         pickle
import time:      1062 |       1062 |           _queue
import time:       845 |       1907 |         queue
import time:      1459 |       6075 |       logging.handlers
import time:       570 |        570 |             importlib.metadata._text
import time:       639 |       1208 |           importlib.metadata._adapters
import time:      2072 |       3280 |         portalocker.__about__
import time:       900 |        900 |         portalocker.constants
import time:      1208 |       1208 |           portalocker.types
import time:       957 |       2165 |         portalocker.exceptions
import time:      1468 |       1468 |         portalocker.portalocker
import time:      3206 |       3206 |         portalocker.utils
import time:       220 |        220 |             redis
import time:        41 |        260 |           redis.client
import time:      1069 |       1329 |         portalocker.redis
import time:      1175 |      13519 |       portalocker
import time:       170 |        170 |       grp
import time:      1035 |       1035 |       gzip
import time:      1761 |      22557 |     concurrent_log_handler
import time:     26536 |      93550 |   config
import time:      1327 |       1327 |     services
import time:      1000 |       1000 |       pkgutil
import time:      1924 |       1924 |       pymilvus.client
import time:       424 |        424 |                 google
import time:      1283 |       1707 |               google.protobuf
import time:       895 |        895 |                 google.protobuf.internal
import time:        85 |         85 |                   google.protobuf.internal._api_implementation
import time:      1323 |       1323 |                   google.protobuf.message
import time:      1209 |       1209 |                   google.protobuf.internal.enum_type_wrapper
import time:       106 |        106 |                   google.protobuf.enable_deterministic_proto_serialization
import time:      2887 |       5608 |                 google.protobuf.internal.api_implementation
import time:      1798 |       8301 |               google.protobuf.descriptor
import time:      1353 |       1353 |                 google.protobuf.descriptor_database
import time:      1253 |       1253 |                 google.protobuf.text_encoding
import time:      1027 |       1027 |                 google.protobuf.internal.python_edition_defaults
import time:       780 |        780 |                     encodings.raw_unicode_escape
import time:       889 |        889 |                     encodings.unicode_escape
import time:      1685 |       1685 |                       google.protobuf.internal.containers
import time:      1114 |       1114 |                         google.protobuf.internal.wire_format
import time:      1775 |       2888 |                       google.protobuf.internal.encoder
import time:      1285 |       5858 |                     google.protobuf.internal.decoder
import time:      1075 |       1075 |                     google.protobuf.internal.type_checkers
import time:       761 |        761 |                     google.protobuf.unknown_fields
import time:      2283 |      11642 |                   google.protobuf.text_format
import time:       835 |        835 |                   google.protobuf.internal.extension_dict
import time:      1136 |       1136 |                   google.protobuf.internal.message_listener
import time:      1480 |       1480 |                     calendar
import time:       982 |        982 |                     google.protobuf.internal.field_mask
import time:      1289 |       3749 |                   google.protobuf.internal.well_known_types
import time:      1504 |      18865 |                 google.protobuf.internal.python_message
import time:      1553 |      24049 |               google.protobuf.descriptor_pool
import time:       948 |        948 |               google.protobuf.runtime_version
import time:       851 |        851 |                   google.protobuf.pyext
import time:      1002 |       1002 |                   google.protobuf.pyext.cpp_message
import time:       867 |       2719 |                 google.protobuf.message_factory
import time:       918 |       3637 |               google.protobuf.symbol_database
import time:      1596 |       1596 |                 google.protobuf.reflection
import time:       932 |       2528 |               google.protobuf.internal.builder
import time:      3357 |       3357 |                 google.protobuf.descriptor_pb2
import time:      2791 |       6148 |               pymilvus.grpc_gen.common_pb2
import time:      2835 |      50150 |             pymilvus.grpc_gen.schema_pb2
import time:      1790 |       1790 |               pymilvus.grpc_gen.rg_pb2
import time:      1671 |       1671 |               pymilvus.grpc_gen.feder_pb2
import time:      1877 |       1877 |               pymilvus.grpc_gen.msg_pb2
import time:     11575 |      16912 |             pymilvus.grpc_gen.milvus_pb2
import time:      1481 |       1481 |                   grpc._cython
import time:      2779 |       2779 |                       grpc._typing
import time:      2844 |       5622 |                     grpc._observability
import time:     15275 |      20897 |                   grpc._cython.cygrpc
import time:      1690 |      24067 |                 grpc._compression
import time:      1854 |       1854 |                 grpc._runtime_protos
import time:      1545 |       1545 |                 grpc._grpcio_metadata
import time:       357 |        357 |                 grpc_tools
import time:       303 |        303 |                 grpc_health
import time:       233 |        233 |                 grpc_reflection
import time:      2467 |       2467 |                     grpc.aio._metadata
import time:      1787 |       1787 |                     grpc.aio._typing
import time:      2345 |       6599 |                   grpc.aio._base_call
import time:      2390 |       2390 |                   grpc.aio._base_channel
import time:      2174 |       2174 |                   grpc.aio._base_server
import time:      2167 |       2167 |                     grpc._common
import time:      3128 |       5295 |                   grpc.aio._call
import time:      1328 |       1328 |                       grpc.aio._utils
import time:      2836 |       4164 |                     grpc.aio._interceptor
import time:      2528 |       6692 |                   grpc.aio._channel
import time:      2490 |       2490 |                   grpc.aio._server
import time:      2001 |      27639 |                 grpc.aio
import time:      4501 |      60495 |               grpc
import time:      2297 |       2297 |               grpc._utilities
import time:      3648 |      66439 |             pymilvus.grpc_gen.milvus_pb2_grpc
import time:      1068 |     134568 |           pymilvus.grpc_gen
import time:      1778 |     136346 |         pymilvus.exceptions
import time:      2244 |       2244 |             socketserver
import time:      3087 |       5330 |           logging.config
import time:     14875 |      20204 |         pymilvus.settings
import time:      1970 |       1970 |               dateutil._version
import time:      2104 |       4073 |             dateutil
import time:      3325 |       3325 |               six
import time:      1873 |       1873 |               dateutil._common
import time:       126 |        126 |                 six.moves
import time:      2336 |       2336 |                 dateutil.tz._common
import time:      2162 |       2162 |                 dateutil.tz._factories
import time:      3249 |       3249 |                     _ctypes
import time:      2417 |       2417 |                     ctypes._endian
import time:      2665 |       8330 |                   ctypes
import time:      2145 |       2145 |                   ctypes.wintypes
import time:      2055 |      12529 |                 dateutil.tz.win
import time:      3612 |      20763 |               dateutil.tz.tz
import time:      7900 |      33859 |             dateutil.parser._parser
import time:      1918 |       1918 |             dateutil.parser.isoparser
import time:      1726 |      41575 |           dateutil.parser
import time:      1685 |       1685 |           pymilvus.client.constants
import time:      2361 |       2361 |               numpy.version
import time:      1558 |       1558 |               numpy._expired_attrs_2_0
import time:      2226 |       2226 |                   numpy._utils._conversions
import time:      1588 |       3814 |                 numpy._utils
import time:      1752 |       5566 |               numpy._globals
import time:       131 |        131 |                 numpy._distributor_init_local
import time:      1503 |       1633 |               numpy._distributor_init
import time:      3634 |       3634 |                         numpy.exceptions
import time:      3642 |       3642 |                         numpy._core._exceptions
import time:      3707 |       3707 |                         numpy._core.printoptions
import time:      4337 |       4337 |                         numpy.dtypes
import time:     15374 |      30691 |                       numpy._core._multiarray_umath
import time:      3339 |       3339 |                         numpy._utils._inspect
import time:      4045 |       7384 |                       numpy._core.overrides
import time:      6325 |      44399 |                     numpy._core.multiarray
import time:      3682 |       3682 |                     numpy._core.umath
import time:      1920 |       1920 |                       numpy._core._string_helpers
import time:      2215 |       2215 |                       numpy._core._type_aliases
import time:      3660 |       7795 |                     numpy._core.numerictypes
import time:      1465 |       1465 |                             numpy._core._methods
import time:      4313 |       5777 |                           numpy._core.fromnumeric
import time:      4718 |      10495 |                         numpy._core.shape_base
import time:      1326 |       1326 |                         numpy._core._ufunc_config
import time:      1142 |       1142 |                         numpy._core._asarray
import time:      2347 |       2347 |                         numpy._core.arrayprint
import time:      5474 |      20781 |                       numpy._core.numeric
import time:      3250 |      24031 |                     numpy._core.einsumfunc
import time:      1130 |       1130 |                     numpy._core.function_base
import time:      1063 |       1063 |                     numpy._core.getlimits
import time:      1352 |       1352 |                     numpy._core.memmap
import time:      1222 |       1222 |                     numpy._core.records
import time:      6556 |       6556 |                     numpy._core._add_newdocs
import time:      1899 |       1899 |                     numpy._core._add_newdocs_scalars
import time:       917 |        917 |                     numpy._core._dtype
import time:       857 |        857 |                     numpy._core._dtype_ctypes
import time:      1612 |       1612 |                     numpy._core._internal
import time:       758 |        758 |                     numpy._pytesttester
import time:      2728 |      99994 |                   numpy._core
import time:        53 |     100047 |                 numpy._core._multiarray_umath
import time:      1635 |     101681 |               numpy.__config__
import time:      1165 |       1165 |                                 numpy._typing._nbit_base
import time:      1705 |       1705 |                                 numpy._typing._nested_sequence
import time:      2314 |       2314 |                                 numpy._typing._shape
import time:      1926 |       7110 |                               numpy._typing._array_like
import time:      3440 |       3440 |                               numpy._typing._char_codes
import time:      2173 |       2173 |                               numpy._typing._dtype_like
import time:      1591 |       1591 |                               numpy._typing._nbit
import time:      1067 |       1067 |                               numpy._typing._scalars
import time:      1163 |       1163 |                               numpy._typing._ufunc
import time:      1026 |      17567 |                             numpy._typing
import time:       732 |        732 |                                 numpy.lib._array_utils_impl
import time:      1088 |       1820 |                               numpy.lib._stride_tricks_impl
import time:      1124 |       2943 |                             numpy.lib._twodim_base_impl
import time:       807 |        807 |                             numpy.lib.array_utils
import time:       878 |        878 |                             numpy.linalg._umath_linalg
import time:      2275 |      24469 |                           numpy.linalg._linalg
import time:       833 |      25301 |                         numpy.linalg
import time:      1098 |      26399 |                       numpy.matrixlib.defmatrix
import time:       835 |      27234 |                     numpy.matrixlib
import time:      1495 |       1495 |                       numpy.lib._histograms_impl
import time:      2846 |       4341 |                     numpy.lib._function_base_impl
import time:      1771 |      33345 |                   numpy.lib._index_tricks_impl
import time:      1742 |      35087 |                 numpy.lib._arraypad_impl
import time:      1709 |       1709 |                 numpy.lib._arraysetops_impl
import time:      1065 |       1065 |                 numpy.lib._arrayterator_impl
import time:      1043 |       1043 |                 numpy.lib._nanfunctions_impl
import time:      1818 |       1818 |                           _wmi
import time:      1364 |       3182 |                         platform
import time:       895 |       4077 |                       numpy.lib._utils_impl
import time:      1071 |       5147 |                     numpy.lib._format_impl
import time:       822 |       5968 |                   numpy.lib.format
import time:      1206 |       1206 |                   numpy.lib._datasource
import time:      1213 |       1213 |                   numpy.lib._iotools
import time:      1327 |       9714 |                 numpy.lib._npyio_impl
import time:      1288 |       1288 |                     numpy.lib._ufunclike_impl
import time:      1058 |       2346 |                   numpy.lib._type_check_impl
import time:      1370 |       3716 |                 numpy.lib._polynomial_impl
import time:      1609 |       1609 |                 numpy.lib._shape_base_impl
import time:      1489 |       1489 |                 numpy.lib._version
import time:      1484 |       1484 |                 numpy.lib.introspect
import time:      1285 |       1285 |                 numpy.lib.mixins
import time:       852 |        852 |                 numpy.lib.npyio
import time:      3131 |       3131 |                   numpy.lib._scimath_impl
import time:       919 |       4050 |                 numpy.lib.scimath
import time:      1971 |       1971 |                 numpy.lib.stride_tricks
import time:      1912 |      66979 |               numpy.lib
import time:      3225 |       3225 |               numpy._array_api_info
import time:      4943 |     187942 |             numpy
import time:     14037 |     201978 |           pymilvus.client.types
import time:      2440 |     247677 |         pymilvus.client.utils
import time:      4772 |       4772 |               pymilvus.client.type_info
import time:      1376 |       6148 |             pymilvus.client.field_data_extractors
import time:      1421 |       7568 |           pymilvus.client.entity_helper
import time:      1463 |       1463 |           pymilvus.client.search_aggregation
import time:      1779 |      10808 |         pymilvus.client.search_result
import time:      1407 |     416440 |       pymilvus.client.abstract
import time:      1102 |       1102 |       pymilvus.client.asynch
import time:       997 |        997 |       pymilvus.client.field_ops
import time:      3098 |       3098 |             pymilvus.function_chain.chain
import time:       976 |       4074 |           pymilvus.function_chain.fn
import time:       957 |       5030 |         pymilvus.function_chain
import time:       834 |        834 |           pymilvus.orm
import time:    177012 |     177012 |               pandas.compat._constants
import time:      1646 |       1646 |                   pandas.util
import time:      5217 |       6862 |                 pandas.util.version
import time:      2329 |       9190 |               pandas.compat.numpy
import time:      1823 |       1823 |                   pyarrow._generated_version
import time:       450 |        450 |                     cloudpickle
import time:       149 |        149 |                       gc
import time:      1908 |       2056 |                     pyarrow.util
import time:     31152 |      33658 |                   pyarrow.lib
import time:      2269 |       2269 |                   pyarrow.ipc
import time:      2873 |       2873 |                   pyarrow.types
import time:      2735 |      43355 |                 pyarrow
import time:      1812 |      45167 |               pandas.compat.pyarrow
import time:      1062 |     232430 |             pandas.compat
import time:      2707 |       2707 |                     numpy._typing._add_docstring
import time:      1595 |       4302 |                   numpy.typing
import time:      2100 |       2100 |                         numpy.random._common
import time:      2088 |       4187 |                       numpy.random.bit_generator
import time:      1775 |       5962 |                     numpy.random._bounded_integers
import time:      1681 |       1681 |                         numpy.random._pcg64
import time:      4483 |       6164 |                       numpy.random._generator
import time:      1396 |       1396 |                       numpy.random._mt19937
import time:      1401 |       1401 |                       numpy.random._philox
import time:      1271 |       1271 |                       numpy.random._sfc64
import time:      5247 |       5247 |                       numpy.random.mtrand
import time:      2033 |      17509 |                     numpy.random._pickle
import time:      2291 |      25761 |                   numpy.random
import time:      6477 |      36539 |                 pandas._typing
import time:      1807 |       1807 |                 pandas.util._exceptions
import time:      3218 |      41564 |               pandas._config.config
import time:      1867 |       1867 |               pandas._config.dates
import time:      1501 |       1501 |               pandas._config.display
import time:      1906 |      46837 |             pandas._config
import time:      1376 |       1376 |               pandas.core
import time:      1961 |       1961 |                     pandas._libs.pandas_parser
import time:      1092 |       1092 |                     pandas._libs.pandas_datetime
import time:      1932 |       1932 |                                   pandas._libs._cyutility
import time:      1001 |       2933 |                                 pandas._libs.tslibs.ccalendar
import time:      1426 |       1426 |                                 pandas._libs.tslibs.np_datetime
import time:      2281 |       6640 |                               pandas._libs.tslibs.dtypes
import time:      1039 |       1039 |                                 pandas._libs.tslibs.base
import time:      2030 |       2030 |                                     pandas._libs.tslibs.nattype
import time:      1764 |       1764 |                                         zoneinfo._zoneinfo
import time:      1756 |       1756 |                                         pandas.compat._optional
import time:      5181 |       8701 |                                       pandas._libs.tslibs.timezones
import time:      1509 |       1509 |                                         pandas._libs.properties
import time:      1872 |       3380 |                                       pandas.util._decorators
import time:      3546 |       3546 |                                         _strptime
import time:      1945 |       1945 |                                         pandas._config.localization
import time:      2222 |       7712 |                                       pandas._libs.tslibs.fields
import time:      3156 |      22948 |                                     pandas._libs.tslibs.timedeltas
import time:      1909 |       1909 |                                     pandas._libs.tslibs.tzconversion
import time:      3043 |      29928 |                                   pandas._libs.tslibs.timestamps
import time:      1729 |       1729 |                                   dateutil.easter
import time:      4411 |      36067 |                                 pandas._libs.tslibs.offsets
import time:      4775 |       4775 |                                   pandas._libs.tslibs.strptime
import time:      2513 |       7288 |                                 pandas._libs.tslibs.parsing
import time:      1662 |      46055 |                               pandas._libs.tslibs.conversion
import time:      3077 |       3077 |                               pandas._libs.tslibs.period
import time:      1593 |       1593 |                               pandas._libs.tslibs.vectorized
import time:      1307 |      58669 |                             pandas._libs.tslibs
import time:        70 |      58738 |                           pandas._libs.tslibs.nattype
import time:      1488 |       1488 |                           pandas._libs.ops_dispatch
import time:      1431 |      61657 |                         pandas._libs.missing
import time:      6680 |      68337 |                       pandas._libs.hashtable
import time:      2708 |       2708 |                       pandas._libs.algos
import time:      2229 |      73273 |                     pandas._libs.interval
import time:      1398 |      77722 |                   pandas._libs
import time:        67 |      77789 |                 pandas._libs.tslibs
import time:      2531 |      80319 |               pandas.errors
import time:      4022 |      85716 |             pandas.core.config_init
import time:      1619 |       1619 |                 pandas.core.dtypes
import time:      3143 |       3143 |                 pandas._libs.lib
import time:      2400 |       2400 |                   pandas.core.dtypes.generic
import time:      2033 |       4432 |                 pandas.core.dtypes.base
import time:      2683 |       2683 |                 pandas.core.dtypes.inference
import time:      4678 |      16553 |               pandas.core.dtypes.dtypes
import time:      2379 |       2379 |                 pandas.core.dtypes.common
import time:      2682 |       5060 |               pandas.core.dtypes.missing
import time:      2129 |       2129 |                     pandas.io
import time:      2426 |       4555 |                   pandas.io._util
import time:      2773 |       7328 |                 pandas.core.dtypes.cast
import time:      1736 |       1736 |                   pandas.core.dtypes.astype
import time:      1719 |       3454 |                 pandas.core.dtypes.concat
import time:      1480 |       1480 |                   pandas.core.array_algos
import time:     11321 |      11321 |                       numpy.ma.core
import time:      2869 |       2869 |                       numpy.ma.extras
import time:      1494 |      15684 |                     numpy.ma
import time:      1997 |       1997 |                       pandas.core.col
import time:      1722 |       3719 |                     pandas.core.common
import time:      1641 |      21043 |                   pandas.core.construction
import time:      2311 |      24833 |                 pandas.core.array_algos.take
import time:      1511 |       1511 |                   pandas.core.indexers.utils
import time:      1572 |       3083 |                 pandas.core.indexers
import time:      2159 |      40856 |               pandas.core.algorithms
import time:      8140 |       8140 |                       pyarrow._compute
import time:      1394 |       1394 |                       pyarrow._compute_docstrings
import time:       951 |        951 |                       pyarrow.vendored
import time:       967 |        967 |                             _pyrepl
import time:      1104 |       2070 |                           _pyrepl.pager
import time:      4366 |       6435 |                         pydoc
import time:      2444 |       8879 |                       pyarrow.vendored.docscrape
import time:     35756 |      55118 |                     pyarrow.compute
import time:      1509 |      56626 |                   pandas.core.arrays.arrow.accessors
import time:      2554 |       2554 |                     unicodedata
import time:      2152 |       2152 |                     pandas.core.missing
import time:      4104 |       4104 |                         pandas._libs.ops
import time:      2228 |       2228 |                         pandas.core.roperator
import time:      2205 |       2205 |                         pandas.core.computation
import time:      2385 |       2385 |                           pandas.core.computation.check
import time:      2529 |       4913 |                         pandas.core.computation.expressions
import time:      1766 |       1766 |                         pandas.core.ops.missing
import time:      1407 |       1407 |                         pandas.core.ops.dispatch
import time:      1452 |       1452 |                         pandas.core.ops.invalid
import time:      3638 |      21709 |                       pandas.core.ops.array_ops
import time:      1421 |       1421 |                       pandas.core.ops.common
import time:      1313 |       1313 |                       pandas.core.ops.docstrings
import time:      2458 |       2458 |                       pandas.core.ops.mask_ops
import time:      2397 |      29295 |                     pandas.core.ops
import time:      2242 |       2242 |                     pandas.core.arraylike
import time:      1837 |       1837 |                     pandas.core.arrays._arrow_string_mixins
import time:      2368 |       2368 |                     pandas.core.arrays._utils
import time:      2111 |       2111 |                         pandas.util._validators
import time:      2911 |       5021 |                       pandas.compat.numpy.function
import time:      2002 |       2002 |                       pandas.core.array_algos.quantile
import time:      2008 |       2008 |                       pandas.core.sorting
import time:      4403 |      13433 |                     pandas.core.arrays.base
import time:      4887 |       4887 |                       pandas.core.nanops
import time:      3791 |       3791 |                       pandas.core.array_algos.masked_accumulations
import time:      2771 |       2771 |                       pandas.core.array_algos.masked_reductions
import time:      2295 |       2295 |                       pandas.core.array_algos.transforms
import time:      3070 |       3070 |                         pandas.core.util
import time:      2535 |       2535 |                         pandas._libs.hashing
import time:      5844 |      11448 |                       pandas.core.util.hashing
import time:      3566 |      28756 |                     pandas.core.arrays.masked
import time:      2448 |       2448 |                       pandas._libs.arrays
import time:      3910 |       3910 |                         pandas.core.arrays.numeric
import time:      2879 |       6788 |                       pandas.core.arrays.floating
import time:      3140 |       3140 |                       pandas.core.arrays.integer
import time:      2982 |       2982 |                         pandas.core.arrays._mixins
import time:      2480 |       2480 |                           pandas.core.strings
import time:      4063 |       6542 |                         pandas.core.strings.object_array
import time:      3079 |      12602 |                       pandas.core.arrays.numpy_
import time:      2965 |       2965 |                       pandas.io.formats
import time:      3350 |       3350 |                         pandas.io.formats.console
import time:      3519 |       6869 |                       pandas.io.formats.printing
import time:      3791 |      38602 |                     pandas.core.arrays.string_
import time:      3105 |       3105 |                       pandas.tseries
import time:      3983 |       7088 |                     pandas.tseries.frequencies
import time:      4977 |     133300 |                   pandas.core.arrays.arrow.array
import time:      1180 |     191105 |                 pandas.core.arrays.arrow
import time:      2766 |       2766 |                 pandas.core.arrays.boolean
import time:       260 |        260 |                     _csv
import time:      2482 |       2742 |                   csv
import time:      2895 |       2895 |                   pandas.core.accessor
import time:      2685 |       2685 |                   pandas.core.base
import time:      9050 |      17370 |                 pandas.core.arrays.categorical
import time:      1840 |       1840 |                   pandas._libs.tslib
import time:      2078 |       2078 |                     pandas.core.array_algos.datetimelike_accumulations
import time:      2775 |       4853 |                   pandas.core.arrays.datetimelike
import time:      2135 |       2135 |                   pandas.core.arrays._ranges
import time:      1926 |       1926 |                   pandas.tseries.offsets
import time:      3072 |      13824 |                 pandas.core.arrays.datetimes
import time:      2463 |       2463 |                   pandas.core.arrays.timedeltas
import time:      3569 |       6032 |                 pandas.core.arrays.interval
import time:      1724 |       1724 |                 pandas.core.arrays.period
import time:      1870 |       1870 |                       pandas._libs.sparse
import time:      1828 |       3697 |                     pandas.core.arrays.sparse.array
import time:      1516 |       5213 |                   pandas.core.arrays.sparse.accessor
import time:      1122 |       6335 |                 pandas.core.arrays.sparse
import time:      1547 |       1547 |                 pandas.core.arrays.string_arrow
import time:      1299 |     241999 |               pandas.core.arrays
import time:       887 |        887 |               pandas.core.flags
import time:      1089 |       1089 |                     pandas._libs.internals
import time:       775 |        775 |                       pandas.core._numba
import time:       787 |        787 |                       pandas.core.util.numba_
import time:      1104 |       2665 |                     pandas.core._numba.executor
import time:      1662 |       5416 |                   pandas.core.apply
import time:      1709 |       1709 |                     pandas.errors.cow
import time:       889 |        889 |                         pandas._libs.indexing
import time:       846 |        846 |                           pandas.core.indexes
import time:      1410 |       1410 |                             pandas._libs.index
import time:      1406 |       1406 |                             pandas._libs.writers
import time:      1232 |       1232 |                             pandas._libs.join
import time:       909 |        909 |                             pandas.core.array_algos.putmask
import time:      1194 |       1194 |                             pandas.core.indexes.frozen
import time:      1729 |       1729 |                             pandas.core.strings.accessor
import time:      3281 |      11158 |                           pandas.core.indexes.base
import time:      1009 |       1009 |                             pandas.core.indexes.extension
import time:      1268 |       2277 |                           pandas.core.indexes.category
import time:      1323 |       1323 |                               pandas.core.indexes.range
import time:       728 |        728 |                                 pandas.core.tools
import time:       948 |       1676 |                               pandas.core.tools.timedeltas
import time:      1276 |       4274 |                             pandas.core.indexes.datetimelike
import time:       816 |        816 |                             pandas.core.tools.times
import time:      1491 |       6581 |                           pandas.core.indexes.datetimes
import time:      2249 |       2249 |                             pandas.core.indexes.multi
import time:      1811 |       1811 |                             pandas.core.indexes.timedeltas
import time:      2001 |       6060 |                           pandas.core.indexes.interval
import time:      1708 |       1708 |                           pandas.core.indexes.period
import time:      1840 |      30466 |                         pandas.core.indexes.api
import time:      2088 |      33442 |                       pandas.core.indexing
import time:       958 |        958 |                       pandas.core.sample
import time:       778 |        778 |                       pandas.core.array_algos.replace
import time:      1782 |       1782 |                           pandas.core.internals.blocks
import time:      1082 |       2864 |                         pandas.core.internals.api
import time:      3186 |       3186 |                             pandas.core.internals.ops
import time:      1554 |       4740 |                           pandas.core.internals.managers
import time:       941 |       5680 |                         pandas.core.internals.concat
import time:      1162 |       9705 |                       pandas.core.internals
import time:      1111 |       1111 |                         pandas.core.methods
import time:       904 |        904 |                           pandas.core.reshape
import time:      1190 |       2093 |                         pandas.core.reshape.concat
import time:       181 |        181 |                             mmap
import time:       237 |        237 |                               pwd
import time:       147 |        147 |                               grp
import time:      2321 |       2704 |                             tarfile
import time:      2659 |       5544 |                           pandas.io.common
import time:      1461 |       7005 |                         pandas.io.formats.format
import time:      1709 |      11916 |                       pandas.core.methods.describe
import time:       861 |        861 |                       pandas.core.shared_docs
import time:      1405 |       1405 |                             pandas._libs.window
import time:      1544 |       2949 |                           pandas._libs.window.aggregations
import time:      1223 |       1223 |                             pandas._libs.window.indexers
import time:      1645 |       2867 |                           pandas.core.indexers.objects
import time:       951 |        951 |                           pandas.core.window.common
import time:       848 |        848 |                           pandas.core.window.numba_
import time:      1136 |       1136 |                           pandas.core.window.online
import time:      1759 |       1759 |                           pandas.core.window.rolling
import time:      1800 |      12306 |                         pandas.core.window.ewm
import time:      1220 |       1220 |                         pandas.core.window.expanding
import time:       793 |      14318 |                       pandas.core.window
import time:      3740 |      75716 |                     pandas.core.generic
import time:      1022 |       1022 |                     pandas.core.internals.construction
import time:       934 |        934 |                     pandas.core.methods.selectn
import time:      1793 |       1793 |                       pandas.core.tools.numeric
import time:      1084 |       2876 |                     pandas.core.reshape.melt
import time:      1814 |       1814 |                       pandas._libs.reshape
import time:      1710 |       1710 |                       pandas.core.indexes.accessors
import time:       945 |        945 |                         pandas.arrays
import time:      1699 |       2644 |                       pandas.core.tools.datetimes
import time:      1539 |       1539 |                       pandas.io.formats.info
import time:      1064 |       1064 |                         pandas.plotting._core
import time:       890 |        890 |                         pandas.plotting._misc
import time:       876 |       2828 |                       pandas.plotting
import time:      5891 |      16424 |                     pandas.core.series
import time:      8642 |     107319 |                   pandas.core.frame
import time:      3177 |       3177 |                   pandas.core.groupby.base
import time:      2205 |       2205 |                     pandas._libs.groupby
import time:      1511 |       1511 |                     pandas.core.groupby.numba_
import time:      2084 |       2084 |                         pandas.core.groupby.categorical
import time:      2855 |       4939 |                       pandas.core.groupby.grouper
import time:      8241 |      13179 |                     pandas.core.groupby.ops
import time:      2236 |       2236 |                     pandas.core.groupby.indexing
import time:      3354 |      22483 |                   pandas.core.groupby.groupby
import time:      3463 |     141856 |                 pandas.core.groupby.generic
import time:       921 |     142776 |               pandas.core.groupby
import time:      3047 |     451175 |             pandas.core.api
import time:      1926 |       1926 |             pandas.tseries.api
import time:      1582 |       1582 |                     pandas.core.computation.common
import time:      1376 |       2958 |                   pandas.core.computation.align
import time:      1552 |       1552 |                       pprint
import time:      1403 |       2954 |                     pandas.core.computation.scope
import time:      1708 |       4661 |                   pandas.core.computation.ops
import time:      1333 |       8951 |                 pandas.core.computation.engines
import time:      2790 |       2790 |                   pandas.core.computation.parsing
import time:      4519 |       7309 |                 pandas.core.computation.expr
import time:      1847 |      18107 |               pandas.core.computation.eval
import time:      1635 |      19742 |             pandas.core.computation.api
import time:      2098 |       2098 |               pandas.core.reshape.encoding
import time:      3220 |       3220 |               pandas.core.reshape.merge
import time:      2078 |       2078 |               pandas.core.reshape.pivot
import time:      3780 |       3780 |               pandas.core.reshape.tile
import time:      3037 |      14211 |             pandas.core.reshape.api
import time:      2685 |       2685 |               pandas.api.executors
import time:      2065 |       2065 |               pandas.api.extensions
import time:      2530 |       2530 |               pandas.api.indexers
import time:      1458 |       1458 |                   pandas.core.interchange
import time:      4713 |       6170 |                 pandas.core.interchange.dataframe_protocol
import time:      1989 |       1989 |                   pandas.core.interchange.utils
import time:      2642 |       4631 |                 pandas.core.interchange.from_dataframe
import time:      1606 |      12406 |               pandas.api.interchange
import time:      1322 |       1322 |                 pandas.core.dtypes.api
import time:      1528 |       2849 |               pandas.api.types
import time:      2000 |       2000 |                 pandas.core.resample
import time:      1911 |       1911 |                       pandas._libs.json
import time:      1397 |       1397 |                       pandas.io.json._normalize
import time:      1075 |       1075 |                       pandas.io.json._table_schema
import time:      1494 |       1494 |                             pandas._libs.parsers
import time:      1257 |       1257 |                               pandas.io.parsers.base_parser
import time:       930 |       2187 |                             pandas.io.parsers.arrow_parser_wrapper
import time:       951 |        951 |                             pandas.io.parsers.c_parser_wrapper
import time:      1178 |       1178 |                             pandas.io.parsers.python_parser
import time:      1703 |       7511 |                           pandas.io.parsers.readers
import time:       931 |       8442 |                         pandas.io.parsers
import time:        32 |       8474 |                       pandas.io.parsers.readers
import time:      4352 |      17207 |                     pandas.io.json._json
import time:       986 |      18193 |                   pandas.io.json
import time:        45 |      18237 |                 pandas.io.json._json
import time:      1169 |       1169 |                     pandas.io.sas.sasreader
import time:      1519 |       2688 |                   pandas.io.sas
import time:        36 |       2723 |                 pandas.io.sas.sasreader
import time:      3213 |       3213 |                 pandas.io.stata
import time:      1159 |      27331 |               pandas.api.typing
import time:      2622 |      52486 |             pandas.api
import time:       720 |        720 |                 concurrent.futures.thread
import time:       965 |        965 |                 pandas._testing._io
import time:      1120 |       1120 |                 pandas._testing._warnings
import time:        71 |         71 |                     cmath
import time:       890 |        960 |                   pandas._libs.testing
import time:      1214 |       2174 |                 pandas._testing.asserters
import time:       880 |        880 |                 pandas._testing.compat
import time:       798 |        798 |                 pandas._testing.contexts
import time:      1390 |       8044 |               pandas._testing
import time:       985 |       9028 |             pandas.testing
import time:       807 |        807 |             pandas.util._print_versions
import time:      1660 |       1660 |               pandas.io.clipboards
import time:      1231 |       1231 |                   pandas.io.excel._util
import time:      1586 |       1586 |                   pandas.io.excel._calamine
import time:      1129 |       1129 |                   pandas.io.excel._odfreader
import time:      1125 |       1125 |                   pandas.io.excel._openpyxl
import time:       796 |        796 |                   pandas.io.excel._pyxlsb
import time:       846 |        846 |                   pandas.io.excel._xlrd
import time:      2346 |       9056 |                 pandas.io.excel._base
import time:       936 |        936 |                 pandas.io.excel._odswriter
import time:       886 |        886 |                 pandas.io.excel._xlsxwriter
import time:      1032 |      11910 |               pandas.io.excel
import time:       747 |        747 |               pandas.io.feather_format
import time:      1339 |       1339 |               pandas.io.html
import time:      1264 |       1264 |               pandas.io.iceberg
import time:      1104 |       1104 |               pandas.io.orc
import time:      1246 |       1246 |               pandas.io.parquet
import time:      1836 |       1836 |                 pandas.compat.pickle_compat
import time:      1281 |       3117 |               pandas.io.pickle
import time:      1376 |       1376 |                 pandas.core.computation.pytables
import time:      3126 |       4502 |               pandas.io.pytables
import time:       872 |        872 |               pandas.io.spss
import time:      1562 |       1562 |               pandas.io.sql
import time:       984 |        984 |               pandas.io.xml
import time:      1300 |      31600 |             pandas.io.api
import time:       819 |        819 |             pandas.util._tester
import time:       833 |        833 |             pandas._version_meson
import time:      1700 |     949302 |           pandas
import time:      1233 |       1233 |           pymilvus.orm.constants
import time:      1842 |       1842 |           pymilvus.orm.types
import time:      1860 |     955069 |         pymilvus.orm.schema
import time:      1029 |       1029 |         pymilvus.client.blob
import time:      1217 |       1217 |           pymilvus.client.singleton_utils
import time:      1308 |       2525 |         pymilvus.client.check
import time:      2680 |     966332 |       pymilvus.client.prepare
import time:      1501 |       1501 |       pymilvus.decorators
import time:      3146 |       3146 |                   urllib3.exceptions
import time:      1120 |       1120 |                           urllib3.util.timeout
import time:      1674 |       2794 |                         urllib3.util.connection
import time:       814 |        814 |                           urllib3.util.util
import time:       308 |        308 |                           brotlicffi
import time:       318 |        318 |                           brotli
import time:       153 |        153 |                           backports
import time:      1433 |       3024 |                         urllib3.util.request
import time:       909 |        909 |                         urllib3.util.response
import time:      1219 |       1219 |                         urllib3.util.retry
import time:      8456 |       8456 |                           urllib3.util.url
import time:      1344 |       1344 |                           urllib3.util.ssltransport
import time:      1007 |      10806 |                         urllib3.util.ssl_
import time:       898 |        898 |                         urllib3.util.wait
import time:      1043 |      20689 |                       urllib3.util
import time:        54 |      20743 |                     urllib3.util.connection
import time:      1783 |      22525 |                   urllib3._base_connection
import time:      1493 |       1493 |                   urllib3._collections
import time:       929 |        929 |                   urllib3._version
import time:      1818 |       1818 |                         urllib3.fields
import time:       983 |       2800 |                       urllib3.filepost
import time:       530 |        530 |                         brotlicffi
import time:       681 |        681 |                         brotli
import time:      1605 |       1605 |                           urllib3.http2
import time:      1302 |       1302 |                           urllib3.http2.probe
import time:       900 |        900 |                           urllib3.util.ssl_match_hostname
import time:      2230 |       6036 |                         urllib3.connection
import time:       221 |        221 |                         backports
import time:      5122 |      12588 |                       urllib3.response
import time:      1023 |      16411 |                     urllib3._request_methods
import time:       996 |        996 |                     urllib3.util.proxy
import time:      1352 |      18757 |                   urllib3.connectionpool
import time:      1938 |       1938 |                   urllib3.poolmanager
import time:      1280 |      50066 |                 urllib3
import time:      2372 |       2372 |                           charset_normalizer.constant
import time:       944 |        944 |                           charset_normalizer.utils
import time:      1587 |       4903 |                         charset_normalizer.md
import time:      5404 |      10306 |                       charset_normalizer.cd
import time:      1662 |       1662 |                       charset_normalizer.models
import time:      2140 |      14108 |                     charset_normalizer.api
import time:       900 |        900 |                     charset_normalizer.legacy
import time:       811 |        811 |                     charset_normalizer.version
import time:       196 |        196 |                     simplejson
import time:       586 |        586 |                           urllib.response
import time:       619 |       1204 |                         urllib.error
import time:       653 |        653 |                         nturl2path
import time:      1857 |       3713 |                       urllib.request
import time:      2795 |       6508 |                     http.cookiejar
import time:      3506 |      26027 |                   requests.compat
import time:      2009 |      28035 |                 requests.exceptions
import time:       534 |        534 |                 chardet
import time:       806 |        806 |                       idna.idnadata
import time:       743 |        743 |                       idna.intranges
import time:      1906 |       3454 |                     idna.core
import time:       817 |        817 |                     idna.package_data
import time:       961 |       5232 |                   idna
import time:      1324 |       6555 |                 requests.packages
import time:       921 |        921 |                       certifi.core
import time:       978 |       1898 |                     certifi
import time:       767 |       2664 |                   requests.certs
import time:       676 |        676 |                   requests.__version__
import time:       884 |        884 |                   requests._internal_utils
import time:      1008 |       1008 |                   requests._types
import time:       990 |        990 |                   requests.cookies
import time:       933 |        933 |                   requests.structures
import time:       800 |        800 |                   importlib.resources._adapters
import time:       538 |        538 |                       importlib.resources._itertools
import time:       748 |       1286 |                     importlib.resources.readers
import time:       541 |       1827 |                   importlib.readers
import time:      1555 |      11333 |                 requests.utils
import time:       813 |        813 |                       requests.auth
import time:      1304 |       1304 |                           stringprep
import time:       734 |       2038 |                         encodings.idna
import time:      1321 |       1321 |                         requests.hooks
import time:       949 |        949 |                         requests.status_codes
import time:      1249 |       5556 |                       requests.models
import time:       893 |        893 |                         urllib3.contrib
import time:       224 |        224 |                         socks
import time:      1040 |       2156 |                       urllib3.contrib.socks
import time:      1001 |       9524 |                     requests.adapters
import time:       896 |      10419 |                   requests.sessions
import time:       764 |      11183 |                 requests.api
import time:      1262 |     108965 |               requests
import time:      1632 |     110596 |             pymilvus.client.global_topology
import time:      2517 |     113113 |           pymilvus.client.connection_manager
import time:      1326 |       1326 |               pymilvus.client.iterator.query_iterator
import time:      1199 |       1199 |               pymilvus.client.iterator.search_iterator
import time:       865 |       3390 |             pymilvus.client.iterator
import time:      1689 |       1689 |                 pymilvus.client.call_context
import time:      1289 |       1289 |                       cachetools.keys
import time:      4453 |       5741 |                     cachetools
import time:       998 |       6738 |                   pymilvus.client.cache
import time:      1016 |       7754 |                 pymilvus.client.ts_utils
import time:      1234 |       1234 |                 pymilvus.client.async_interceptor
import time:      2368 |       2368 |                 pymilvus.client.embedding_list
import time:      6054 |      19097 |               pymilvus.client.async_grpc_handler
import time:      1640 |       1640 |                 pymilvus.client.interceptor
import time:      4776 |       6416 |               pymilvus.client.grpc_handler
import time:      1483 |      26995 |             pymilvus.orm.connections
import time:       821 |        821 |               pymilvus.orm.mutation
import time:      1113 |       1934 |             pymilvus.orm.future
import time:       953 |        953 |             pymilvus.orm.index
import time:      1488 |       1488 |             pymilvus.orm.partition
import time:      3703 |       3703 |             pymilvus.orm.prepare
import time:      2810 |       2810 |             pymilvus.orm.utility
import time:      2480 |      43749 |           pymilvus.orm.collection
import time:      4138 |       4138 |             pymilvus.milvus_client.optimize_task
import time:      3174 |       7312 |           pymilvus.milvus_client.async_optimize_task
import time:      1270 |       1270 |             pymilvus.milvus_client.check
import time:       876 |        876 |             pymilvus.milvus_client.index
import time:      2649 |       4794 |           pymilvus.milvus_client.base
import time:      2642 |     171607 |         pymilvus.milvus_client.async_milvus_client
import time:      2126 |       2126 |         pymilvus.milvus_client.milvus_client
import time:       817 |     174548 |       pymilvus.milvus_client
import time:      1638 |       1638 |       pymilvus.orm.db
import time:      2285 |       2285 |       pymilvus.orm.role
import time:      1811 |    1569572 |     pymilvus
import time:       550 |        550 |     pywintypes
import time:      6051 |    1577499 |   services.milvus_client
import time:      1120 |       1120 |   services.pdf_parser
import time:      2413 |       2413 |         psycopg2.errors
import time:      7564 |       9977 |       psycopg2._psycopg
import time:      1018 |       1018 |         psycopg2._json
import time:      1569 |       1569 |         psycopg2._range
import time:      1369 |       3955 |       psycopg2.extensions
import time:      1457 |      15387 |     psycopg2
import time:      1045 |       1045 |       psycopg2._ipaddress
import time:      2293 |       3338 |     psycopg2.extras
14:42:59 - INFO - 数据库 rag_system 已存在
14:42:59 - INFO - 成功连接到数据库: rag_system
import time:    408347 |     427071 |   services.database
import time:      1219 |       1219 |       bcrypt._bcrypt
import time:      1339 |       2558 |     bcrypt
import time:      1702 |       1702 |       jose.exceptions
import time:      1357 |       3058 |     jose
import time:      1304 |       1304 |                         cryptography.__about__
import time:      1222 |       2526 |                       cryptography
import time:      1373 |       3898 |                     cryptography.utils
import time:      1829 |       5727 |                   jose.utils
import time:      1394 |       7121 |                 jose.backends.base
import time:      1670 |       1670 |                 jose.constants
import time:      1884 |      10673 |               jose.backends.native
import time:      1541 |       1541 |                       cryptography.hazmat
import time:      2133 |       3674 |                     cryptography.hazmat.bindings
import time:      2703 |       2703 |                     _cffi_backend
import time:      4513 |      10889 |                   cryptography.hazmat.bindings._rust
import time:      1977 |      12865 |                 cryptography.exceptions
import time:      1078 |       1078 |                 cryptography.hazmat.backends
import time:      1071 |       1071 |                 cryptography.hazmat.primitives
import time:      1485 |       1485 |                 cryptography.hazmat.primitives.hashes
import time:      1007 |       1007 |                 cryptography.hazmat.primitives.hmac
import time:      1112 |       1112 |                   cryptography.hazmat.primitives._serialization
import time:      1100 |       1100 |                     cryptography.hazmat.primitives.asymmetric
import time:      1195 |       2294 |                   cryptography.hazmat.primitives.asymmetric.dh
import time:      1087 |       1087 |                   cryptography.hazmat.primitives.serialization.base
import time:      1036 |       1036 |                       cryptography.hazmat.primitives.asymmetric.utils
import time:      1119 |       2154 |                     cryptography.hazmat.primitives.asymmetric.dsa
import time:      1411 |       1411 |                       cryptography.hazmat._oid
import time:      1224 |       2635 |                     cryptography.hazmat.primitives.asymmetric.ec
import time:      1313 |       1313 |                     cryptography.hazmat.primitives.asymmetric.ed25519
import time:       944 |        944 |                       cryptography.hazmat.primitives._asymmetric
import time:      1754 |       1754 |                       cryptography.hazmat.primitives.asymmetric.rsa
import time:      1271 |       3968 |                     cryptography.hazmat.primitives.asymmetric.padding
import time:      2128 |       2128 |                       cryptography.hazmat.primitives._cipheralgorithm
import time:       904 |        904 |                               cryptography.hazmat.decrepit
import time:      1176 |       2080 |                             cryptography.hazmat.decrepit.ciphers
import time:      1020 |       1020 |                             cryptography.hazmat.primitives._modes
import time:      1259 |       4359 |                           cryptography.hazmat.decrepit.ciphers.modes
import time:      1214 |       1214 |                             cryptography.hazmat.decrepit.ciphers.algorithms
import time:      1333 |       2547 |                           cryptography.hazmat.primitives.ciphers.algorithms
import time:      1368 |       8273 |                         cryptography.hazmat.primitives.ciphers.modes
import time:      2557 |      10830 |                       cryptography.hazmat.primitives.ciphers.base
import time:      1211 |      14168 |                     cryptography.hazmat.primitives.ciphers
import time:      3070 |      27306 |                   cryptography.hazmat.primitives.serialization.ssh
import time:      1025 |      32822 |                 cryptography.hazmat.primitives.serialization
import time:      1366 |       1366 |                 cryptography.hazmat.primitives.ciphers.aead
import time:      1359 |       1359 |                 cryptography.hazmat.primitives.keywrap
import time:      2072 |       2072 |                 cryptography.hazmat.primitives.padding
import time:      2061 |       2061 |                   cryptography.x509.certificate_transparency
import time:      1440 |       1440 |                   cryptography.x509.oid
import time:     13354 |      13354 |                       cryptography.x509.name
import time:      2708 |      16062 |                     cryptography.x509.general_name
import time:      2311 |      18372 |                   cryptography.x509.verification
import time:      2192 |       2192 |                     cryptography.hazmat.primitives.asymmetric.ed448
import time:      2412 |       2412 |                     cryptography.hazmat.primitives.asymmetric.mldsa
import time:      2236 |       2236 |                     cryptography.hazmat.primitives.asymmetric.mlkem
import time:      2845 |       2845 |                     cryptography.hazmat.primitives.asymmetric.x448
import time:      3360 |       3360 |                     cryptography.hazmat.primitives.asymmetric.x25519
import time:      2626 |       2626 |                     cryptography.hazmat.primitives.asymmetric.types
import time:      1454 |       1454 |                       cryptography.hazmat.primitives.constant_time
import time:      4066 |       5519 |                     cryptography.x509.extensions
import time:      2889 |      24077 |                   cryptography.x509.base
import time:      1854 |      47804 |                 cryptography.x509
import time:      1981 |     104905 |               jose.backends.cryptography_backend
import time:      1307 |     116884 |             jose.backends
import time:        40 |     116924 |           jose.backends.base
import time:      1198 |     118121 |         jose.jwk
import time:      1405 |     119526 |       jose.jws
import time:      1765 |     121290 |     jose.jwt
import time:      1665 |     128570 |   services.auth
import time:      2264 |       2264 |   services.storage
import time:      8211 |       8211 |   services.bm25_client
import time:      4087 |       4087 |               pydantic.v1.typing
import time:      4766 |       8853 |             pydantic.v1.errors
import time:       391 |        391 |                 cython
import time:      1792 |       2183 |               pydantic.v1.version
import time:      4143 |       6325 |             pydantic.v1.utils
import time:      2661 |      17838 |           pydantic.v1.class_validators
import time:      4139 |       4139 |           pydantic.v1.config
import time:      2147 |       2147 |               pydantic.v1.color
import time:      3703 |       3703 |                   pydantic.v1.datetime_parse
import time:      2313 |       6016 |                 pydantic.v1.validators
import time:      4558 |      10573 |               pydantic.v1.networks
import time:     13154 |      13154 |               pydantic.v1.types
import time:      1843 |      27716 |             pydantic.v1.json
import time:      2538 |      30254 |           pydantic.v1.error_wrappers
import time:      6635 |       6635 |           pydantic.v1.fields
import time:      2765 |       2765 |             pydantic.v1.parse
import time:      3407 |       3407 |             pydantic.v1.schema
import time:      6686 |      12857 |           pydantic.v1.main
import time:      3826 |      75547 |         pydantic.v1.dataclasses
import time:      2777 |       2777 |         pydantic.v1.annotated_types
import time:      2290 |       2290 |         pydantic.v1.decorator
import time:      3817 |       3817 |         pydantic.v1.env_settings
import time:      2369 |       2369 |         pydantic.v1.tools
import time:      2590 |      89388 |       pydantic.v1
import time:     25302 |     114689 |     api.auth
import time:     27106 |      27106 |     api.knowledge_bases
import time:     17081 |      17081 |     api.documents
import time:     24813 |      24813 |     api.files
import time:      7628 |       7628 |       services.audit
import time:      1883 |       1883 |                   langchain_core._import_utils
import time:      2781 |       4664 |                 langchain_core._api
import time:      2296 |       2296 |                 langchain_core._api.internal
import time:      4878 |       4878 |                 langchain_core.version
import time:     10290 |      22128 |               langchain_core
import time:      4017 |      26144 |             langchain_core.documents
import time:      1880 |       1880 |               langchain_core.runnables
import time:      4226 |       4226 |                 langchain_core.callbacks
import time:      3569 |       3569 |                 langchain_core.callbacks.base
import time:      4060 |       4060 |                   langchain_core.utils
import time:      6788 |      10847 |                 langchain_core.callbacks.stdout
import time:      1815 |       1815 |                 langchain_core.globals
import time:      3135 |       3135 |                       packaging
import time:      9636 |      12770 |                     packaging.version
import time:      3146 |       3146 |                       pydantic._internal._decorators_v1
import time:      7559 |      10705 |                     langchain_core.utils.pydantic
import time:      2760 |      26235 |                   langchain_core.utils.utils
import time:      2700 |      28934 |                 langchain_core.messages
import time:      2818 |       2818 |                         langchain_core.load.serializable
import time:      1415 |       4232 |                       langchain_core.load._validation
import time:      3614 |       3614 |                       langchain_core.load.mapping
import time:      3230 |      11075 |                     langchain_core.load.load
import time:      1724 |      12799 |                   langchain_core.load
import time:        73 |      12872 |                 langchain_core.load.serializable
import time:      1875 |       1875 |                 langchain_core.utils._merge
import time:      1377 |       1377 |                 langchain_core.utils.interactive_env
import time:      1993 |       1993 |                     xml
import time:      1206 |       1206 |                       xml.sax.handler
import time:      1103 |       1103 |                       xml.sax._exceptions
import time:      1570 |       3878 |                     xml.sax.xmlreader
import time:      2045 |       7916 |                   xml.sax
import time:      1388 |       9304 |                 xml.sax.saxutils
import time:      2911 |       2911 |                 langchain_core.exceptions
import time:      7485 |       7485 |                   langchain_core.messages.tool
import time:      2051 |       2051 |                   langchain_core.utils.json
import time:      1345 |       1345 |                   langchain_core.utils.usage
import time:     21300 |      32179 |                 langchain_core.messages.ai
import time:      3444 |       3444 |                     langchain_core.messages.block_translators.anthropic
import time:      1866 |       1866 |                     langchain_core.messages.block_translators.bedrock
import time:      1900 |       1900 |                     langchain_core.messages.block_translators.bedrock_converse
import time:       379 |        379 |                       filetype
import time:      2012 |       2391 |                     langchain_core.messages.block_translators.google_genai
import time:      1945 |       1945 |                     langchain_core.messages.block_translators.google_vertexai
import time:      1692 |       1692 |                     langchain_core.messages.block_translators.groq
import time:      2197 |       2197 |                           langchain_core.language_models._utils
import time:      2222 |       4419 |                         langchain_core.language_models
import time:        53 |       4471 |                       langchain_core.language_models._utils
import time:      2639 |       7110 |                     langchain_core.messages.block_translators.openai
import time:      2746 |      23091 |                   langchain_core.messages.block_translators
import time:        48 |      23139 |                 langchain_core.messages.block_translators.openai
import time:      5415 |       5415 |                 langchain_core.messages.chat
import time:      4746 |       4746 |                 langchain_core.messages.function
import time:      5165 |       5165 |                 langchain_core.messages.human
import time:      3170 |       3170 |                 langchain_core.messages.modifier
import time:      5093 |       5093 |                 langchain_core.messages.system
import time:       292 |        292 |                 langchain_text_splitters.TextSplitter
import time:      2055 |       2055 |                 langchain_core.utils.env
import time:      2170 |       2170 |                       uuid_utils._uuid_utils
import time:      2326 |       4496 |                     uuid_utils
import time:      1871 |       6367 |                   uuid_utils.compat
import time:      2077 |       8444 |                 langchain_core.utils.uuid
import time:     22854 |     190272 |               langchain_core.callbacks.manager
import time:      9296 |       9296 |               langchain_core.runnables.utils
import time:      4655 |     206102 |             langchain_core.runnables.config
import time:      1950 |       1950 |                 tiktoken._tiktoken
import time:      2739 |       4688 |               tiktoken.core
import time:       685 |        685 |                   tiktoken_ext
import time:      1976 |       2660 |                 tiktoken.registry
import time:      2029 |       4689 |               tiktoken.model
import time:      2460 |      11836 |             tiktoken
import time:      2101 |       2101 |                   transformers.dependency_versions_table
import time:      6037 |       6037 |                               regex._regex
import time:     14168 |      20204 |                             regex._regex_core
import time:       198 |        198 |                             regex.DEFAULT_VERSION
import time:      3477 |      23878 |                           regex._main
import time:      2532 |      26410 |                         regex
import time:      2620 |       2620 |                         transformers.utils.doc
import time:      3992 |       3992 |                               huggingface_hub
import time:      3115 |       3115 |                                   httpx.__version__
import time:      2322 |       2322 |                                         httpx._exceptions
import time:      3173 |       3173 |                                               httpx._types
import time:      1824 |       1824 |                                               httpx._utils
import time:      2217 |       7212 |                                             httpx._multipart
import time:      1593 |       8805 |                                           httpx._content
import time:       319 |        319 |                                             brotli
import time:       199 |        199 |                                             brotlicffi
import time:      3496 |       3496 |                                               zstandard.backend_c
import time:      1490 |       4985 |                                             zstandard
import time:      1849 |       7351 |                                           httpx._decoders
import time:      3268 |       3268 |                                           httpx._status_codes
import time:      5098 |       5098 |                                             httpx._urlparse
import time:      2248 |       7345 |                                           httpx._urls
import time:      2597 |      29364 |                                         httpx._models
import time:      2406 |      34091 |                                       httpx._auth
import time:      2172 |       2172 |                                       httpx._config
import time:      1734 |       1734 |                                             httpx._transports.base
import time:      2679 |       4412 |                                           httpx._transports.asgi
import time:      2106 |       2106 |                                           httpx._transports.default
import time:      1895 |       1895 |                                           httpx._transports.mock
import time:      2222 |       2222 |                                           httpx._transports.wsgi
import time:      1787 |      12420 |                                         httpx._transports
import time:        89 |      12508 |                                       httpx._transports.base
import time:      3260 |      52029 |                                     httpx._client
import time:      2449 |      54478 |                                   httpx._api
import time:      3120 |       3120 |                                             click._winconsole
import time:      3454 |       6574 |                                           click._compat
import time:      2758 |       2758 |                                             click.globals
import time:      3613 |       3613 |                                             click.utils
import time:      4022 |      10392 |                                           click.exceptions
import time:      7317 |      24281 |                                         click.types
import time:      1466 |       1466 |                                         click._utils
import time:      7866 |       7866 |                                           click.parser
import time:      1321 |       9186 |                                         click.formatting
import time:      2283 |       2283 |                                         click.termui
import time:      7122 |      44337 |                                       click.core
import time:      1395 |       1395 |                                       click.decorators
import time:      2040 |      47771 |                                     click
import time:      1763 |       1763 |                                       pygments
import time:      4935 |       4935 |                                       pygments.lexers._mapping
import time:      2177 |       2177 |                                       pygments.modeline
import time:      1736 |       1736 |                                       pygments.plugin
import time:      3548 |       3548 |                                       pygments.util
import time:      1588 |      15746 |                                     pygments.lexers
import time:      2115 |       2115 |                                         rich._extension
import time:      2840 |       4955 |                                       rich
import time:      1986 |       1986 |                                       rich._null_file
import time:      1493 |       1493 |                                       rich.errors
import time:      1230 |       1230 |                                                   rich.color_triplet
import time:      1732 |       2961 |                                                 rich.palette
import time:      2429 |       5389 |                                               rich._palettes
import time:      1364 |       1364 |                                               rich.repr
import time:      1216 |       1216 |                                               rich.terminal_theme
import time:      3227 |      11195 |                                             rich.color
import time:      2574 |      13768 |                                           rich.style
import time:      1828 |      15596 |                                         rich.default_styles
import time:      1371 |       1371 |                                         rich.theme
import time:      1179 |      18145 |                                       rich.themes
import time:      1185 |       1185 |                                       rich._emoji_replace
import time:      2428 |       2428 |                                       rich._export_format
import time:      3500 |       3500 |                                       rich._fileno
import time:       856 |        856 |                                           rich._loop
import time:       814 |        814 |                                           rich._pick
import time:      1187 |       1187 |                                                 rich._unicode_data._versions
import time:       967 |       2154 |                                               rich._unicode_data
import time:      1918 |       4072 |                                             rich.cells
import time:      1179 |       5250 |                                           rich._wrap
import time:      1967 |       1967 |                                                 rich.segment
import time:       954 |       2921 |                                               rich.jupyter
import time:       674 |        674 |                                                 rich.protocol
import time:      1663 |       2337 |                                               rich.measure
import time:      1866 |       7122 |                                             rich.constrain
import time:      4042 |      11164 |                                           rich.align
import time:      1474 |       1474 |                                           rich.containers
import time:      1048 |       1048 |                                           rich.control
import time:      1882 |       1882 |                                           rich.emoji
import time:      3714 |      26199 |                                         rich.text
import time:      3971 |      30169 |                                       rich._log_render
import time:      1378 |       1378 |                                       rich.highlighter
import time:      1532 |       1532 |                                       rich.markup
import time:       853 |        853 |                                       rich.pager
import time:      1301 |       1301 |                                       rich.region
import time:      1689 |       1689 |                                       rich.screen
import time:      1599 |       1599 |                                       rich.styled
import time:      5837 |      78044 |                                     rich.console
import time:      1588 |       1588 |                                       rich.filesize
import time:      1751 |       1751 |                                           rich.ansi
import time:      1057 |       2808 |                                         rich.file_proxy
import time:      1020 |       1020 |                                         rich.live_render
import time:      2206 |       6033 |                                       rich.live
import time:       913 |        913 |                                       rich.progress_bar
import time:       895 |        895 |                                         rich._spinners
import time:      1027 |       1027 |                                           rich.box
import time:      1061 |       1061 |                                           rich._ratio
import time:      1074 |       1074 |                                           rich.padding
import time:      3703 |       6863 |                                         rich.table
import time:       996 |       8752 |                                       rich.spinner
import time:      3871 |      21156 |                                     rich.progress
import time:      1067 |       1067 |                                         pygments.filter
import time:      1173 |       1173 |                                           pygments.token
import time:      1583 |       2755 |                                         pygments.filters
import time:      1155 |       1155 |                                         pygments.regexopt
import time:      1648 |       6624 |                                       pygments.lexer
import time:      1532 |       1532 |                                       pygments.style
import time:      1822 |       1822 |                                         pygments.styles._mapping
import time:      1642 |       3464 |                                       pygments.styles
import time:      3543 |      15161 |                                     rich.syntax
import time:      3328 |     181204 |                                   httpx._main
import time:      2826 |     241621 |                                 httpx
import time:      4579 |     246200 |                               huggingface_hub.errors
import time:      1034 |       1034 |                                     tqdm._monitor
import time:       777 |        777 |                                     tqdm._tqdm_pandas
import time:      1079 |       1079 |                                                 colorama.ansi
import time:      1396 |       1396 |                                                   colorama.win32
import time:      1043 |       2439 |                                                 colorama.winterm
import time:      2313 |       5830 |                                               colorama.ansitowin32
import time:      1336 |       7166 |                                             colorama.initialise
import time:       988 |       8153 |                                           colorama
import time:       389 |        389 |                                           envwrap
import time:      2013 |      10554 |                                         tqdm.utils
import time:      2847 |      13400 |                                       tqdm.std
import time:      5426 |       5426 |                                       tqdm.version
import time:      1293 |      20119 |                                     tqdm.cli
import time:      1792 |       1792 |                                     tqdm.gui
import time:      1478 |      25198 |                                   tqdm
import time:      1614 |       1614 |                                   tqdm.autonotebook
import time:      1439 |       1439 |                                   tqdm.asyncio
import time:      1607 |      29857 |                                 tqdm.auto
import time:      2213 |       2213 |                                 huggingface_hub.constants
import time:      2643 |      34712 |                               huggingface_hub.utils.tqdm
import time:      4394 |       4394 |                                 configparser
import time:      1926 |       1926 |                                     yaml.error
import time:      1396 |       1396 |                                     yaml.tokens
import time:      1846 |       1846 |                                     yaml.events
import time:      1220 |       1220 |                                     yaml.nodes
import time:      6906 |       6906 |                                       yaml.reader
import time:      2068 |       2068 |                                       yaml.scanner
import time:      2637 |       2637 |                                       yaml.parser
import time:      1732 |       1732 |                                       yaml.composer
import time:      3335 |       3335 |                                       yaml.constructor
import time:      4098 |       4098 |                                       yaml.resolver
import time:      1544 |      22318 |                                     yaml.loader
import time:      1829 |       1829 |                                       yaml.emitter
import time:      1562 |       1562 |                                       yaml.serializer
import time:      2634 |       2634 |                                       yaml.representer
import time:      1901 |       7926 |                                     yaml.dumper
import time:      2795 |       2795 |                                       yaml._yaml
import time:      2090 |       4885 |                                     yaml.cyaml
import time:      1980 |      43492 |                                   yaml
import time:      1902 |       1902 |                                       filelock._error
import time:      1682 |       1682 |                                       filelock._util
import time:      9023 |      12606 |                                     filelock._api
import time:      2122 |       2122 |                                       filelock._windows
import time:      1556 |       3678 |                                     filelock._descriptor
import time:      1976 |       1976 |                                       filelock._identity
import time:      1634 |       1634 |                                           filelock._soft_protocol
import time:      2315 |       3948 |                                         filelock._soft
import time:      2486 |       6434 |                                       filelock._marker
import time:      4224 |      12632 |                                     filelock._lease
import time:      4395 |       4395 |                                           _sqlite3
import time:      1478 |       5872 |                                         sqlite3.dbapi2
import time:      1604 |       7476 |                                       sqlite3
import time:      4334 |       4334 |                                       filelock._async
import time:      2385 |       2385 |                                       filelock._read_write
import time:      1945 |      16139 |                                     filelock._async_read_write
import time:      8271 |       8271 |                                         filelock._soft_rw._sync
import time:      2002 |      10272 |                                       filelock._soft_rw._async
import time:      1611 |      11883 |                                     filelock._soft_rw
import time:      7753 |       7753 |                                     filelock._strict
import time:      1853 |       1853 |                                     filelock._unix
import time:      3732 |       3732 |                                     filelock.asyncio
import time:      2891 |       2891 |                                     filelock.version
import time:      6409 |      79571 |                                   filelock
import time:      2089 |       2089 |                                   huggingface_hub.utils.logging
import time:      1472 |     126623 |                                 huggingface_hub.utils._fixes
import time:      1031 |       1031 |                                     huggingface_hub.utils._lfs
import time:      1441 |       1441 |                                     huggingface_hub.utils._typing
import time:      5451 |       7922 |                                   huggingface_hub.utils._http
import time:      1272 |       9193 |                                 huggingface_hub.utils._oauth_device
import time:     47187 |      47187 |                                 huggingface_hub.utils._runtime
import time:      2037 |     189432 |                               huggingface_hub.utils._auth
import time:      2107 |       2107 |                               huggingface_hub.utils._cache_assets
import time:      3375 |       3375 |                                 huggingface_hub.utils._parsing
import time:      2025 |       2025 |                                   huggingface_hub.utils._detect_agent
import time:      2442 |       4467 |                                 huggingface_hub.utils._terminal
import time:      8085 |      15926 |                               huggingface_hub.utils._cache_manager
import time:      1313 |       1313 |                               huggingface_hub.utils._chunk_utils
import time:      1109 |       1109 |                               huggingface_hub.utils._datetime
import time:      2340 |       2340 |                               huggingface_hub.utils._experimental
import time:      1947 |       1947 |                                 huggingface_hub.utils._subprocess
import time:      2770 |       4716 |                               huggingface_hub.utils._git_credential
import time:      2220 |       2220 |                                 huggingface_hub.utils._validators
import time:      1776 |       3995 |                               huggingface_hub.utils._headers
import time:      4937 |       4937 |                               huggingface_hub.utils._hf_uris
import time:      2930 |       2930 |                               huggingface_hub.utils._pagination
import time:      2242 |       2242 |                               huggingface_hub.utils._paths
import time:      4489 |       4489 |                               huggingface_hub.utils._safetensors
import time:      1915 |       1915 |                               huggingface_hub.utils._telemetry
import time:      3457 |       3457 |                               huggingface_hub.utils._xet
import time:      3536 |     529341 |                             huggingface_hub.utils
import time:      2143 |       2143 |                             transformers._typing
import time:      3728 |     535212 |                           transformers.utils.logging
import time:   1452030 |    1452030 |                           transformers.utils.import_utils
import time:     13717 |    2000958 |                         transformers.utils.generic
import time:     13847 |    2043833 |                       transformers.utils.auto_docstring
import time:      3385 |       3385 |                           jinja2.bccache
import time:      5124 |       5124 |                               markupsafe._speedups
import time:      4115 |       9239 |                             markupsafe
import time:      6824 |       6824 |                               jinja2.utils
import time:      6134 |      12958 |                             jinja2.nodes
import time:      3973 |       3973 |                               jinja2.exceptions
import time:      3061 |       3061 |                                 jinja2.visitor
import time:      3960 |       7020 |                               jinja2.idtracking
import time:      2197 |       2197 |                               jinja2.optimizer
import time:      6596 |      19785 |                             jinja2.compiler
import time:      4738 |       4738 |                                 jinja2.async_utils
import time:      5535 |       5535 |                                 jinja2.runtime
import time:      5240 |      15513 |                               jinja2.filters
import time:      1983 |       1983 |                               jinja2.tests
import time:      2696 |      20190 |                             jinja2.defaults
import time:      5461 |       5461 |                               jinja2._identifier
import time:      4233 |       9693 |                             jinja2.lexer
import time:      3850 |       3850 |                             jinja2.parser
import time:     10176 |      85889 |                           jinja2.environment
import time:      5160 |       5160 |                           jinja2.loaders
import time:      2936 |      97369 |                         jinja2
import time:      5965 |       5965 |                         jinja2.ext
import time:      2670 |       2670 |                         jinja2.meta
import time:      3964 |       3964 |                         jinja2.sandbox
import time:      2413 |       2413 |                             PIL._version
import time:      3055 |       5467 |                           PIL
import time:     17202 |      17202 |                           PIL.ExifTags
import time:      6482 |       6482 |                           PIL.ImageMode
import time:      7992 |       7992 |                           PIL.TiffTags
import time:      5201 |       5201 |                           PIL._binary
import time:      4843 |       4843 |                           PIL._deprecate
import time:      3872 |       3872 |                           PIL._util
import time:       982 |        982 |                           defusedxml
import time:      7087 |       7087 |                           PIL._imaging
import time:      9532 |      68655 |                         PIL.Image
import time:      7728 |     186349 |                       transformers.utils.chat_template_utils
import time:      7025 |       7025 |                       transformers.utils.constants
import time:      5418 |       5418 |                         huggingface_hub._local_folder
import time:      2153 |       2153 |                         huggingface_hub._revision
import time:      2171 |       2171 |                         huggingface_hub._tree_cache
import time:      1445 |       1445 |                           huggingface_hub.utils.insecure_hashlib
import time:      1571 |       3016 |                         huggingface_hub.utils.sha
import time:      5375 |       5375 |                             httpcore._models
import time:      2693 |       2693 |                                     httpcore._backends
import time:      2372 |       2372 |                                     httpcore._exceptions
import time:      2058 |       2058 |                                     httpcore._utils
import time:      2075 |       2075 |                                     httpcore._backends.base
import time:      2956 |      12152 |                                   httpcore._backends.sync
import time:      1877 |       1877 |                                   httpcore._ssl
import time:       527 |        527 |                                     trio
import time:      3483 |       4010 |                                   httpcore._synchronization
import time:      2132 |       2132 |                                   httpcore._trace
import time:      2058 |       2058 |                                           h11._abnf
import time:      2577 |       2577 |                                             h11._util
import time:      4105 |       6681 |                                           h11._headers
import time:     16668 |      25407 |                                         h11._events
import time:      3544 |       3544 |                                           h11._receivebuffer
import time:      3112 |       3112 |                                           h11._state
import time:      6624 |      13279 |                                         h11._readers
import time:      2709 |       2709 |                                         h11._writers
import time:      3614 |      45009 |                                       h11._connection
import time:       927 |        927 |                                       h11._version
import time:      2648 |      48583 |                                     h11
import time:      1925 |       1925 |                                     httpcore._sync.interfaces
import time:      2893 |      53399 |                                   httpcore._sync.http11
import time:      3850 |      77419 |                                 httpcore._sync.connection
import time:      2487 |       2487 |                                 httpcore._sync.connection_pool
import time:      2887 |       2887 |                                 httpcore._sync.http_proxy
import time:       503 |        503 |                                     h2
import time:        97 |        600 |                                   h2.config
import time:      2096 |       2695 |                                 httpcore._sync.http2
import time:       488 |        488 |                                   socksio
import time:      1681 |       2168 |                                 httpcore._sync.socks_proxy
import time:      3822 |      91477 |                               httpcore._sync
import time:       165 |      91641 |                             httpcore._sync.connection_pool
import time:      5075 |     102090 |                           httpcore._api
import time:      1589 |       1589 |                               httpcore._backends.auto
import time:      2019 |       2019 |                                 httpcore._async.interfaces
import time:      2054 |       4072 |                               httpcore._async.http11
import time:      2239 |       7899 |                             httpcore._async.connection
import time:      2396 |       2396 |                             httpcore._async.connection_pool
import time:      1669 |       1669 |                             httpcore._async.http_proxy
import time:       464 |        464 |                                 h2
import time:        73 |        537 |                               h2.config
import time:      1425 |       1961 |                             httpcore._async.http2
import time:       428 |        428 |                               socksio
import time:      1664 |       2092 |                             httpcore._async.socks_proxy
import time:      1974 |      17990 |                           httpcore._async
import time:      1619 |       1619 |                           httpcore._backends.mock
import time:      1562 |       1562 |                           httpcore._backends.anyio
import time:       423 |        423 |                             trio
import time:      1467 |       1889 |                           httpcore._backends.trio
import time:      4676 |     129825 |                         httpcore
import time:     10919 |      10919 |                         huggingface_hub._buckets
import time:      4716 |       4716 |                           huggingface_hub.lfs
import time:      8331 |      13047 |                         huggingface_hub._commit_api
import time:      6313 |       6313 |                         huggingface_hub._dataset_viewer
import time:      4547 |       4547 |                         huggingface_hub._eval_results
import time:      4934 |       4934 |                         huggingface_hub._inference_endpoints
import time:     21005 |      21005 |                           huggingface_hub._space_api
import time:     27973 |      48978 |                         huggingface_hub._jobs_api
import time:      6672 |       6672 |                         huggingface_hub._upload_large_folder
import time:      4979 |       4979 |                         huggingface_hub._upload_pipeline
import time:     20123 |      20123 |                         huggingface_hub.community
import time:      6572 |       6572 |                         huggingface_hub.repocard_data
import time:      2764 |       2764 |                         huggingface_hub.utils._deprecation
import time:      3488 |       3488 |                         huggingface_hub.utils._verification
import time:      2830 |       2830 |                         huggingface_hub.utils.endpoint_helpers
import time:      2311 |       2311 |                         huggingface_hub.utils._xet_progress_reporting
import time:     97557 |     378606 |                       transformers.utils.hub
import time:      2177 |       2177 |                       transformers.utils.kernel_config
import time:      1463 |       1463 |                       transformers.utils.peft_utils
import time:      2700 |    2622150 |                     transformers.utils
import time:      2396 |    2624545 |                   transformers.utils.versions
import time:     30218 |    2656863 |                 transformers.dependency_versions_check
import time:      1598 |       1598 |                 transformers.utils.dummy_sentencepiece_and_tokenizers_objects
import time:      2993 |       2993 |                 transformers.utils.dummy_mistral_common_objects
import time:      2134 |       2134 |                 transformers.utils.dummy_torchvision_objects
import time:   2043592 |    4707179 |               transformers
import time:      7198 |       7198 |                 filecmp
import time:      9605 |      16803 |               transformers.dynamic_module_utils
import time:      4444 |       4444 |                   transformers.utils.chat_parsing.content_parsers
import time:     10324 |      10324 |                   transformers.utils.chat_parsing.response_templates
import time:      8611 |      23378 |                 transformers.utils.chat_parsing.response_parser
import time:      5492 |      28870 |               transformers.utils.chat_parsing
import time:      6290 |       6290 |                 tokenizers.tokenizers
import time:      2768 |       2768 |                     tokenizers.decoders
import time:      2329 |       2329 |                     tokenizers.models
import time:      2421 |       2421 |                     tokenizers.normalizers
import time:      2696 |       2696 |                     tokenizers.pre_tokenizers
import time:      2223 |       2223 |                     tokenizers.processors
import time:      4699 |      17134 |                   tokenizers.implementations.base_tokenizer
import time:      2387 |       2387 |                   tokenizers.implementations.bert_wordpiece
import time:      2699 |       2699 |                   tokenizers.implementations.byte_level_bpe
import time:      2572 |       2572 |                   tokenizers.implementations.char_level_bpe
import time:      2067 |       2067 |                   tokenizers.implementations.sentencepiece_bpe
import time:      3128 |       3128 |                   tokenizers.implementations.sentencepiece_unigram
import time:      3765 |      33749 |                 tokenizers.implementations
import time:      5412 |      45450 |               tokenizers
import time:     12698 |    4810998 |             transformers.tokenization_utils_base
import time:     20096 |    5075174 |           langchain_text_splitters.base
import time:      2822 |       2822 |           langchain_text_splitters.character
import time:       746 |        746 |             nltk
import time:       698 |        698 |             bs4
import time:       870 |        870 |             lxml
import time:      3947 |       6259 |           langchain_text_splitters.html
import time:      2387 |       2387 |           langchain_text_splitters.json
import time:      2565 |       2565 |           langchain_text_splitters.jsx
import time:       982 |        982 |             konlpy
import time:      2065 |       3046 |           langchain_text_splitters.konlpy
import time:      1867 |       1867 |           langchain_text_splitters.latex
import time:      2811 |       2811 |           langchain_text_splitters.markdown
import time:       549 |        549 |             nltk
import time:      2407 |       2956 |           langchain_text_splitters.nltk
import time:      2280 |       2280 |           langchain_text_splitters.python
import time:      2751 |       2751 |                     huggingface_hub.dataclasses
import time:      3307 |       3307 |                       transformers.generation
import time:      5422 |       5422 |                           torch._utils
import time:      1713 |       1713 |                               torch._strobelight
import time:      1864 |       1864 |                                 timeit
import time:      2378 |       4242 |                               torch._strobelight.cli_function_profiler
import time:      2348 |       8303 |                             torch._strobelight.compile_time_profiler
import time:      2684 |      10987 |                           torch._utils_internal
import time:      1584 |       1584 |                                 torch._vendor
import time:      1916 |       3499 |                               torch._vendor.packaging
import time:      2130 |       2130 |                               torch._vendor.packaging._structures
import time:      3374 |       9002 |                             torch._vendor.packaging.version
import time:      2241 |       2241 |                             torch.version
import time:      1860 |      13102 |                           torch.torch_version
import time:       220 |        220 |                           torch._rocm_init
import time:      2484 |       2484 |                             torch._opaque_base
import time:     67987 |      70471 |                           torch._C
import time:      4113 |       4113 |                             torch.overrides
import time:      3066 |       7179 |                           torch._tensor
import time:      2750 |       2750 |                             torch.types
import time:      2944 |       5693 |                           torch.storage
import time:      1824 |       1824 |                             torch.amp.autocast_mode
import time:      1858 |       1858 |                             torch.amp.grad_scaler
import time:      1644 |       5325 |                           torch.amp
import time:      1394 |       1394 |                           torch.random
import time:      2402 |       2402 |                             difflib
import time:      1779 |       1779 |                             torch._weights_only_unpickler
import time:      1592 |       1592 |                             torch._sources
import time:      3227 |       8998 |                           torch.serialization
import time:      2746 |       2746 |                           torch._tensor_str
import time:      1883 |       1883 |                             torch.cuda._device_limits
import time:      1493 |       1493 |                             torch.cuda.gds
import time:       381 |        381 |                                 cuda
import time:        54 |        435 |                               cuda.bindings
import time:      2229 |       2664 |                             torch.cuda._utils
import time:       357 |        357 |                                 cuda
import time:        53 |        410 |                               cuda.bindings
import time:      2595 |       3004 |                             torch.cuda.graphs
import time:      1382 |       1382 |                             torch.cuda.green_contexts
import time:      1387 |       1387 |                             torch.cuda.streams
import time:       298 |        298 |                             pynvml
import time:      1080 |       1080 |                               torch.cuda._memory_viz
import time:      1437 |       2517 |                             torch.cuda.memory
import time:       824 |        824 |                             torch.cuda.random
import time:      1020 |       1020 |                               torch.cuda.amp.autocast_mode
import time:       605 |        605 |                               torch.cuda.amp.common
import time:       855 |        855 |                               torch.cuda.amp.grad_scaler
import time:       969 |       3448 |                             torch.cuda.amp
import time:       806 |        806 |                             torch.cuda.jiterator
import time:       697 |        697 |                             torch.cuda.nvtx
import time:       671 |        671 |                             torch.cuda.profiler
import time:       621 |        621 |                             torch.cuda.sparse
import time:       840 |        840 |                                   multiprocessing.process
import time:      1776 |       1776 |                                   multiprocessing.reduction
import time:      1220 |       3835 |                                 multiprocessing.context
import time:       926 |       4761 |                               multiprocessing
import time:       787 |       5547 |                             torch.cuda.tunable
import time:     23298 |      50533 |                           torch.cuda
import time:      1322 |       1322 |                               torch.sparse._semi_structured_conversions
import time:      1012 |       1012 |                               torch.sparse._semi_structured_ops
import time:      1787 |       4120 |                             torch.sparse.semi_structured
import time:      1488 |       5607 |                           torch.sparse
import time:      1851 |       1851 |                           torch._compile
import time:      1431 |       1431 |                           torch._VF
import time:      2530 |       2530 |                                 torch.nn.parameter
import time:      3525 |       3525 |                                     torch._prims_common
import time:      1569 |       1569 |                                         torch.utils.backcompat
import time:      1735 |       1735 |                                         torch.utils.collect_env
import time:       745 |        745 |                                                       torch.distributed._pycute.typing
import time:      1151 |       1896 |                                                     torch.distributed._pycute.int_tuple
import time:      1092 |       1092 |                                                     torch.distributed._pycute.layout
import time:       801 |       3788 |                                                   torch.distributed._pycute
import time:      2512 |       6300 |                                                 torch.distributed._mesh_layout
import time:       816 |        816 |                                                 torch.utils._typing_utils
import time:       656 |        656 |                                                         unittest.util
import time:       890 |       1545 |                                                       unittest.result
import time:      1221 |       1221 |                                                       unittest.case
import time:       704 |        704 |                                                       unittest.suite
import time:      1027 |       1027 |                                                       unittest.loader
import time:       494 |        494 |                                                           unittest.signals
import time:       857 |       1351 |                                                         unittest.runner
import time:       723 |       2073 |                                                       unittest.main
import time:       799 |       7367 |                                                     unittest
import time:      3049 |      10415 |                                                   torch.utils._config_module
import time:      2434 |      12849 |                                                 torch.distributed.config
import time:      1477 |       1477 |                                                   torch.monitor
import time:       684 |        684 |                                                     torch.distributed.logging_handlers
import time:       863 |       1547 |                                                   torch.distributed.c10d_logger
import time:       651 |        651 |                                                   torch.distributed.constants
import time:       747 |        747 |                                                   torch.distributed.rendezvous
import time:       187 |        187 |                                                     torchcomms
import time:        21 |        208 |                                                   torchcomms._comms
import time:       129 |        129 |                                                     torchcomms
import time:        17 |        146 |                                                   torchcomms._backend_wrapper
import time:      3400 |       8174 |                                                 torch.distributed.distributed_c10d
import time:      2676 |      30813 |                                               torch.distributed.device_mesh
import time:      1123 |       1123 |                                               torch.distributed.remote_device
import time:      9194 |      41128 |                                             torch.distributed
import time:       937 |        937 |                                                             torch.utils.data.datapipes._hook_iterator
import time:      1008 |       1945 |                                                           torch.utils.data.datapipes._typing
import time:       790 |        790 |                                                             torch.utils._import_utils
import time:      1355 |       1355 |                                                               torch.utils.data.datapipes.utils
import time:      1560 |       2915 |                                                             torch.utils.data.datapipes.utils.common
import time:      1214 |       1214 |                                                             torch.utils.data.dataset
import time:       850 |        850 |                                                               dill.__info__
import time:       964 |        964 |                                                                 dill.logger
import time:      1652 |       1652 |                                                                 _pyio
import time:       895 |        895 |                                                                 dill._shims
import time:       713 |        713 |                                                                 dill.settings
import time:      2949 |       7170 |                                                               dill._dill
import time:      1260 |       1260 |                                                               dill.session
import time:       699 |        699 |                                                                 dill.pointers
import time:       847 |       1546 |                                                               dill.detect
import time:      1208 |       1208 |                                                               dill.source
import time:      1107 |       1107 |                                                               dill.temp
import time:       799 |        799 |                                                               dill.objtypes
import time:      1223 |      15161 |                                                             dill
import time:      2558 |      22636 |                                                           torch.utils.data.datapipes.datapipe
import time:       860 |      25440 |                                                         torch.utils.data.datapipes._decorator
import time:       720 |        720 |                                                           torch.utils.data.datapipes.dataframe.dataframe_wrapper
import time:      1002 |       1721 |                                                         torch.utils.data.datapipes.dataframe.structures
import time:      1416 |      28577 |                                                       torch.utils.data.datapipes.dataframe.dataframes
import time:      1032 |       1032 |                                                       torch.utils.data.datapipes.dataframe.datapipes
import time:       878 |      30486 |                                                     torch.utils.data.datapipes.dataframe
import time:       998 |        998 |                                                             torch.utils.data._utils.collate
import time:       731 |        731 |                                                             torch.utils.data._utils.fetch
import time:       672 |        672 |                                                             torch.utils.data._utils.pin_memory
import time:       770 |        770 |                                                             torch.utils.data._utils.signal_handling
import time:      3667 |       3667 |                                                             torch.utils.data._utils.worker
import time:       792 |       7627 |                                                           torch.utils.data._utils
import time:        72 |       7699 |                                                         torch.utils.data._utils.collate
import time:      1072 |       8771 |                                                       torch.utils.data.datapipes.iter.callable
import time:      1047 |       1047 |                                                         torch.utils.data.sampler
import time:       979 |       2026 |                                                       torch.utils.data.datapipes.iter.combinatorics
import time:      1363 |       1363 |                                                       torch.utils.data.datapipes.iter.combining
import time:      1035 |       1035 |                                                         torch.utils.data.datapipes.iter.utils
import time:       837 |       1871 |                                                       torch.utils.data.datapipes.iter.filelister
import time:       750 |        750 |                                                       torch.utils.data.datapipes.iter.fileopener
import time:       881 |        881 |                                                       torch.utils.data.datapipes.iter.grouping
import time:       940 |        940 |                                                         torch.utils.data.datapipes.utils.decoder
import time:       952 |       1892 |                                                       torch.utils.data.datapipes.iter.routeddecoder
import time:       871 |        871 |                                                       torch.utils.data.datapipes.iter.selecting
import time:       895 |        895 |                                                       torch.utils.data.datapipes.iter.sharding
import time:       758 |        758 |                                                       torch.utils.data.datapipes.iter.streamreader
import time:       895 |      20966 |                                                     torch.utils.data.datapipes.iter
import time:       921 |        921 |                                                       torch.utils.data.datapipes.map.callable
import time:       810 |        810 |                                                       torch.utils.data.datapipes.map.combinatorics
import time:       919 |        919 |                                                       torch.utils.data.datapipes.map.combining
import time:       821 |        821 |                                                       torch.utils.data.datapipes.map.grouping
import time:       873 |        873 |                                                       torch.utils.data.datapipes.map.utils
import time:       724 |       5066 |                                                     torch.utils.data.datapipes.map
import time:       767 |      57284 |                                                   torch.utils.data.datapipes
import time:        19 |      57303 |                                                 torch.utils.data.datapipes.iter
import time:        20 |      57323 |                                               torch.utils.data.datapipes.iter.sharding
import time:       784 |        784 |                                               torch.utils.data.graph
import time:       838 |      58944 |                                             torch.utils.data.graph_settings
import time:      3014 |     103086 |                                           torch.utils.data.dataloader
import time:       973 |        973 |                                           torch.utils.data.distributed
import time:      1234 |     105292 |                                         torch.utils.data
import time:      1240 |       1240 |                                         torch.utils.deterministic
import time:       872 |        872 |                                         torch.utils.hooks
import time:       889 |        889 |                                         torch.utils.backend_registration
import time:       704 |        704 |                                         torch.utils.cpp_backtrace
import time:       743 |        743 |                                         torch.utils.throughput_benchmark
import time:      1734 |     114775 |                                       torch.utils
import time:       936 |        936 |                                       torchgen
import time:       898 |        898 |                                           torchgen.code_template
import time:      1160 |       2057 |                                         torchgen.utils
import time:     27715 |      29771 |                                       torchgen.model
import time:      2959 |     148440 |                                     torch.utils._python_dispatch
import time:      3427 |     155391 |                                   torch.nn.modules.module
import time:      1460 |       1460 |                                         torch.distributed.rpc
import time:      2751 |       2751 |                                                     pickletools
import time:      2166 |       2166 |                                                     torch.package._digraph
import time:      1833 |       1833 |                                                     torch.package._importlib
import time:      1377 |       1377 |                                                     torch.package._mangling
import time:      1798 |       1798 |                                                       torch.package.importer
import time:      1339 |       3136 |                                                     torch.package._package_pickler
import time:      1312 |       1312 |                                                     torch.package._stdlib
import time:      1708 |       1708 |                                                     torch.package.find_file_dependencies
import time:      1653 |       1653 |                                                     torch.package.glob_group
import time:      9489 |      25422 |                                                   torch.package.package_exporter
import time:      1375 |      26797 |                                                 torch.package.analyze.find_first_use_of_broken_modules
import time:      1460 |       1460 |                                                 torch.package.analyze.trace_dependencies
import time:      1386 |      29643 |                                               torch.package.analyze
import time:      1181 |      30824 |                                             torch.package.analyze.is_from_package
import time:      1105 |       1105 |                                             torch.package.file_structure_representation
import time:      1275 |       1275 |                                               torch.package._directory_reader
import time:      1476 |       1476 |                                               torch.package._package_unpickler
import time:      1894 |       4644 |                                             torch.package.package_importer
import time:      1486 |      38056 |                                           torch.package
import time:        43 |      38099 |                                         torch.package._mangling
import time:      1124 |       1124 |                                         torch._awaits
import time:      1373 |       1373 |                                         torch.futures
import time:      2323 |      44378 |                                       torch._jit_internal
import time:      4170 |       4170 |                                       torch._torch_docs
import time:      1307 |       1307 |                                       torch.nn._reduction
import time:      1402 |       1402 |                                         torch.nn.modules.utils
import time:      1355 |       2756 |                                       torch.nn.grad
import time:     17253 |      69862 |                                     torch.nn.functional
import time:      2528 |       2528 |                                     torch.nn.init
import time:      4622 |       4622 |                                     torch.nn.modules.lazy
import time:      2187 |      79199 |                                   torch.nn.modules.linear
import time:      4780 |       4780 |                                   torch.nn.modules.activation
import time:      2986 |       2986 |                                     torch.nn.modules.container
import time:      1808 |       4794 |                                   torch.nn.modules.adaptive
import time:      1528 |       1528 |                                                         torch._functorch
import time:       867 |        867 |                                                             torch.utils._contextlib
import time:      1020 |       1887 |                                                           torch.autograd.grad_mode
import time:      2732 |       4618 |                                                         torch.autograd.forward_ad
import time:      3506 |       9651 |                                                       torch._functorch.pyfunctorch
import time:      1794 |      11444 |                                                     torch._ops
import time:      3747 |       3747 |                                                     torch._library.utils
import time:      2194 |      17385 |                                                   torch._library.autograd
import time:      2001 |       2001 |                                                   torch._library.fake_impl
import time:      2156 |       2156 |                                                     torch.utils._ordered_set
import time:      3125 |       3125 |                                                     torch._library.effects
import time:      1695 |       6975 |                                                   torch._library.simple_registry
import time:      3497 |       3497 |                                                   torch._library.fake_class_registry
import time:      1615 |       1615 |                                                     torch.utils._exposed_in
import time:      2491 |       2491 |                                                     torch._library.custom_ops
import time:      5448 |       5448 |                                                       torch._library.opaque_object
import time:      3740 |       9188 |                                                     torch._library.infer_schema
import time:      2445 |      15738 |                                                   torch._library.triton
import time:      1326 |      46919 |                                                 torch._library
import time:        82 |      47001 |                                               torch._library.opaque_object
import time:     11797 |      58798 |                                             torch.utils._pytree
import time:      1393 |      60190 |                                           torch._vmap_internals
import time:      2566 |       2566 |                                           torch.autograd.functional
import time:      1617 |       1617 |                                             torch.autograd.variable
import time:      3009 |       4626 |                                           torch.autograd.graph
import time:      1541 |       1541 |                                           torch.autograd.anomaly_mode
import time:      1730 |       1730 |                                                 torch._functorch.utils
import time:      2332 |       2332 |                                                   torch._functorch.predispatch
import time:      2382 |       4713 |                                                 torch._functorch.vmap
import time:      1623 |       8066 |                                               torch._functorch.apis
import time:      3409 |      11474 |                                             torch._functorch.autograd_function
import time:      3266 |      14739 |                                           torch.autograd.function
import time:      2602 |       2602 |                                               torch.testing._utils
import time:      6292 |       6292 |                                               torch.testing._comparison
import time:      1587 |       1587 |                                               torch.testing._creation
import time:      1888 |      12368 |                                             torch.testing
import time:      2397 |      14765 |                                           torch.autograd.gradcheck
import time:      5052 |       5052 |                                             torch.autograd.profiler_util
import time:      2340 |       7391 |                                           torch.autograd.profiler
import time:      4293 |     110107 |                                         torch.autograd
import time:        29 |     110135 |                                       torch.autograd.function
import time:      1363 |     111498 |                                     torch.nn.modules._functions
import time:      2927 |     114425 |                                   torch.nn.modules.batchnorm
import time:      1138 |       1138 |                                   torch.nn.modules.channelshuffle
import time:      3143 |       3143 |                                     torch.nn.common_types
import time:      2482 |       5625 |                                   torch.nn.modules.conv
import time:      1051 |       1051 |                                   torch.nn.modules.distance
import time:       994 |        994 |                                   torch.nn.modules.dropout
import time:       745 |        745 |                                   torch.nn.modules.flatten
import time:       756 |        756 |                                   torch.nn.modules.fold
import time:      1034 |       1034 |                                   torch.nn.modules.instancenorm
import time:      2987 |       2987 |                                   torch.nn.modules.linear_cross_entropy_options
import time:      3416 |       3416 |                                   torch.nn.modules.loss
import time:      1255 |       1255 |                                   torch.nn.modules.normalization
import time:      1244 |       1244 |                                   torch.nn.modules.padding
import time:       996 |        996 |                                   torch.nn.modules.pixelshuffle
import time:      3919 |       3919 |                                   torch.nn.modules.pooling
import time:      1542 |       1542 |                                             torch.__future__
import time:      2033 |       3575 |                                           torch.nn.utils.parametrize
import time:      2899 |       6473 |                                         torch.nn.utils.parametrizations
import time:      3778 |       3778 |                                         torch.nn.utils.rnn
import time:      2448 |       2448 |                                           torch.nn.utils._named_member_accessor
import time:      2833 |       5281 |                                         torch.nn.utils.stateless
import time:      1962 |       1962 |                                           torch.utils._foreach_utils
import time:      2254 |       4216 |                                         torch.nn.utils.clip_grad
import time:      1808 |       1808 |                                         torch.nn.utils.convert_parameters
import time:      2633 |       2633 |                                         torch.nn.utils.fusion
import time:      1972 |       1972 |                                         torch.nn.utils.init
import time:      2291 |       2291 |                                         torch.nn.utils.memory_format
import time:      1993 |       1993 |                                         torch.nn.utils.spectral_norm
import time:      1867 |       1867 |                                         torch.nn.utils.weight_norm
import time:      2508 |      34816 |                                       torch.nn.utils
import time:       105 |      34921 |                                     torch.nn.utils.rnn
import time:     10947 |      45868 |                                   torch.nn.modules.rnn
import time:      1874 |       1874 |                                   torch.nn.modules.sparse
import time:      1792 |       1792 |                                   torch.nn.modules.transformer
import time:      1869 |       1869 |                                   torch.nn.modules.upsampling
import time:      2303 |     437443 |                                 torch.nn.modules
import time:      1362 |       1362 |                                       torch.backends.cpu
import time:      1841 |       1841 |                                       torch.backends.cuda
import time:      1236 |       1236 |                                         torch.backends.cudnn.rnn
import time:      1810 |       3046 |                                       torch.backends.cudnn
import time:      1120 |       1120 |                                       torch.backends.cusparselt
import time:      1886 |       1886 |                                       torch.backends.kleidiai
import time:      1121 |       1121 |                                       torch.backends.mha
import time:      1246 |       1246 |                                       torch.backends.miopen
import time:       795 |        795 |                                       torch.backends.mkl
import time:       852 |        852 |                                       torch.backends.mkldnn
import time:      1556 |       1556 |                                         torch.library
import time:       733 |       2289 |                                       torch.backends.mps
import time:      1681 |       1681 |                                       torch.backends.nnpack
import time:      1540 |       1540 |                                       torch.backends.openmp
import time:       780 |        780 |                                         opt_einsum
import time:      2410 |       3189 |                                       torch.backends.opt_einsum
import time:      4191 |       4191 |                                       torch.backends.python_native
import time:      1978 |       1978 |                                       torch.backends.quantized
import time:      3358 |      31488 |                                     torch.backends
import time:        62 |      31550 |                                   torch.backends.cuda
import time:      1554 |       1554 |                                   torch.nn.attention._registry
import time:      2426 |       2426 |                                   torch.nn.attention._fa3
import time:      1898 |       1898 |                                   torch.nn.attention._fa4
import time:      1926 |      39352 |                                 torch.nn.attention
import time:      1638 |       1638 |                                     torch.nn.parallel.parallel_apply
import time:      1381 |       1381 |                                         torch.cuda.nccl
import time:      1210 |       2591 |                                       torch.nn.parallel.comm
import time:      1316 |       3907 |                                     torch.nn.parallel.replicate
import time:      1335 |       1335 |                                       torch.nn.parallel._functions
import time:      1239 |       2573 |                                     torch.nn.parallel.scatter_gather
import time:      2829 |      10946 |                                   torch.nn.parallel.data_parallel
import time:      1914 |       1914 |                                         torch.distributed.algorithms.join
import time:      1161 |       3075 |                                       torch.distributed.algorithms
import time:        37 |       3111 |                                     torch.distributed.algorithms.join
import time:      1786 |       1786 |                                     torch.distributed.utils
import time:      5127 |      10023 |                                   torch.nn.parallel.distributed
import time:      2733 |      23701 |                                 torch.nn.parallel
import time:      2293 |     505317 |                               torch.nn
import time:        76 |     505393 |                             torch.nn.functional
import time:      1835 |       1835 |                               torch._linalg_utils
import time:      1852 |       3687 |                             torch._lowrank
import time:      8451 |     517529 |                           torch.functional
import time:      1468 |       1468 |                           torch.__config__
import time:      1909 |       1909 |                             torch.accelerator._utils
import time:      2083 |       2083 |                             torch.accelerator.graphs
import time:      1755 |       1755 |                             torch.accelerator.memory
import time:      2039 |       7785 |                           torch.accelerator
import time:      2079 |       2079 |                               torch.cpu.amp.autocast_mode
import time:      1293 |       1293 |                               torch.cpu.amp.grad_scaler
import time:      2389 |       5760 |                             torch.cpu.amp
import time:      2059 |       7819 |                           torch.cpu
import time:      3065 |       3065 |                               torch.distributions.constraints
import time:      2342 |       2342 |                                 torch.distributions.utils
import time:      2484 |       4826 |                               torch.distributions.distribution
import time:      9439 |      17329 |                             torch.distributions.transforms
import time:      1917 |       1917 |                               torch.distributions.exp_family
import time:      2674 |       4591 |                             torch.distributions.bernoulli
import time:      2645 |       2645 |                               torch.distributions.dirichlet
import time:      2375 |       5019 |                             torch.distributions.beta
import time:      1659 |       1659 |                             torch.distributions.binomial
import time:      1486 |       1486 |                             torch.distributions.categorical
import time:      1482 |       1482 |                             torch.distributions.cauchy
import time:      1356 |       1356 |                               torch.distributions.gamma
import time:      1305 |       2660 |                             torch.distributions.chi2
import time:      1954 |       1954 |                             torch.distributions.constraint_registry
import time:      2130 |       2130 |                             torch.distributions.continuous_bernoulli
import time:      2940 |       2940 |                             torch.distributions.exponential
import time:      1732 |       1732 |                             torch.distributions.fishersnedecor
import time:      1582 |       1582 |                             torch.distributions.generalized_pareto
import time:      1517 |       1517 |                             torch.distributions.geometric
import time:      1714 |       1714 |                                 torch.distributions.independent
import time:      1451 |       3164 |                               torch.distributions.transformed_distribution
import time:      1804 |       1804 |                               torch.distributions.uniform
import time:      1542 |       6510 |                             torch.distributions.gumbel
import time:      1566 |       1566 |                             torch.distributions.half_cauchy
import time:      2296 |       2296 |                               torch.distributions.normal
import time:      1523 |       3818 |                             torch.distributions.half_normal
import time:      2147 |       2147 |                             torch.distributions.inverse_gamma
import time:      2659 |       2659 |                               torch.distributions.laplace
import time:      2419 |       2419 |                                 torch.distributions.multivariate_normal
import time:      2259 |       4678 |                               torch.distributions.lowrank_multivariate_normal
import time:      2413 |       2413 |                               torch.distributions.one_hot_categorical
import time:      2870 |       2870 |                               torch.distributions.pareto
import time:      2245 |       2245 |                               torch.distributions.poisson
import time:      2961 |      17824 |                             torch.distributions.kl
import time:      1889 |       1889 |                             torch.distributions.kumaraswamy
import time:      1458 |       1458 |                             torch.distributions.lkj_cholesky
import time:      1343 |       1343 |                             torch.distributions.log_normal
import time:      1303 |       1303 |                             torch.distributions.logistic_normal
import time:      1977 |       1977 |                             torch.distributions.mixture_same_family
import time:      3172 |       3172 |                             torch.distributions.multinomial
import time:      1842 |       1842 |                             torch.distributions.negative_binomial
import time:      1588 |       1588 |                             torch.distributions.relaxed_bernoulli
import time:      1630 |       1630 |                             torch.distributions.relaxed_categorical
import time:      1502 |       1502 |                             torch.distributions.studentT
import time:      2864 |       2864 |                                   torch.jit._builtins
import time:      1723 |       1723 |                                   torch.distributed.autograd
import time:      4633 |       9219 |                                 torch.jit._async
import time:      1691 |       1691 |                                 torch.jit._await
import time:      2207 |       2207 |                                 torch.jit._decomposition_utils
import time:      3200 |       3200 |                                     torch._classes
import time:      1948 |       1948 |                                     torch.jit._fuser
import time:       798 |        798 |                                       monkeytype
import time:      2883 |       3680 |                                     torch.jit._monkeytype_config
import time:      2763 |       2763 |                                       torch.jit._check
import time:      2534 |       2534 |                                       torch.jit._state
import time:      2625 |       2625 |                                         torch.jit.annotations
import time:      2033 |       2033 |                                         torch.jit._dataclass_impls
import time:      4299 |       8955 |                                       torch.jit.frontend
import time:      3858 |      18108 |                                     torch.jit._recursive
import time:      1929 |       1929 |                                     torch.jit._serialization
import time:      6378 |      35240 |                                   torch.jit._script
import time:      2324 |      37564 |                                 torch.jit._freeze
import time:      1917 |       1917 |                                 torch.jit._ir_utils
import time:      4376 |       4376 |                                 torch.jit._trace
import time:      2122 |      59093 |                               torch.jit
import time:      1832 |      60925 |                             torch.distributions.von_mises
import time:      2344 |       2344 |                             torch.distributions.weibull
import time:      2334 |       2334 |                             torch.distributions.wishart
import time:      2908 |     164149 |                           torch.distributions
import time:      3343 |       3343 |                           torch.fft
import time:      2346 |       2346 |                           torch.hub
import time:      1942 |       1942 |                           torch.linalg
import time:      1866 |       1866 |                             torch.mps.profiler
import time:      1369 |       1369 |                             torch.mps.event
import time:      1861 |       5095 |                           torch.mps
import time:      1776 |       1776 |                             torch._environment
import time:      3434 |       3434 |                             torch.mtia._utils
import time:      2143 |       2143 |                             torch.mtia.memory
import time:      1829 |       1829 |                             torch.mtia.mtia_graph
import time:      2299 |      11480 |                           torch.mtia
import time:      1761 |       1761 |                               multiprocessing.util
import time:      1382 |       1382 |                               multiprocessing.resource_sharer
import time:      2547 |       5689 |                             torch.multiprocessing.reductions
import time:      2661 |       2661 |                                 _multiprocessing
import time:      3091 |       5752 |                               multiprocessing.connection
import time:      2089 |       7840 |                             torch.multiprocessing.spawn
import time:       501 |        501 |                                 runpy
import time:      1955 |       2456 |                               multiprocessing.spawn
import time:      2544 |       5000 |                             multiprocessing.resource_tracker
import time:      2385 |      20913 |                           torch.multiprocessing
import time:      2769 |       2769 |                               torch.nested._internal
import time:      1210 |       1210 |                                         torch.fx._compatibility
import time:      1651 |       2860 |                                       torch.fx.immutable_collections
import time:      1463 |       1463 |                                             torch.fx.experimental
import time:      4575 |       4575 |                                             torch.fx.experimental._config
import time:      1490 |       1490 |                                               torch.utils._dtype_abbrs
import time:      2758 |       2758 |                                                 torch.return_types
import time:      1527 |       4285 |                                               torch.fx._pytree
import time:      1348 |       1348 |                                                   torch.utils._inspect
import time:      2674 |       4022 |                                                 torch.fx.operator_schemas
import time:     20646 |      24667 |                                               torch.fx.node
import time:      1426 |       1426 |                                                               torch.fx.experimental.unification.multipledispatch.utils
import time:      1444 |       1444 |                                                               torch.fx.experimental.unification.multipledispatch.variadic
import time:      1533 |       4401 |                                                             torch.fx.experimental.unification.multipledispatch.conflict
import time:      1765 |       6165 |                                                           torch.fx.experimental.unification.multipledispatch.dispatcher
import time:      1510 |       7675 |                                                         torch.fx.experimental.unification.multipledispatch.core
import time:      1279 |       8953 |                                                       torch.fx.experimental.unification.multipledispatch
import time:      1212 |      10165 |                                                     torch.fx.experimental.unification.dispatch
import time:      1698 |       1698 |                                                     torch.fx.experimental.unification.unification_tools
import time:      3359 |       3359 |                                                     torch.fx.experimental.unification.utils
import time:      2605 |       2605 |                                                     torch.fx.experimental.unification.variable
import time:      2573 |      20399 |                                                   torch.fx.experimental.unification.core
import time:      1679 |       1679 |                                                   torch.fx.experimental.unification.more
import time:      2224 |      24301 |                                                 torch.fx.experimental.unification
import time:      2030 |      26331 |                                               torch.fx.tensor_type
import time:      8849 |      65620 |                                             torch.fx.graph
import time:      3554 |      75210 |                                           torch.fx.graph_module
import time:      1722 |      76932 |                                         torch.fx._lazy_graph_module
import time:      2812 |       2812 |                                           torch.fx.traceback
import time:       965 |        965 |                                                 torch._logging.structured
import time:      2592 |       2592 |                                                   unittest.mock
import time:       974 |        974 |                                                   torch.utils._traceback
import time:       925 |        925 |                                                   torch.utils.weak
import time:     23170 |      27660 |                                                 torch._guards
import time:      4789 |      33413 |                                               torch._logging._internal
import time:      1408 |      34821 |                                             torch._logging._registrations
import time:      1408 |      36229 |                                           torch._logging
import time:      4565 |      43604 |                                         torch.fx.proxy
import time:      4134 |     124669 |                                       torch.fx._symbolic_trace
import time:      2695 |       2695 |                                         torch.fx.config
import time:      3788 |       6482 |                                       torch.fx.interpreter
import time:      3507 |       3507 |                                       torch.fx.subgraph_rewriter
import time:      2251 |     139767 |                                     torch.fx
import time:        52 |     139818 |                                   torch.fx.experimental
import time:      1660 |     141478 |                                 torch.fx.experimental._constant_symnode
import time:      1731 |     143209 |                               torch.nested._internal.nested_int
import time:      2548 |     148525 |                             torch.nested._internal.nested_tensor
import time:      2509 |     151034 |                           torch.nested
import time:      1781 |       1781 |                               torch.optim.optimizer
import time:      2860 |       4640 |                             torch.optim.lr_scheduler
import time:      1209 |       1209 |                             torch.optim.swa_utils
import time:      2157 |       2157 |                             torch.optim._adafactor
import time:      3041 |       3041 |                             torch.optim._muon
import time:      2704 |       2704 |                             torch.optim._stateless
import time:      2117 |       2117 |                             torch.optim.adadelta
import time:      1219 |       1219 |                             torch.optim.adagrad
import time:      1211 |       1211 |                             torch.optim.adam
import time:      1264 |       1264 |                             torch.optim.adamax
import time:      1064 |       1064 |                             torch.optim.adamw
import time:      1713 |       1713 |                             torch.optim.asgd
import time:      1456 |       1456 |                             torch.optim.lbfgs
import time:      1921 |       1921 |                             torch.optim.nadam
import time:      1823 |       1823 |                             torch.optim.radam
import time:      1849 |       1849 |                             torch.optim.rmsprop
import time:      2481 |       2481 |                             torch.optim.rprop
import time:      1711 |       1711 |                             torch.optim.sgd
import time:      1830 |       1830 |                               torch.optim._functional
import time:      1666 |       3495 |                             torch.optim.sparse_adam
import time:      2068 |      39135 |                           torch.optim
import time:      4631 |       4631 |                                 torch.profiler._utils
import time:      6516 |      11146 |                               torch.profiler._memory_profiler
import time:      2765 |      13910 |                             torch.profiler.profiler
import time:      1363 |       1363 |                             torch.profiler.itt
import time:      2156 |      17429 |                           torch.profiler
import time:      1397 |       1397 |                           torch.special
import time:      1286 |       1286 |                             torch.xpu._utils
import time:      5075 |       5075 |                             torch.xpu.graphs
import time:      1615 |       1615 |                             torch.xpu.streams
import time:      2203 |       2203 |                             torch.xpu.memory
import time:      1359 |       1359 |                             torch.xpu.random
import time:      3094 |      14631 |                           torch.xpu
import time:      1533 |       1533 |                               torch.signal.windows.windows
import time:      1420 |       2953 |                             torch.signal.windows
import time:      1371 |       4324 |                           torch.signal
import time:      1414 |       1414 |                           torch.ao
import time:      1606 |       1606 |                               torch.ao.nn
import time:      1331 |       1331 |                                 torch.ao.nn.intrinsic.modules.fused
import time:      1179 |       2509 |                               torch.ao.nn.intrinsic.modules
import time:      1424 |       5538 |                             torch.ao.nn.intrinsic
import time:       950 |        950 |                               torch.nn.intrinsic.modules.fused
import time:      1105 |       2055 |                             torch.nn.intrinsic.modules
import time:      1508 |       1508 |                                             torch.ao.nn.qat.modules.conv
import time:       765 |        765 |                                             torch.ao.nn.qat.modules.embedding_ops
import time:       706 |        706 |                                             torch.ao.nn.qat.modules.linear
import time:      1255 |       4233 |                                           torch.ao.nn.qat.modules
import time:       671 |       4904 |                                         torch.ao.nn.qat
import time:      1311 |       6214 |                                       torch.ao.nn.intrinsic.qat.modules.conv_fused
import time:       857 |        857 |                                       torch.ao.nn.intrinsic.qat.modules.linear_fused
import time:       747 |        747 |                                       torch.ao.nn.intrinsic.qat.modules.linear_relu
import time:       772 |       8589 |                                     torch.ao.nn.intrinsic.qat.modules
import time:       688 |       9277 |                                   torch.ao.nn.intrinsic.qat
import time:       801 |      10077 |                                 torch.nn.intrinsic.qat.modules.conv_fused
import time:       613 |        613 |                                 torch.nn.intrinsic.qat.modules.linear_fused
import time:       583 |        583 |                                 torch.nn.intrinsic.qat.modules.linear_relu
import time:       898 |      12170 |                               torch.nn.intrinsic.qat.modules
import time:       853 |      13022 |                             torch.nn.intrinsic.qat
import time:      1802 |       1802 |                                                         torch.ao.nn.quantizable.modules.activation
import time:      1296 |       1296 |                                                         torch.ao.nn.quantizable.modules.rnn
import time:      1271 |       4367 |                                                       torch.ao.nn.quantizable.modules
import time:      1511 |       5878 |                                                     torch.ao.nn.quantizable
import time:      1605 |       1605 |                                                     torch.ao.nn.quantized.modules.activation
import time:      1279 |       1279 |                                                     torch.ao.nn.quantized.modules.batchnorm
import time:      1080 |       1080 |                                                       torch.ao.nn.quantized.modules.utils
import time:      1772 |       2851 |                                                     torch.ao.nn.quantized.modules.conv
import time:       935 |        935 |                                                     torch.ao.nn.quantized.modules.dropout
import time:      1114 |       1114 |                                                     torch.ao.nn.quantized.modules.embedding_ops
import time:      1279 |       1279 |                                                     torch.ao.nn.quantized.modules.functional_modules
import time:      1325 |       1325 |                                                     torch.ao.nn.quantized.modules.linear
import time:       992 |        992 |                                                     torch.ao.nn.quantized.modules.normalization
import time:       851 |        851 |                                                     torch.ao.nn.quantized.modules.rnn
import time:      2121 |      20225 |                                                   torch.ao.nn.quantized.modules
import time:        31 |      20255 |                                                 torch.ao.nn.quantized.modules.utils
import time:      1268 |      21522 |                                               torch.ao.nn.quantized.functional
import time:       912 |      22434 |                                             torch.ao.nn.quantized
import time:      1119 |      23552 |                                           torch.ao.nn.intrinsic.quantized.modules.bn_relu
import time:      1234 |       1234 |                                           torch.ao.nn.intrinsic.quantized.modules.conv_add
import time:      1120 |       1120 |                                           torch.ao.nn.intrinsic.quantized.modules.conv_relu
import time:      1168 |       1168 |                                           torch.ao.nn.intrinsic.quantized.modules.linear_relu
import time:      1012 |      28085 |                                         torch.ao.nn.intrinsic.quantized.modules
import time:      1097 |      29181 |                                       torch.ao.nn.intrinsic.quantized
import time:      1313 |       1313 |                                               torch.ao.nn.quantized.dynamic.modules.conv
import time:       962 |        962 |                                               torch.ao.nn.quantized.dynamic.modules.linear
import time:      2771 |       2771 |                                               torch.ao.nn.quantized.dynamic.modules.rnn
import time:      1147 |       6191 |                                             torch.ao.nn.quantized.dynamic.modules
import time:       953 |       7144 |                                           torch.ao.nn.quantized.dynamic
import time:      1378 |       8521 |                                         torch.ao.nn.intrinsic.quantized.dynamic.modules.linear_relu
import time:      1302 |       9823 |                                       torch.ao.nn.intrinsic.quantized.dynamic.modules
import time:      1318 |      40321 |                                     torch.ao.nn.intrinsic.quantized.dynamic
import time:       748 |      41068 |                                   torch.nn.intrinsic.quantized.dynamic.modules.linear_relu
import time:       765 |      41833 |                                 torch.nn.intrinsic.quantized.dynamic.modules
import time:       889 |      42722 |                               torch.nn.intrinsic.quantized.dynamic
import time:      1230 |       1230 |                                 torch.nn.intrinsic.quantized.modules.bn_relu
import time:       829 |        829 |                                 torch.nn.intrinsic.quantized.modules.conv_relu
import time:       757 |        757 |                                 torch.nn.intrinsic.quantized.modules.linear_relu
import time:       971 |       3785 |                               torch.nn.intrinsic.quantized.modules
import time:       727 |      47233 |                             torch.nn.intrinsic.quantized
import time:      1518 |      69364 |                           torch.nn.intrinsic
import time:      1253 |       1253 |                                           torch.ao.nn.qat.dynamic.modules.linear
import time:      1082 |       2334 |                                         torch.ao.nn.qat.dynamic.modules
import time:       805 |       3139 |                                       torch.ao.nn.qat.dynamic
import time:        33 |       3172 |                                     torch.ao.nn.qat.dynamic.modules
import time:        39 |       3211 |                                   torch.ao.nn.qat.dynamic.modules.linear
import time:       942 |       4152 |                                 torch.nn.qat.dynamic.modules.linear
import time:       867 |       5018 |                               torch.nn.qat.dynamic.modules
import time:       854 |       5872 |                             torch.nn.qat.dynamic
import time:      1101 |       1101 |                               torch.nn.qat.modules.conv
import time:      1620 |       1620 |                               torch.nn.qat.modules.embedding_ops
import time:      1067 |       1067 |                               torch.nn.qat.modules.linear
import time:      1313 |       5100 |                             torch.nn.qat.modules
import time:       812 |      11783 |                           torch.nn.qat
import time:      1241 |       1241 |                             torch.nn.quantizable.modules
import time:      1240 |       2481 |                           torch.nn.quantizable
import time:      1395 |       1395 |                             torch.nn.quantized.dynamic
import time:       857 |        857 |                             torch.nn.quantized.functional
import time:       826 |        826 |                             torch.nn.quantized.modules
import time:      1577 |       4653 |                           torch.nn.quantized
import time:       723 |        723 |                           torch._size_docs
import time:       706 |        706 |                           torch._storage_docs
import time:      1604 |       1604 |                           torch._tensor_docs
import time:      1224 |       1224 |                                         torch.ao.quantization.quant_type
import time:      1664 |       2887 |                                       torch.ao.quantization.utils
import time:      8828 |      11715 |                                     torch.ao.quantization.observer
import time:      1756 |      13471 |                                   torch.ao.quantization.fake_quantize
import time:      1997 |       1997 |                                     torch.ao.quantization.fuser_method_mappings
import time:      2324 |       4320 |                                   torch.ao.quantization.fuse_modules
import time:      1981 |       1981 |                                   torch.ao.quantization.qconfig
import time:      2213 |       2213 |                                   torch.ao.quantization.qconfig_mapping
import time:      1321 |       1321 |                                           torch.ao.nn.quantized.reference.modules.utils
import time:      1595 |       2916 |                                         torch.ao.nn.quantized.reference.modules.conv
import time:      1271 |       1271 |                                         torch.ao.nn.quantized.reference.modules.linear
import time:      1470 |       1470 |                                         torch.ao.nn.quantized.reference.modules.rnn
import time:      1789 |       1789 |                                         torch.ao.nn.quantized.reference.modules.sparse
import time:      1378 |       8823 |                                       torch.ao.nn.quantized.reference.modules
import time:      1244 |      10066 |                                     torch.ao.nn.quantized.reference
import time:      1622 |       1622 |                                             torch.ao.nn.sparse.quantized.linear
import time:       991 |        991 |                                             torch.ao.nn.sparse.quantized.utils
import time:      3117 |       5730 |                                           torch.ao.nn.sparse.quantized.dynamic.linear
import time:      2697 |       8426 |                                         torch.ao.nn.sparse.quantized.dynamic
import time:      1499 |       9925 |                                       torch.ao.nn.sparse.quantized
import time:      1152 |      11076 |                                     torch.ao.nn.sparse
import time:       998 |        998 |                                     torch.ao.quantization.stubs
import time:      1962 |      24101 |                                   torch.ao.quantization.quantization_mappings
import time:      1124 |       1124 |                                   torch.ao.quantization.quantize
import time:      1204 |       1204 |                                   torch.ao.quantization.quantize_jit
import time:      1134 |      49545 |                                 torch.ao.quantization
import time:        39 |      49584 |                               torch.ao.quantization.fake_quantize
import time:       844 |      50427 |                             torch.quantization.fake_quantize
import time:       932 |        932 |                             torch.quantization.fuse_modules
import time:       777 |        777 |                             torch.quantization.fuser_method_mappings
import time:       728 |        728 |                             torch.quantization.observer
import time:       739 |        739 |                             torch.quantization.qconfig
import time:       831 |        831 |                             torch.quantization.quant_type
import time:       913 |        913 |                             torch.quantization.quantization_mappings
import time:      1306 |       1306 |                             torch.quantization.quantize
import time:      1237 |       1237 |                             torch.quantization.quantize_jit
import time:      1335 |       1335 |                             torch.quantization.stubs
import time:       986 |      60208 |                           torch.quantization
import time:      1330 |       1330 |                           torch.quasirandom
import time:      1174 |       1174 |                           torch.multiprocessing._atfork
import time:      1590 |       1590 |                           torch._lobpcg
import time:       891 |        891 |                               torch.masked._docs
import time:       990 |        990 |                                     torch.masked.maskedtensor.core
import time:      5065 |       6054 |                                   torch.masked.maskedtensor.binary
import time:      1733 |       1733 |                                   torch.masked.maskedtensor.passthrough
import time:       847 |        847 |                                     torch.masked.maskedtensor.creation
import time:      2998 |       3845 |                                   torch.masked.maskedtensor.reductions
import time:      7091 |       7091 |                                   torch.masked.maskedtensor.unary
import time:       981 |      19704 |                                 torch.masked.maskedtensor
import time:        49 |      19752 |                               torch.masked.maskedtensor.core
import time:      1823 |      22465 |                             torch.masked._ops
import time:      1309 |      23774 |                           torch.masked
import time:      2646 |       2646 |                           torch.utils.dlpack
import time:      1277 |       1277 |                                         torch._dispatch
import time:      1883 |       3159 |                                       torch._dispatch.python
import time:      5172 |       5172 |                                             torch._library.fake_profile
import time:      1104 |       1104 |                                               torch.utils._mode_utils
import time:     12183 |      13286 |                                             torch._subclasses.meta_utils
import time:      2088 |       2088 |                                             torch.utils._stats
import time:      3901 |       3901 |                                               torch.fx.experimental.sym_node
import time:      6888 |      10789 |                                             torch._subclasses._fake_tensor_utils
import time:      2231 |       2231 |                                               torch._custom_op
import time:     12979 |      15210 |                                             torch._subclasses.fake_impls
import time:     18623 |      65166 |                                           torch._subclasses.fake_tensor
import time:      1869 |       1869 |                                           torch._subclasses.fake_utils
import time:      1264 |      68297 |                                         torch._subclasses
import time:        60 |      68356 |                                       torch._subclasses.meta_utils
import time:      2837 |      74352 |                                     torch.fx.passes.shape_prop
import time:       667 |        667 |                                     pydot
import time:      2933 |      77950 |                                   torch.fx.passes.graph_drawer
import time:      2603 |       2603 |                                   torch.fx.passes.graph_manipulation
import time:      1753 |       1753 |                                           torch.fx.passes.utils.matcher_utils
import time:      1141 |       2894 |                                         torch.fx.passes.utils.common
import time:       917 |       3810 |                                       torch.fx.passes.utils
import time:      1507 |       1507 |                                       torch.fx.passes.tools_common
import time:      1949 |       7265 |                                     torch.fx.passes.split_utils
import time:      2540 |       9805 |                                   torch.fx.passes.net_min_base
import time:      1228 |       1228 |                                   torch.fx.passes.operator_support
import time:       743 |        743 |                                   torch.fx.passes.param_fetch
import time:       819 |        819 |                                   torch.fx.passes.regional_inductor
import time:      2519 |       2519 |                                   torch.fx.passes.reinplace
import time:       834 |        834 |                                     torch.fx._utils
import time:      1804 |       1804 |                                       torch._subclasses.functional_tensor
import time:       860 |        860 |                                       torch.utils._thunk
import time:       943 |        943 |                                       torch.fx.experimental._backward_state
import time:      3035 |       6642 |                                     torch.fx.experimental.proxy_tensor
import time:      1753 |       9229 |                                   torch.fx.passes.runtime_assert
import time:      1240 |       1240 |                                   torch.fx.passes.split_module
import time:      2017 |       2017 |                                   torch.fx.passes.splitter_base
import time:      1621 |     109771 |                                 torch.fx.passes
import time:       986 |        986 |                                   torch.fx.passes.infra.pass_base
import time:      1140 |       2126 |                                 torch.fx.passes.infra.pass_manager
import time:      1022 |     112917 |                               torch.fx.passes.infra
import time:        29 |     112945 |                             torch.fx.passes.infra.pass_base
import time:      2151 |       2151 |                             torch.export.custom_ops
import time:       896 |        896 |                             torch.export._state_dict_utils
import time:       689 |        689 |                                   torch.export._tree_utils
import time:      5310 |       5310 |                                   torch.export.graph_signature
import time:       842 |        842 |                                         torch._custom_op.autograd
import time:      2328 |       3170 |                                       torch._custom_op.impl
import time:       703 |       3872 |                                     torch._custom_ops
import time:      4247 |       4247 |                                     torch._export.utils
import time:      1780 |       1780 |                                                 torch._higher_order_ops.schema
import time:      1622 |       3401 |                                               torch._higher_order_ops.utils
import time:      3694 |       7094 |                                             torch._higher_order_ops.auto_functionalize
import time:       848 |       7942 |                                           torch._higher_order_ops.base_hop
import time:      1713 |       9654 |                                         torch._higher_order_ops._invoke_quant
import time:      1062 |       1062 |                                         torch._higher_order_ops.aoti_call_delegate
import time:      1329 |       1329 |                                         torch._higher_order_ops.associative_scan
import time:      1767 |       1767 |                                         torch._higher_order_ops.cond
import time:      2000 |       2000 |                                           torch._higher_order_ops.invoke_leaf_function
import time:       981 |        981 |                                           torch._higher_order_ops.print
import time:       683 |        683 |                                               torch._functorch._aot_autograd
import time:      1236 |       1918 |                                             torch._functorch._aot_autograd.utils
import time:       919 |       2837 |                                           torch._higher_order_ops.torchbind
import time:      1464 |       7282 |                                         torch._higher_order_ops.effects
import time:       927 |        927 |                                         torch._higher_order_ops.executorch_call_delegate
import time:      2436 |       2436 |                                         torch._higher_order_ops.flat_apply
import time:      1292 |       1292 |                                               torch.testing._internal
import time:      1571 |       2862 |                                             torch.testing._internal.logging_tensor
import time:      1753 |       4615 |                                           torch.utils.checkpoint
import time:      1493 |       6108 |                                         torch._higher_order_ops.flex_attention
import time:       968 |        968 |                                         torch._higher_order_ops.foreach_map
import time:      1066 |       1066 |                                         torch._higher_order_ops.hints_wrap
import time:      1172 |       1172 |                                         torch._higher_order_ops.inline_asm_elementwise
import time:       825 |        825 |                                               torch.utils._debug_mode._utils
import time:      1126 |       1950 |                                             torch.utils._debug_mode._calls
import time:   1756386 |    1756386 |                                             torch.utils._debug_mode._mode
import time:       829 |    1759165 |                                           torch.utils._debug_mode
import time:      4845 |    1764009 |                                         torch._higher_order_ops.invoke_subgraph
import time:      3443 |       3443 |                                         torch._higher_order_ops.local_map
import time:      2795 |       2795 |                                         torch._higher_order_ops.map
import time:      3825 |       3825 |                                         torch._higher_order_ops.out_dtype
import time:      2281 |       2281 |                                         torch._higher_order_ops.run_const_graph
import time:      2128 |       2128 |                                           torch._higher_order_ops.partitioner
import time:      4638 |       6766 |                                         torch._higher_order_ops.scan
import time:      2457 |       2457 |                                         torch._higher_order_ops.strict_mode
import time:      3082 |       3082 |                                         torch._higher_order_ops.while_loop
import time:      4115 |       4115 |                                         torch._higher_order_ops.wrap
import time:      1742 |    1828276 |                                       torch._higher_order_ops
import time:        57 |    1828333 |                                     torch._higher_order_ops.flat_apply
import time:      1613 |    1838063 |                                   torch._export.wrappers
import time:      3520 |       3520 |                                   torch._export.config
import time:      1658 |    1849240 |                                 torch._export
import time:        47 |    1849286 |                               torch._export.utils
import time:      1277 |    1850563 |                             torch.export.decomp_utils
import time:      2587 |       2587 |                                 torch._export.verifier
import time:      6006 |       8592 |                               torch.export.exported_program
import time:      7595 |      16186 |                             torch.export.dynamic_shapes
import time:      1984 |       1984 |                               torch.export._remove_effect_tokens_pass
import time:      6734 |       8717 |                             torch.export.unflatten
import time:      1934 |    1993389 |                           torch.export
import time:       729 |        729 |                             torch._functorch.batch_norm_replacement
import time:      2131 |       2131 |                               torch.fx.experimental.const_fold
import time:      1735 |       3866 |                             torch._functorch.eager_transforms
import time:      2417 |       2417 |                             torch._functorch.einops
import time:      2370 |       2370 |                             torch._functorch.functional_call
import time:      2042 |      11421 |                           torch.func
import time:      2148 |       2148 |                           torch.distributed._meta_registrations
import time:      2247 |       2247 |                                     torch.utils._content_store
import time:      2449 |       4695 |                                   torch._prims.debug_prims
import time:      3811 |       3811 |                                   torch._prims.rng_prims
import time:      3951 |       3951 |                                   torch._prims_common.wrappers
import time:    295113 |     307568 |                                 torch._prims
import time:     81442 |     389010 |                               torch._decomp.decompositions
import time:      2148 |       2148 |                                 torch.testing._internal.common_dtype
import time:      4897 |       4897 |                                 torch._refs._conversions
import time:     15527 |      15527 |                                 torch._refs.fft
import time:      5275 |       5275 |                                 torch._refs.linalg
import time:      2103 |       2103 |                                   torch._refs.nn
import time:     16792 |      18895 |                                 torch._refs.nn.functional
import time:      9752 |       9752 |                                 torch._refs.special
import time:    119415 |     175905 |                               torch._refs
import time:      3501 |     568415 |                             torch._decomp
import time:    426668 |     995083 |                           torch._meta_registrations
import time:      6087 |       6087 |                             torch.compiler.config
import time:      2400 |       2400 |                               torch.utils._appending_byte_serializer
import time:      5769 |       8168 |                             torch.compiler._cache
import time:      2754 |      17009 |                           torch.compiler
import time:      2049 |       2049 |                               torch._native.common_utils
import time:      4581 |       4581 |                                 torch._native.registry
import time:      2199 |       6779 |                               torch._native.dsl_registry
import time:      2549 |      11375 |                             torch._native.cutedsl_utils
import time:      1648 |       1648 |                                   torch._native.triton_utils
import time:      1995 |       3643 |                                 torch._native.ops.bmm_outer_product.triton_impl
import time:      1682 |       5324 |                               torch._native.ops.bmm_outer_product
import time:      1876 |       1876 |                                 torch._native.ops.foreach_mm.impl
import time:      1419 |       3294 |                               torch._native.ops.foreach_mm
import time:      2183 |       2183 |                                 torch._native.ops.norm.rmsnorm_impl
import time:      1486 |       3668 |                               torch._native.ops.norm
import time:      2280 |       2280 |                                   torch._tensor_iterator
import time:      2633 |       4912 |                                 torch._native.ops.scatter_add.cutedsl_impl
import time:      1696 |       6607 |                               torch._native.ops.scatter_add
import time:      2075 |       2075 |                                   torch._native.ops.topk._common
import time:      2900 |       4975 |                                 torch._native.ops.topk.cutedsl_impl
import time:      1528 |       6502 |                               torch._native.ops.topk
import time:      1177 |      26571 |                             torch._native.ops
import time:     66878 |     104823 |                           torch._native
import time:    640815 |    5110893 |                         torch
import time:      4707 |    5115600 |                       transformers.generation.logits_process
import time:     14869 |    5133775 |                     transformers.generation.configuration_utils
import time:      1689 |       1689 |                       transformers.integrations
import time:      2754 |       2754 |                       transformers.integrations.heterogeneity.configuration_utils
import time:      2399 |       6841 |                     transformers.integrations.heterogeneity
import time:       263 |        263 |                       array
import time:      1717 |       1717 |                           transformers.integrations.mistral
import time:      1999 |       3716 |                         transformers.integrations.mistral.constants
import time:      3346 |       7061 |                       transformers.convert_slow_tokenizer
import time:      5929 |      13252 |                     transformers.modeling_gguf_pytorch_utils
import time:      2782 |       2782 |                     transformers.modeling_rope_utils
import time:      5981 |    5165380 |                   transformers.configuration_utils
import time:      3266 |       3266 |                   sentence_transformers.backend.utils
import time:      3263 |    5171909 |                 sentence_transformers.backend.load
import time:      1672 |       1672 |                 sentence_transformers.backend.optimize
import time:       886 |        886 |                     sentence_transformers.util.decorators
import time:      1725 |       1725 |                       sentence_transformers.util.environment
import time:       758 |       2483 |                     sentence_transformers.util.distributed
import time:      1919 |       1919 |                     sentence_transformers.util.file_io
import time:      2445 |       2445 |                     sentence_transformers.util.hard_negatives
import time:      1851 |       1851 |                     sentence_transformers.util.logging
import time:      2281 |       2281 |                     sentence_transformers.util.misc
import time:      2438 |       2438 |                     sentence_transformers.util.quantization
import time:      2732 |       2732 |                             sklearn._config
import time:      2399 |       2399 |                               sklearn.__check_build._check_build
import time:      2045 |       4444 |                             sklearn.__check_build
import time:      7392 |       7392 |                             sklearn._distributor_init
import time:      2561 |       2561 |                               sklearn.exceptions
import time:      2101 |       2101 |                                       sklearn.utils._bunch
import time:      3709 |       5809 |                                     sklearn.utils._metadata_requests
import time:      2863 |       8672 |                                   sklearn.utils.metadata_routing
import time:      2441 |       2441 |                                           scipy.__config__
import time:      1913 |       1913 |                                           scipy.version
import time:       185 |        185 |                                             scipy._distributor_init_local
import time:      1963 |       2148 |                                           scipy._distributor_init
import time:       470 |        470 |                                               scipy._external
import time:      1128 |       1598 |                                             scipy._external.packaging_version
import time:      1796 |       1796 |                                             scipy._external.packaging_version._structures
import time:      4672 |       8065 |                                           scipy._external.packaging_version.version
import time:       415 |        415 |                                                 cython
import time:      3026 |       3441 |                                               scipy._lib._testutils
import time:      2225 |       5666 |                                             scipy._lib
import time:      2683 |       2683 |                                               scipy._cyutility
import time:      2456 |       5139 |                                             scipy._lib._ccallback_c
import time:      3508 |      14311 |                                           scipy._lib._ccallback
import time:      3656 |      32532 |                                         scipy
import time:      2997 |       2997 |                                           scipy.sparse._sputils
import time:      2043 |       2043 |                                           scipy._lib._sparse
import time:      1236 |       1236 |                                           scipy.sparse._matrix
import time:      3824 |      10099 |                                         scipy.sparse._base
import time:      1865 |       1865 |                                           scipy.sparse._sparsetools
import time:      3494 |       3494 |                                                       scipy._external.array_api_compat.common._typing
import time:      3167 |       6660 |                                                     scipy._external.array_api_compat.common._helpers
import time:      2235 |       8895 |                                                   scipy._external.array_api_compat.common
import time:      1760 |      10654 |                                                 scipy._external.array_api_compat
import time:      1494 |       1494 |                                                   scipy._external.array_api_compat._internal
import time:      1655 |       1655 |                                                     numpy.f2py.diagnose
import time:      1738 |       1738 |                                                       numpy.f2py._backends
import time:      1311 |       1311 |                                                       numpy.f2py.__version__
import time:      1832 |       1832 |                                                         numpy.f2py.cfuncs
import time:      2767 |       4598 |                                                       numpy.f2py.auxfuncs
import time:      7052 |       7052 |                                                         numpy.f2py.cb_rules
import time:      1797 |       1797 |                                                         numpy.f2py._isocbind
import time:      1850 |       1850 |                                                           fileinput
import time:      4885 |       4885 |                                                           numpy.f2py.symbolic
import time:     27032 |      33766 |                                                         numpy.f2py.crackfortran
import time:      3570 |      46183 |                                                       numpy.f2py.capi_maps
import time:      1077 |       1077 |                                                         numpy.f2py.func2subr
import time:      2113 |       3189 |                                                       numpy.f2py.f90mod_rules
import time:      2150 |       2150 |                                                         numpy.f2py.common_rules
import time:      1829 |       1829 |                                                         numpy.f2py.use_rules
import time:     10454 |      14432 |                                                       numpy.f2py.rules
import time:      2128 |      73576 |                                                     numpy.f2py.f2py2e
import time:      1644 |      76874 |                                                   numpy.f2py
import time:      1426 |       1426 |                                                     numpy.testing._private
import time:      1947 |       1947 |                                                     numpy.testing.overrides
import time:      4427 |       4427 |                                                       numpy.testing._private.utils
import time:      2516 |       6942 |                                                     numpy.testing._private.extbuild
import time:      1871 |      12184 |                                                   numpy.testing
import time:      3124 |       3124 |                                                     numpy.ctypeslib._ctypeslib
import time:      1067 |       4191 |                                                   numpy.ctypeslib
import time:      1837 |       1837 |                                                       numpy.polynomial.polyutils
import time:      3151 |       3151 |                                                       numpy.polynomial._polybase
import time:      2728 |       7715 |                                                     numpy.polynomial.chebyshev
import time:      2890 |       2890 |                                                     numpy.polynomial.hermite
import time:      2893 |       2893 |                                                     numpy.polynomial.hermite_e
import time:      2016 |       2016 |                                                     numpy.polynomial.laguerre
import time:      1790 |       1790 |                                                     numpy.polynomial.legendre
import time:      1892 |       1892 |                                                     numpy.polynomial.polynomial
import time:      2437 |      21631 |                                                   numpy.polynomial
import time:      2414 |       2414 |                                                     numpy._core.strings
import time:      1536 |       3949 |                                                   numpy.strings
import time:      1980 |       1980 |                                                     numpy._core.defchararray
import time:      1900 |       3879 |                                                   numpy.char
import time:      2377 |       2377 |                                                     numpy.core._utils
import time:      1094 |       3471 |                                                   numpy.core
import time:      1216 |       1216 |                                                   numpy.rec
import time:      2040 |       2040 |                                                     numpy.fft._helper
import time:      1707 |       1707 |                                                       numpy.fft._pocketfft_umath
import time:      2421 |       4128 |                                                     numpy.fft._pocketfft
import time:      2012 |       8179 |                                                   numpy.fft
import time:      1499 |       1499 |                                                     scipy._external.array_api_compat.common._aliases
import time:       834 |        834 |                                                     scipy._external.array_api_compat.numpy._typing
import time:      2325 |       4657 |                                                   scipy._external.array_api_compat.numpy._aliases
import time:      1193 |       1193 |                                                   scipy._external.array_api_compat.numpy._info
import time:      4643 |       4643 |                                                     scipy._external.array_api_compat.common._linalg
import time:      2893 |       7535 |                                                   scipy._external.array_api_compat.numpy.linalg
import time:      2452 |       2452 |                                                     scipy._external.array_api_compat.common._fft
import time:      3763 |       6215 |                                                   scipy._external.array_api_compat.numpy.fft
import time:      3086 |     159748 |                                                 scipy._external.array_api_compat.numpy
import time:      1550 |       1550 |                                                       scipy._external.array_api_extra._lib
import time:      1825 |       1825 |                                                           scipy._external.array_api_extra._lib._utils
import time:      2348 |       2348 |                                                               scipy._lib._array_api_override
import time:      1859 |       4206 |                                                             scipy._external._array_api_compat_vendor
import time:      2235 |       6441 |                                                           scipy._external.array_api_extra._lib._utils._compat
import time:      1687 |       1687 |                                                             scipy._external.array_api_extra._lib._utils._typing
import time:      3159 |       4846 |                                                           scipy._external.array_api_extra._lib._utils._helpers
import time:      3205 |      16315 |                                                         scipy._external.array_api_extra._lib._at
import time:      2448 |      18762 |                                                       scipy._external.array_api_extra._lib._funcs
import time:      3080 |      23392 |                                                     scipy._external.array_api_extra._delegation
import time:      2829 |       2829 |                                                     scipy._external.array_api_extra._lib._lazy
import time:      2272 |      28492 |                                                   scipy._external.array_api_extra
import time:      3121 |      31613 |                                                 scipy._external.array_api_extra.testing
import time:      3268 |       3268 |                                                 scipy._lib._docscrape
import time:      3477 |     208758 |                                               scipy._lib._array_api
import time:      2892 |     211650 |                                             scipy._lib._util
import time:      2464 |       2464 |                                             scipy.sparse._data
import time:      2623 |       2623 |                                             scipy.sparse._index
import time:      2887 |     219622 |                                           scipy.sparse._compressed
import time:      2085 |     223571 |                                         scipy.sparse._csr
import time:      2172 |       2172 |                                         scipy.sparse._csc
import time:      2504 |       2504 |                                           scipy.sparse._csparsetools
import time:      2256 |       4760 |                                         scipy.sparse._lil
import time:      2505 |       2505 |                                         scipy.sparse._dok
import time:      2512 |       2512 |                                         scipy.sparse._coo
import time:      9154 |       9154 |                                         scipy.sparse._dia
import time:      3168 |       3168 |                                         scipy.sparse._bsr
import time:      2693 |       2693 |                                           scipy._lib.deprecation
import time:      3838 |       6530 |                                         scipy.sparse._construct
import time:      1013 |       1013 |                                         scipy.sparse._extract
import time:      1661 |       1661 |                                         scipy.sparse._matrix_io
import time:      1978 |       1978 |                                         scipy.sparse.base
import time:      1998 |       1998 |                                         scipy.sparse.bsr
import time:      1793 |       1793 |                                         scipy.sparse.compressed
import time:      1794 |       1794 |                                         scipy.sparse.construct
import time:      1690 |       1690 |                                         scipy.sparse.coo
import time:      2494 |       2494 |                                         scipy.sparse.csc
import time:      1089 |       1089 |                                         scipy.sparse.csr
import time:       867 |        867 |                                         scipy.sparse.data
import time:      1105 |       1105 |                                         scipy.sparse.dia
import time:      1741 |       1741 |                                         scipy.sparse.dok
import time:      1779 |       1779 |                                         scipy.sparse.extract
import time:      1646 |       1646 |                                         scipy.sparse.lil
import time:      1653 |       1653 |                                         scipy.sparse.sparsetools
import time:      1682 |       1682 |                                         scipy.sparse.sputils
import time:      3704 |     326682 |                                       scipy.sparse
import time:      1696 |       1696 |                                             joblib._multiprocessing_helpers
import time:      1435 |       1435 |                                               joblib.externals
import time:      2060 |       2060 |                                               joblib.externals.loky._base
import time:      3110 |       3110 |                                                   multiprocessing.synchronize
import time:       946 |        946 |                                                       multiprocessing.queues
import time:      1227 |       2172 |                                                     concurrent.futures.process
import time:      1316 |       1316 |                                                     joblib.externals.loky.backend.process
import time:      2184 |       5672 |                                                   joblib.externals.loky.backend.context
import time:      2432 |      11214 |                                                 joblib.externals.loky.backend
import time:        69 |      11282 |                                               joblib.externals.loky.backend.context
import time:      1373 |       1373 |                                                 joblib.externals.loky.backend._win_reduction
import time:      3454 |       3454 |                                                   joblib.externals.cloudpickle.cloudpickle
import time:      1699 |       5152 |                                                 joblib.externals.cloudpickle
import time:      1450 |       7973 |                                               joblib.externals.loky.backend.reduction
import time:       273 |        273 |                                                   faulthandler
import time:      2053 |       2053 |                                                   joblib.externals.loky.backend.queues
import time:       533 |        533 |                                                     psutil
import time:      1827 |       2360 |                                                   joblib.externals.loky.backend.utils
import time:      1953 |       1953 |                                                   joblib.externals.loky.initializers
import time:       529 |        529 |                                                   psutil
import time:      2663 |       9827 |                                                 joblib.externals.loky.process_executor
import time:      2504 |      12330 |                                               joblib.externals.loky.reusable_executor
import time:      2202 |       2202 |                                               joblib.externals.loky.cloudpickle_wrapper
import time:      2361 |      39641 |                                             joblib.externals.loky
import time:      2295 |      43631 |                                           joblib._cloudpickle_wrapper
import time:      3445 |       3445 |                                             joblib._utils
import time:      2077 |       2077 |                                             multiprocessing.pool
import time:      1598 |       1598 |                                                 joblib.backports
import time:      1359 |       1359 |                                                 joblib.disk
import time:      1786 |       1786 |                                                   joblib.externals.loky.backend.spawn
import time:      1836 |       3622 |                                                 joblib.externals.loky.backend.resource_tracker
import time:       390 |        390 |                                                     lz4
import time:      2893 |       3282 |                                                   joblib.compressor
import time:      1474 |       1474 |                                                     joblib.numpy_pickle_utils
import time:      1615 |       3089 |                                                   joblib.numpy_pickle_compat
import time:      1949 |       8319 |                                                 joblib.numpy_pickle
import time:      1766 |      16663 |                                               joblib._memmapping_reducer
import time:      1544 |      18207 |                                             joblib.executor
import time:      1648 |       1648 |                                             joblib.pool
import time:      2359 |      27734 |                                           joblib._parallel_backends
import time:      1991 |       1991 |                                             joblib.logger
import time:      2483 |       4474 |                                           joblib._store_backends
import time:      2907 |       2907 |                                           joblib.hashing
import time:      2170 |       2170 |                                             joblib.func_inspect
import time:      3026 |       5196 |                                           joblib.memory
import time:      2710 |       2710 |                                           joblib.parallel
import time:      1782 |      88431 |                                         joblib
import time:      1832 |       1832 |                                                 narwhals._exceptions
import time:      3032 |       4863 |                                               narwhals.dependencies
import time:      2059 |       2059 |                                                   narwhals._enum
import time:      1671 |       1671 |                                                   narwhals._typing_compat
import time:      2332 |       2332 |                                                   narwhals.exceptions
import time:      9496 |      15557 |                                                 narwhals._utils
import time:      4247 |      19804 |                                               narwhals.dtypes
import time:      3559 |       3559 |                                                 narwhals._expression_parsing
import time:      2753 |       2753 |                                                   narwhals.expr_cat
import time:      2228 |       2228 |                                                   narwhals.expr_dt
import time:      3118 |       3118 |                                                   narwhals.expr_list
import time:      1900 |       1900 |                                                   narwhals.expr_name
import time:      2938 |       2938 |                                                   narwhals.expr_str
import time:      2396 |       2396 |                                                   narwhals.expr_struct
import time:      3084 |       3084 |                                                           narwhals._compliant.typing
import time:      6111 |       6111 |                                                           narwhals._translate
import time:      4407 |      13601 |                                                         narwhals._compliant.dataframe
import time:      4097 |       4097 |                                                           narwhals._compliant.any_namespace
import time:      2675 |       2675 |                                                           narwhals._compliant.column
import time:      5820 |      12590 |                                                         narwhals._compliant.expr
import time:      3529 |       3529 |                                                         narwhals._compliant.group_by
import time:      2458 |       2458 |                                                         narwhals._compliant.namespace
import time:      3650 |       3650 |                                                         narwhals._compliant.selectors
import time:      3427 |       3427 |                                                         narwhals._compliant.series
import time:      2037 |       2037 |                                                         narwhals._compliant.window
import time:      1914 |      43203 |                                                       narwhals._compliant
import time:      2717 |      45920 |                                                     narwhals.plugins
import time:      2015 |       2015 |                                                     narwhals._constants
import time:      3687 |       3687 |                                                     narwhals._native
import time:      2581 |      54201 |                                                   narwhals.translate
import time:      4042 |      73574 |                                                 narwhals.expr
import time:      2783 |      79915 |                                               narwhals.selectors
import time:      4225 |       4225 |                                                 narwhals._typing
import time:      3066 |       3066 |                                                   narwhals.schema
import time:      3846 |       6911 |                                                 narwhals.functions
import time:      2520 |       2520 |                                                     narwhals.typing
import time:      2090 |       4610 |                                                   narwhals.series_cat
import time:      1929 |       1929 |                                                   narwhals.series_dt
import time:      1670 |       1670 |                                                   narwhals.series_list
import time:      1795 |       1795 |                                                   narwhals.series_str
import time:      1974 |       1974 |                                                   narwhals.series_struct
import time:      5928 |      17903 |                                                 narwhals.series
import time:      7028 |      36066 |                                               narwhals.dataframe
import time:      2210 |     142857 |                                             narwhals
import time:      2231 |       2231 |                                               narwhals.stable.v1.dependencies
import time:      2193 |       2193 |                                                 narwhals.stable.v1._dtypes
import time:      1844 |       4037 |                                               narwhals.stable.v1.dtypes
import time:      1642 |       1642 |                                               narwhals.stable.v1.selectors
import time:      2033 |       2033 |                                               narwhals.stable.v1.typing
import time:      4465 |      14406 |                                             narwhals.stable.v1
import time:      1922 |       1922 |                                               narwhals.stable.v2.dependencies
import time:      1708 |       1708 |                                               narwhals.stable.v2.dtypes
import time:      1482 |       1482 |                                               narwhals.stable.v2.selectors
import time:      2815 |       2815 |                                               narwhals.stable.v2.typing
import time:      4093 |      12018 |                                             narwhals.stable.v2
import time:      3284 |     172564 |                                           narwhals.stable
import time:        48 |     172611 |                                         narwhals.stable.v2
import time:      2403 |       2403 |                                             scipy.special._sf_error
import time:      1625 |       1625 |                                               scipy.special._ufuncs_cxx
import time:      4441 |       4441 |                                                         scipy.linalg._fblas
import time:      1295 |       5735 |                                                       scipy.linalg.blas
import time:      3579 |       3579 |                                                         scipy.linalg._flapack
import time:      5283 |       8862 |                                                       scipy.linalg.lapack
import time:      2562 |       2562 |                                                       scipy.linalg._batched_linalg
import time:      1538 |      18696 |                                                     scipy.linalg._misc
import time:      3778 |       3778 |                                                     scipy.linalg._cythonized_array_utils
import time:      5805 |       5805 |                                                       scipy.linalg._decomp
import time:      2538 |       2538 |                                                       scipy.linalg._decomp_svd
import time:      1110 |       1110 |                                                       scipy.linalg._solve_toeplitz
import time:      3870 |      13321 |                                                     scipy.linalg._basic
import time:      1653 |       1653 |                                                     scipy.linalg._decomp_lu
import time:      1337 |       1337 |                                                     scipy.linalg._decomp_ldl
import time:      1549 |       1549 |                                                     scipy.linalg._decomp_cholesky
import time:      2215 |       2215 |                                                     scipy.linalg._decomp_qr
import time:      3142 |       3142 |                                                     scipy.linalg._decomp_qz
import time:      3912 |       3912 |                                                     scipy.linalg._decomp_schur
import time:      1811 |       1811 |                                                     scipy.linalg._decomp_polar
import time:      1361 |       1361 |                                                       scipy.linalg._expm_frechet
import time:       726 |        726 |                                                       scipy.linalg._internal_matfuncs
import time:       788 |        788 |                                                       scipy.linalg._linalg_pythran
import time:      2803 |       5676 |                                                     scipy.linalg._matfuncs
import time:      2649 |       2649 |                                                     scipy.linalg._special_matrices
import time:      2601 |       2601 |                                                     scipy.linalg._solvers
import time:      2333 |       2333 |                                                     scipy.linalg._procrustes
import time:      1057 |       1057 |                                                       scipy.linalg.cython_blas
import time:      3217 |       3217 |                                                       scipy.linalg.cython_lapack
import time:      4665 |       8938 |                                                     scipy.linalg._decomp_update
import time:      2462 |       2462 |                                                     scipy.linalg._sketches
import time:      1569 |       1569 |                                                     scipy.linalg._decomp_cossin
import time:      1153 |       1153 |                                                     scipy.linalg.decomp
import time:      1226 |       1226 |                                                     scipy.linalg.decomp_cholesky
import time:      1076 |       1076 |                                                     scipy.linalg.decomp_lu
import time:      1015 |       1015 |                                                     scipy.linalg.decomp_qr
import time:       927 |        927 |                                                     scipy.linalg.decomp_svd
import time:      1085 |       1085 |                                                     scipy.linalg.decomp_schur
import time:       994 |        994 |                                                     scipy.linalg.basic
import time:       823 |        823 |                                                     scipy.linalg.misc
import time:       841 |        841 |                                                     scipy.linalg.special_matrices
import time:      1360 |       1360 |                                                     scipy.linalg.matfuncs
import time:      2450 |      90580 |                                                   scipy.linalg
import time:        52 |      90631 |                                                 scipy.linalg.cython_lapack
import time:      1643 |      92274 |                                               scipy.special._ellip_harm_2
import time:      2814 |       2814 |                                               scipy.special._special_ufuncs
import time:      1637 |       1637 |                                               scipy.special._gufuncs
import time:      3826 |     102174 |                                             scipy.special._ufuncs
import time:      1143 |       1143 |                                               scipy.special._input_validation
import time:      1411 |       1411 |                                               scipy.special._specfun
import time:      1303 |       1303 |                                               scipy.special._comb
import time:      1874 |       5729 |                                             scipy.special._basic
import time:      1222 |       1222 |                                                 scipy.special._ufunc_tools
import time:      1524 |       2745 |                                               scipy.special._spfun_stats
import time:     72775 |      75519 |                                             scipy.special._support_alternative_backends
import time:      6211 |       6211 |                                             scipy.special._logsumexp
import time:      2752 |       2752 |                                             scipy.special._multiufuncs
import time:      2785 |       2785 |                                             scipy.special._orthogonal
import time:      2278 |       2278 |                                             scipy.special._ellip_harm
import time:      2373 |       2373 |                                             scipy.special._lambertw
import time:      1782 |       1782 |                                             scipy.special._spherical_bessel
import time:      1407 |       1407 |                                             scipy.special.add_newdocs
import time:      2270 |       2270 |                                             scipy.special.basic
import time:      1501 |       1501 |                                             scipy.special.orthogonal
import time:      1327 |       1327 |                                             scipy.special.specfun
import time:      2089 |       2089 |                                             scipy.special.sf_error
import time:      1733 |       1733 |                                             scipy.special.spfun_stats
import time:      2675 |     217001 |                                           scipy.special
import time:      1398 |       1398 |                                           sklearn.externals
import time:      2649 |       2649 |                                                 sklearn.externals.array_api_compat.common._typing
import time:      1940 |       4589 |                                               sklearn.externals.array_api_compat.common._helpers
import time:      1601 |       6189 |                                             sklearn.externals.array_api_compat.common
import time:      1892 |       8081 |                                           sklearn.externals.array_api_compat
import time:      1233 |       1233 |                                               sklearn.externals.array_api_extra._lib
import time:      1355 |       1355 |                                                   sklearn.externals.array_api_extra._lib._utils
import time:      1004 |       1004 |                                                     sklearn.externals._array_api_compat_vendor
import time:      2214 |       3217 |                                                   sklearn.externals.array_api_extra._lib._utils._compat
import time:      2288 |       2288 |                                                     sklearn.externals.array_api_extra._lib._utils._typing
import time:      1833 |       4120 |                                                   sklearn.externals.array_api_extra._lib._utils._helpers
import time:      1764 |      10455 |                                                 sklearn.externals.array_api_extra._lib._at
import time:      1811 |      12265 |                                               sklearn.externals.array_api_extra._lib._funcs
import time:      1696 |      15193 |                                             sklearn.externals.array_api_extra._delegation
import time:      1716 |       1716 |                                             sklearn.externals.array_api_extra._lib._lazy
import time:      1315 |      18224 |                                           sklearn.externals.array_api_extra
import time:       980 |        980 |                                             sklearn.externals.array_api_compat._internal
import time:      1633 |       1633 |                                               sklearn.externals.array_api_compat.common._aliases
import time:       817 |        817 |                                               sklearn.externals.array_api_compat.numpy._typing
import time:      2371 |       4820 |                                             sklearn.externals.array_api_compat.numpy._aliases
import time:       894 |        894 |                                             sklearn.externals.array_api_compat.numpy._info
import time:      1303 |       1303 |                                               sklearn.externals.array_api_compat.common._linalg
import time:      1600 |       2902 |                                             sklearn.externals.array_api_compat.numpy.linalg
import time:       739 |        739 |                                               sklearn.externals.array_api_compat.common._fft
import time:      1192 |       1931 |                                             sklearn.externals.array_api_compat.numpy.fft
import time:      1999 |      13524 |                                           sklearn.externals.array_api_compat.numpy
import time:       968 |        968 |                                           sklearn.utils._dataframe
import time:      1946 |       1946 |                                                   scipy.sparse.linalg._interface
import time:       812 |        812 |                                                   scipy.sparse.linalg._isolve.utils
import time:      2887 |       5644 |                                                 scipy.sparse.linalg._isolve.iterative
import time:      1687 |       1687 |                                                 scipy.sparse.linalg._isolve.minres
import time:      1407 |       1407 |                                                   scipy.sparse.linalg._isolve._gcrotmk
import time:      1195 |       2602 |                                                 scipy.sparse.linalg._isolve.lgmres
import time:       975 |        975 |                                                 scipy.sparse.linalg._isolve.lsqr
import time:       776 |        776 |                                                 scipy.sparse.linalg._isolve.lsmr
import time:      1100 |       1100 |                                                 scipy.sparse.linalg._isolve.tfqmr
import time:       950 |      13730 |                                               scipy.sparse.linalg._isolve
import time:       934 |        934 |                                                   scipy.sparse.linalg._dsolve._superlu
import time:       197 |        197 |                                                     scikits
import time:        30 |        227 |                                                   scikits.umfpack
import time:      1165 |       2325 |                                                 scipy.sparse.linalg._dsolve.linsolve
import time:       902 |        902 |                                                 scipy.sparse.linalg._dsolve._add_newdocs
import time:       929 |       4155 |                                               scipy.sparse.linalg._dsolve
import time:       663 |        663 |                                                     scipy.sparse.linalg._eigen.arpack._arpacklib
import time:      1397 |       2059 |                                                   scipy.sparse.linalg._eigen.arpack.arpack
import time:       954 |       3013 |                                                 scipy.sparse.linalg._eigen.arpack
import time:      1558 |       1558 |                                                   scipy.sparse.linalg._eigen.lobpcg.lobpcg
import time:      1003 |       2561 |                                                 scipy.sparse.linalg._eigen.lobpcg
import time:       880 |        880 |                                                     scipy.sparse.linalg._propack
import time:      1055 |       1934 |                                                   scipy.sparse.linalg._svdp
import time:      2734 |       4668 |                                                 scipy.sparse.linalg._eigen._svds
import time:       902 |      11142 |                                               scipy.sparse.linalg._eigen
import time:       818 |        818 |                                                   scipy.sparse.linalg._onenormest
import time:      1223 |       2041 |                                                 scipy.sparse.linalg._expm_multiply
import time:      2186 |       4226 |                                               scipy.sparse.linalg._matfuncs
import time:       967 |        967 |                                               scipy.sparse.linalg._norm
import time:       886 |        886 |                                               scipy.sparse.linalg._funm_multiply_krylov
import time:      1030 |       1030 |                                               scipy.sparse.linalg._special_sparse_arrays
import time:       750 |        750 |                                               scipy.sparse.linalg.isolve
import time:       697 |        697 |                                               scipy.sparse.linalg.dsolve
import time:       755 |        755 |                                               scipy.sparse.linalg.interface
import time:       674 |        674 |                                               scipy.sparse.linalg.eigen
import time:       683 |        683 |                                               scipy.sparse.linalg.matfuncs
import time:       958 |      40647 |                                             scipy.sparse.linalg
import time:      3460 |       3460 |                                               scipy.stats._warnings_errors
import time:      1883 |       1883 |                                                       scipy.spatial._ckdtree
import time:       894 |        894 |                                                         scipy.spatial._hausdorff
import time:      1219 |       1219 |                                                         scipy.spatial._distance_pybind
import time:       716 |        716 |                                                         scipy.spatial._distance_wrap
import time:      6162 |       8989 |                                                       scipy.spatial.distance
import time:      2898 |      13769 |                                                     scipy.spatial._kdtree
import time:      1856 |       1856 |                                                       scipy._lib.messagestream
import time:      3114 |       4969 |                                                     scipy.spatial._qhull
import time:       804 |        804 |                                                       scipy.spatial._voronoi
import time:      1396 |       2199 |                                                     scipy.spatial._spherical_voronoi
import time:       944 |        944 |                                                     scipy.spatial._plotutils
import time:       804 |        804 |                                                     scipy.spatial._procrustes
import time:       974 |        974 |                                                     scipy.spatial._geometric_slerp
import time:       804 |        804 |                                                     scipy.spatial.ckdtree
import time:      1289 |       1289 |                                                     scipy.spatial.kdtree
import time:       775 |        775 |                                                     scipy.spatial.qhull
import time:      1464 |       1464 |                                                         scipy.spatial.transform._rotation_cy
import time:      1237 |       1237 |                                                         scipy.spatial.transform._rotation_xp
import time:      6322 |       6322 |                                                             scipy.constants._codata
import time:      2643 |       2643 |                                                             scipy.constants._constants
import time:      1482 |       1482 |                                                             scipy.constants.codata
import time:       883 |        883 |                                                             scipy.constants.constants
import time:      1700 |      13028 |                                                           scipy.constants
import time:       980 |      14008 |                                                         scipy.spatial.transform._rotation_groups
import time:      3115 |      19822 |                                                       scipy.spatial.transform._rotation
import time:      1732 |       1732 |                                                         scipy.spatial.transform._rigid_transform_cy
import time:      1349 |       1349 |                                                         scipy.spatial.transform._rigid_transform_xp
import time:      2640 |       5720 |                                                       scipy.spatial.transform._rigid_transform
import time:      1578 |       1578 |                                                       scipy.spatial.transform._rotation_spline
import time:      1552 |       1552 |                                                       scipy.spatial.transform.rotation
import time:      1279 |      29950 |                                                     scipy.spatial.transform
import time:      1169 |      57641 |                                                   scipy.spatial
import time:        37 |      57678 |                                                 scipy.spatial.distance
import time:      1808 |       1808 |                                                       scipy.optimize._dcsrch
import time:      2132 |       3939 |                                                     scipy.optimize._linesearch
import time:       886 |        886 |                                                       scipy.optimize._group_columns
import time:      1630 |       2516 |                                                     scipy.optimize._numdiff
import time:      1063 |       1063 |                                                       scipy.optimize._hessian_update_strategy
import time:      1323 |       2385 |                                                     scipy.optimize._differentiable_functions
import time:      6609 |      15448 |                                                   scipy.optimize._optimize
import time:      1308 |       1308 |                                                       scipy.optimize._trustregion
import time:      1540 |       2847 |                                                     scipy.optimize._trustregion_dogleg
import time:       970 |        970 |                                                     scipy.optimize._trustregion_ncg
import time:      1141 |       1141 |                                                         scipy.optimize._trlib._trlib
import time:       781 |       1921 |                                                       scipy.optimize._trlib
import time:       821 |       2741 |                                                     scipy.optimize._trustregion_krylov
import time:       973 |        973 |                                                     scipy.optimize._trustregion_exact
import time:      1163 |       1163 |                                                         scipy.optimize._constraints
import time:       220 |        220 |                                                               sksparse
import time:        42 |        262 |                                                             sksparse.cholmod
import time:       945 |       1206 |                                                           scipy.optimize._trustregion_constr.projections
import time:       892 |        892 |                                                           scipy.optimize._trustregion_constr.qp_subproblem
import time:      1029 |       3127 |                                                         scipy.optimize._trustregion_constr.equality_constrained_sqp
import time:       964 |        964 |                                                         scipy.optimize._trustregion_constr.canonical_constraint
import time:      1030 |       1030 |                                                         scipy.optimize._trustregion_constr.tr_interior_point
import time:      1002 |       1002 |                                                         scipy.optimize._trustregion_constr.report
import time:      1566 |       8849 |                                                       scipy.optimize._trustregion_constr.minimize_trustregion_constr
import time:       932 |       9780 |                                                     scipy.optimize._trustregion_constr
import time:       744 |        744 |                                                       scipy.optimize._lbfgsb
import time:      1781 |       2525 |                                                     scipy.optimize._lbfgsb_py
import time:      1240 |       1240 |                                                       scipy.optimize._moduleTNC
import time:      1066 |       2305 |                                                     scipy.optimize._tnc
import time:      1350 |       1350 |                                                     scipy.optimize._cobyla_py
import time:       849 |        849 |                                                     scipy.optimize._cobyqa_py
import time:       711 |        711 |                                                       scipy.optimize._slsqplib
import time:       931 |       1641 |                                                     scipy.optimize._slsqp_py
import time:      2034 |      28012 |                                                   scipy.optimize._minimize
import time:       742 |        742 |                                                       scipy.optimize._minpack
import time:      2847 |       2847 |                                                             scipy.optimize._lsq.common
import time:       858 |       3705 |                                                           scipy.optimize._lsq.trf
import time:       843 |        843 |                                                           scipy.optimize._lsq.dogbox
import time:      1392 |       5939 |                                                         scipy.optimize._lsq.least_squares
import time:       850 |        850 |                                                             scipy.optimize._lsq.givens_elimination
import time:       838 |       1687 |                                                           scipy.optimize._lsq.trf_linear
import time:       809 |        809 |                                                           scipy.optimize._lsq.bvls
import time:       787 |       3283 |                                                         scipy.optimize._lsq.lsq_linear
import time:      1185 |      10406 |                                                       scipy.optimize._lsq
import time:      1061 |      12208 |                                                     scipy.optimize._minpack_py
import time:       845 |        845 |                                                     scipy.optimize._spectral
import time:      2684 |       2684 |                                                     scipy.optimize._nonlin
import time:      1912 |      17647 |                                                   scipy.optimize._root
import time:       653 |        653 |                                                       scipy.optimize._zeros
import time:      1052 |       1704 |                                                     scipy.optimize._zeros_py
import time:       969 |       2673 |                                                   scipy.optimize._root_scalar
import time:       814 |        814 |                                                   scipy.optimize._nnls
import time:      2140 |       2140 |                                                   scipy.optimize._basinhopping
import time:       766 |        766 |                                                         scipy.optimize._highspy
import time:      8361 |       8361 |                                                         scipy.optimize._highspy._core
import time:      1468 |       1468 |                                                         scipy.optimize._highspy._highs_options
import time:      1132 |      11725 |                                                       scipy.optimize._highspy._highs_wrapper
import time:      1036 |      12761 |                                                     scipy.optimize._linprog_highs
import time:       240 |        240 |                                                                     uarray
import time:       843 |        843 |                                                                         scipy._lib._uarray._uarray
import time:      1406 |       2249 |                                                                       scipy._lib._uarray._backend
import time:       811 |       3060 |                                                                     scipy._lib._uarray
import time:      1010 |       4309 |                                                                   scipy._lib.uarray
import time:     18155 |      22464 |                                                                 scipy.fft._basic
import time:      9359 |       9359 |                                                                 scipy.fft._realtransforms
import time:      1851 |       1851 |                                                                   scipy.fft._fftlog_backend
import time:      2975 |       4826 |                                                                 scipy.fft._fftlog
import time:      1385 |       1385 |                                                                       scipy.fft._duccfft.pyduccfft
import time:      1651 |       1651 |                                                                       scipy.fft._duccfft.helper
import time:      1429 |       4463 |                                                                     scipy.fft._duccfft.basic
import time:      1226 |       1226 |                                                                     scipy.fft._duccfft.realtransforms
import time:      1078 |       6767 |                                                                   scipy.fft._duccfft
import time:      4369 |      11135 |                                                                 scipy.fft._helper
import time:      1174 |       1174 |                                                                   scipy.fft._basic_backend
import time:      1257 |       1257 |                                                                   scipy.fft._realtransforms_backend
import time:      3231 |       5661 |                                                                 scipy.fft._backend
import time:      1244 |      54687 |                                                               scipy.fft
import time:      1288 |      55975 |                                                             scipy.linalg._decomp_interpolative
import time:      1703 |      57677 |                                                           scipy.linalg.interpolative
import time:      1422 |      59099 |                                                         scipy.optimize._remove_redundancy
import time:      1178 |      60276 |                                                       scipy.optimize._linprog_util
import time:       261 |        261 |                                                       sksparse
import time:       260 |        260 |                                                         scikits
import time:        29 |        288 |                                                       scikits.umfpack
import time:      1133 |      61957 |                                                     scipy.optimize._linprog_ip
import time:      1310 |       1310 |                                                     scipy.optimize._linprog_simplex
import time:      1269 |       1269 |                                                       scipy.optimize._bglu_dense
import time:      1297 |       2566 |                                                     scipy.optimize._linprog_rs
import time:      1107 |       1107 |                                                     scipy.optimize._linprog_doc
import time:      1465 |      81164 |                                                   scipy.optimize._linprog
import time:       837 |        837 |                                                   scipy.optimize._lsap
import time:      6275 |       6275 |                                                   scipy.optimize._differentialevolution
import time:      1154 |       1154 |                                                     scipy.optimize._pava_pybind
import time:      1236 |       2390 |                                                   scipy.optimize._isotonic
import time:       831 |        831 |                                                       scipy.optimize._shgo_lib
import time:      1081 |       1081 |                                                       scipy.optimize._shgo_lib._vertex
import time:      1256 |       3166 |                                                     scipy.optimize._shgo_lib._complex
import time:      1238 |       4404 |                                                   scipy.optimize._shgo
import time:      2426 |       2426 |                                                   scipy.optimize._dual_annealing
import time:      1165 |       1165 |                                                   scipy.optimize._qap
import time:      2287 |       2287 |                                                     scipy.optimize._direct
import time:      2242 |       4529 |                                                   scipy.optimize._direct_py
import time:      1778 |       1778 |                                                   scipy.optimize._milp
import time:      1159 |       1159 |                                                   scipy.optimize.cobyla
import time:      1014 |       1014 |                                                   scipy.optimize.lbfgsb
import time:       939 |        939 |                                                   scipy.optimize.linesearch
import time:       889 |        889 |                                                   scipy.optimize.minpack
import time:       976 |        976 |                                                   scipy.optimize.minpack2
import time:       848 |        848 |                                                   scipy.optimize.moduleTNC
import time:       866 |        866 |                                                   scipy.optimize.nonlin
import time:       920 |        920 |                                                   scipy.optimize.optimize
import time:       924 |        924 |                                                   scipy.optimize.slsqp
import time:       908 |        908 |                                                   scipy.optimize.tnc
import time:       916 |        916 |                                                   scipy.optimize.zeros
import time:      1642 |     183690 |                                                 scipy.optimize
import time:      1143 |       1143 |                                                       scipy._lib._elementwise_iterative_method
import time:      1224 |       2367 |                                                     scipy.optimize._bracket
import time:      1027 |       1027 |                                                     scipy.optimize._chandrupatla
import time:      6471 |       9864 |                                                   scipy.optimize._elementwise
import time:       924 |      10787 |                                                 scipy.optimize.elementwise
import time:      1118 |       1118 |                                                     scipy._lib.doccer
import time:      1702 |       1702 |                                                     scipy.stats._distr_params
import time:      7016 |       7016 |                                                     scipy.integrate._quadrature
import time:      1128 |       1128 |                                                       scipy.integrate._odepack
import time:      3192 |       4319 |                                                     scipy.integrate._odepack_py
import time:      1205 |       1205 |                                                       scipy.integrate._quadpack
import time:      8208 |       9412 |                                                     scipy.integrate._quadpack_py
import time:      1041 |       1041 |                                                       scipy.integrate._vode
import time:       921 |        921 |                                                       scipy.integrate._dop
import time:      2077 |       4039 |                                                     scipy.integrate._ode
import time:      2690 |       2690 |                                                     scipy.integrate._bvp
import time:      1073 |       1073 |                                                           scipy.integrate._ivp.common
import time:      1679 |       1679 |                                                           scipy.integrate._ivp.base
import time:      1235 |       3987 |                                                         scipy.integrate._ivp.bdf
import time:      1122 |       1122 |                                                         scipy.integrate._ivp.radau
import time:       843 |        843 |                                                           scipy.integrate._ivp.dop853_coefficients
import time:      1046 |       1888 |                                                         scipy.integrate._ivp.rk
import time:       901 |        901 |                                                         scipy.integrate._ivp.lsoda
import time:      3524 |      11420 |                                                       scipy.integrate._ivp.ivp
import time:      1819 |      13238 |                                                     scipy.integrate._ivp
import time:      1733 |       1733 |                                                     scipy.integrate._quad_vec
import time:      4490 |       4490 |                                                     scipy.integrate._tanhsinh
import time:      2318 |       2318 |                                                         scipy.integrate._rules._base
import time:       901 |        901 |                                                         scipy.integrate._rules._genz_malik
import time:       836 |        836 |                                                           scipy.integrate._rules._gauss_legendre
import time:      1251 |       2086 |                                                         scipy.integrate._rules._gauss_kronrod
import time:       947 |       6251 |                                                       scipy.integrate._rules
import time:      3240 |       9491 |                                                     scipy.integrate._cubature
import time:      1554 |       1554 |                                                     scipy.integrate._lebedev
import time:       731 |        731 |                                                     scipy.integrate.dop
import time:       782 |        782 |                                                     scipy.integrate.lsoda
import time:      1098 |       1098 |                                                     scipy.integrate.vode
import time:       815 |        815 |                                                     scipy.integrate.odepack
import time:       686 |        686 |                                                     scipy.integrate.quadpack
import time:       666 |        666 |                                                     scipy.stats._finite_differences
import time:       621 |        621 |                                                     scipy.stats._constants
import time:       875 |        875 |                                                     scipy.stats._censored_data
import time:      5380 |      72444 |                                                   scipy.stats._distn_infrastructure
import time:      1169 |       1169 |                                                             scipy.interpolate._fitpack
import time:      2377 |       3545 |                                                           scipy.interpolate._fitpack_impl
import time:       797 |        797 |                                                             scipy.interpolate._dierckx
import time:      4041 |       4838 |                                                           scipy.interpolate._bsplines
import time:      9202 |      17584 |                                                         scipy.interpolate._fitpack_py
import time:      3509 |       3509 |                                                         scipy.interpolate._polyint
import time:      2267 |       2267 |                                                         scipy.interpolate._ppoly
import time:      2462 |       2462 |                                                         scipy.interpolate._interpnd
import time:      7934 |      33755 |                                                       scipy.interpolate._interpolate
import time:     17530 |      17530 |                                                       scipy.interpolate._fitpack2
import time:      3720 |       3720 |                                                       scipy.interpolate._rbf
import time:      1824 |       1824 |                                                           scipy.interpolate._rbfinterp_common
import time:      1333 |       1333 |                                                           scipy.interpolate._rbfinterp_pythran
import time:      2731 |       5887 |                                                         scipy.interpolate._rbfinterp_np
import time:      1775 |       1775 |                                                         scipy.interpolate._rbfinterp_xp
import time:      5118 |      12779 |                                                       scipy.interpolate._rbfinterp
import time:      8156 |       8156 |                                                       scipy.interpolate._cubic
import time:      2671 |       2671 |                                                       scipy.interpolate._ndgriddata
import time:      5770 |       5770 |                                                       scipy.interpolate._fitpack_repro
import time:      2621 |       2621 |                                                       scipy.interpolate._pade
import time:      2095 |       2095 |                                                         scipy.interpolate._rgi_cython
import time:      2367 |       2367 |                                                         scipy.interpolate._ndbspline
import time:      3754 |       8215 |                                                       scipy.interpolate._rgi
import time:      1946 |       1946 |                                                       scipy.interpolate._bary_rational
import time:      1466 |       1466 |                                                       scipy.interpolate.fitpack
import time:      1271 |       1271 |                                                       scipy.interpolate.fitpack2
import time:      1807 |       1807 |                                                       scipy.interpolate.interpolate
import time:      1479 |       1479 |                                                       scipy.interpolate.ndgriddata
import time:      1768 |       1768 |                                                       scipy.interpolate.polyint
import time:      2514 |       2514 |                                                       scipy.interpolate.rbf
import time:      2338 |       2338 |                                                       scipy.interpolate.interpnd
import time:      2922 |     112722 |                                                     scipy.interpolate
import time:      3970 |       3970 |                                                       scipy.special.cython_special
import time:      1904 |       5874 |                                                     scipy.stats._stats
import time:      2926 |       2926 |                                                     scipy.stats._tukeylambda_stats
import time:      2602 |       2602 |                                                     scipy.stats._ksstats
import time:    140031 |     264154 |                                                   scipy.stats._continuous_distns
import time:      3233 |       3233 |                                                     scipy.stats._biasedurn
import time:     41316 |      44549 |                                                   scipy.stats._discrete_distns
import time:      2118 |       2118 |                                                     scipy.stats._levy_stable.levyst
import time:      6147 |       8265 |                                                   scipy.stats._levy_stable
import time:      3224 |       3224 |                                                     scipy.stats._axis_nan_policy
import time:      7277 |      10501 |                                                   scipy.stats._entropy
import time:      1476 |     401386 |                                                 scipy.stats.distributions
import time:      1549 |       1549 |                                                   scipy._lib._bunch
import time:      2646 |       2646 |                                                   scipy.stats._stats_pythran
import time:      4965 |       4965 |                                                   scipy.stats._stats_mstats_common
import time:      7142 |      16302 |                                                 scipy.stats._mstats_basic
import time:      2751 |       2751 |                                                   scipy.stats._common
import time:     30697 |      33448 |                                                 scipy.stats._resampling
import time:      4116 |       4116 |                                                 scipy.stats._binomtest
import time:      7872 |       7872 |                                                 scipy.stats._quantile
import time:    165871 |     881147 |                                               scipy.stats._stats_py
import time:      7048 |       7048 |                                               scipy.stats._variation
import time:      2547 |       2547 |                                                 scipy.stats._ansari_swilk_statistics
import time:     20732 |      20732 |                                                   scipy.stats._hypotests
import time:      1907 |      22639 |                                                 scipy.stats._wilcoxon
import time:     13378 |      13378 |                                                 scipy.stats._fit
import time:      2832 |       2832 |                                                   scipy.stats._relative_risk
import time:      1384 |       1384 |                                                   scipy.stats._crosstab
import time:      1414 |       1414 |                                                   scipy.stats._odds_ratio
import time:      4398 |      10027 |                                                 scipy.stats.contingency
import time:     51165 |      99754 |                                               scipy.stats._morestats
import time:      1852 |       1852 |                                                     scipy.sparse.csgraph._laplacian
import time:      2609 |       2609 |                                                         scipy.sparse.csgraph._tools
import time:      1738 |       4346 |                                                       scipy.sparse.csgraph._validation
import time:      2675 |       7021 |                                                     scipy.sparse.csgraph._shortest_path
import time:      2126 |       2126 |                                                     scipy.sparse.csgraph._traversal
import time:      1457 |       1457 |                                                     scipy.sparse.csgraph._min_spanning_tree
import time:      1583 |       1583 |                                                     scipy.sparse.csgraph._flow
import time:      2069 |       2069 |                                                     scipy.sparse.csgraph._matching
import time:      2344 |       2344 |                                                     scipy.sparse.csgraph._reordering
import time:      4077 |      22526 |                                                   scipy.sparse.csgraph
import time:      2511 |       2511 |                                                   scipy.stats._sobol
import time:      2341 |       2341 |                                                   scipy.stats._qmc_cy
import time:      4714 |      32091 |                                                 scipy.stats._qmc
import time:      5636 |      37726 |                                               scipy.stats._multicomp
import time:      6750 |       6750 |                                               scipy.stats._binned_statistic
import time:      2698 |       2698 |                                                   scipy.stats._covariance
import time:      2630 |       2630 |                                                     scipy.stats._rcont.rcont
import time:      2207 |       4836 |                                                   scipy.stats._rcont
import time:      1595 |       1595 |                                                     scipy.stats._qmvnt_cy
import time:      2140 |       3734 |                                                   scipy.stats._qmvnt
import time:      7488 |      18755 |                                                 scipy.stats._multivariate
import time:      2083 |      20838 |                                               scipy.stats._kde
import time:      2080 |       2080 |                                                 scipy.stats._mstats_extras
import time:      1877 |       3957 |                                               scipy.stats.mstats
import time:      1589 |       1589 |                                               scipy.stats.qmc
import time:      7579 |       7579 |                                               scipy.stats._page_trend_test
import time:      6874 |       6874 |                                               scipy.stats._mannwhitneyu
import time:      3024 |       3024 |                                               scipy.stats._bws_test
import time:      6789 |       6789 |                                               scipy.stats._sensitivity_analysis
import time:      6062 |       6062 |                                               scipy.stats._survival
import time:      2298 |       2298 |                                                 scipy.stats._probability_distribution
import time:     17421 |      19719 |                                               scipy.stats._distribution_infrastructure
import time:     31984 |      31984 |                                               scipy.stats._new_distributions
import time:      2101 |       2101 |                                                         scipy.ndimage._ni_support
import time:      1486 |       1486 |                                                         scipy.ndimage._nd_image
import time:      1626 |       1626 |                                                         scipy.ndimage._ni_docstrings
import time:      1367 |       1367 |                                                         scipy.ndimage._rank_filter_1d
import time:      4915 |      11493 |                                                       scipy.ndimage._filters
import time:      1838 |       1838 |                                                       scipy.ndimage._fourier
import time:      3211 |       3211 |                                                       scipy.ndimage._interpolation
import time:      2333 |       2333 |                                                         scipy.ndimage._ni_label
import time:      2356 |       2356 |                                                         scipy.ndimage._morphology
import time:      2580 |       7268 |                                                       scipy.ndimage._measurements
import time:      2174 |      25982 |                                                     scipy.ndimage._ndimage_api
import time:      1771 |       1771 |                                                     scipy.ndimage._delegators
import time:     73754 |     101507 |                                                   scipy.ndimage._support_alternative_backends
import time:      1795 |       1795 |                                                   scipy.ndimage.filters
import time:      1647 |       1647 |                                                   scipy.ndimage.fourier
import time:      1916 |       1916 |                                                   scipy.ndimage.interpolation
import time:      2054 |       2054 |                                                   scipy.ndimage.measurements
import time:      1951 |       1951 |                                                   scipy.ndimage.morphology
import time:      3172 |     114039 |                                                 scipy.ndimage
import time:      4973 |     119012 |                                               scipy.stats._mgc
import time:     11094 |      11094 |                                               scipy.stats._correlation
import time:      1752 |       1752 |                                               scipy.stats.biasedurn
import time:      1735 |       1735 |                                               scipy.stats.kde
import time:      1239 |       1239 |                                               scipy.stats.morestats
import time:      1882 |       1882 |                                               scipy.stats.mstats_basic
import time:      2055 |       2055 |                                               scipy.stats.mstats_extras
import time:      1695 |       1695 |                                               scipy.stats.mvn
import time:      1715 |       1715 |                                               scipy.stats.stats
import time:      3496 |    1289964 |                                             scipy.stats
import time:      1795 |       1795 |                                               sklearn.externals._packaging
import time:      2060 |       2060 |                                               sklearn.externals._packaging._structures
import time:      7057 |      10912 |                                             sklearn.externals._packaging.version
import time:      2362 |       2362 |                                                 ctypes.util
import time:      3576 |       5938 |                                               threadpoolctl
import time:      2157 |       8094 |                                             sklearn.utils.parallel
import time:      1591 |    1351206 |                                           sklearn.utils.fixes
import time:      2607 |    1613005 |                                         sklearn.utils._array_api
import time:      1916 |       1916 |                                           sklearn._cyutility
import time:      2073 |       3989 |                                         sklearn.utils._isfinite
import time:      7021 |       7021 |                                         sklearn.utils._tags
import time:      3722 |    1888776 |                                       sklearn.utils.validation
import time:      3117 |    2218573 |                                     sklearn.utils._param_validation
import time:      1784 |    2220357 |                                   sklearn.utils._chunking
import time:      2182 |       2182 |                                       sklearn.utils.deprecation
import time:      1883 |       1883 |                                         sklearn.utils.sparsefuncs_fast
import time:      1912 |       3794 |                                       sklearn.utils.sparsefuncs
import time:      2029 |       8004 |                                     sklearn.utils.extmath
import time:      1963 |       9967 |                                   sklearn.utils._indexing
import time:      1589 |       1589 |                                     sklearn.utils._missing
import time:      1547 |       1547 |                                     sklearn.utils._sparse
import time:      1637 |       4772 |                                   sklearn.utils._mask
import time:      1880 |       1880 |                                     sklearn.utils._repr_html
import time:      1994 |       3873 |                                   sklearn.utils._repr_html.base
import time:      2044 |       2044 |                                     sklearn.utils._repr_html.features
import time:      4680 |       6724 |                                   sklearn.utils._repr_html.estimator
import time:      1452 |       1452 |                                   sklearn.utils.class_weight
import time:      1473 |       1473 |                                   sklearn.utils.discovery
import time:      2649 |       2649 |                                   sklearn.utils.murmurhash
import time:      2201 |    2262135 |                                 sklearn.utils
import time:        72 |    2262207 |                               sklearn.utils._metadata_requests
import time:       336 |        336 |                                   sklearn.externals._numpydoc
import time:      4652 |       4652 |                                   sklearn.externals._numpydoc.docscrape
import time:      1649 |       6636 |                                 sklearn.utils._repr_html.common
import time:      2218 |       8854 |                               sklearn.utils._repr_html.fitted_attributes
import time:      1606 |       1606 |                               sklearn.utils._repr_html.params
import time:      1501 |       1501 |                                 sklearn.utils._available_if
import time:      1940 |       3440 |                               sklearn.utils._set_output
import time:      3538 |    2282205 |                             sklearn.base
import time:      1319 |       1319 |                               sklearn.utils._openmp_helpers
import time:      1918 |       3236 |                             sklearn.utils._show_versions
import time:      2963 |    2302970 |                           sklearn
import time:      2300 |       2300 |                             sklearn.metrics.cluster._bicluster
import time:      1567 |       1567 |                               sklearn.metrics.cluster._expected_mutual_info_fast
import time:      2379 |       2379 |                                 sklearn.utils._unique
import time:      2039 |       4417 |                               sklearn.utils.multiclass
import time:      1949 |       7932 |                             sklearn.metrics.cluster._supervised
import time:      3746 |       3746 |                                     sklearn.metrics._dist_metrics
import time:      1806 |       1806 |                                         sklearn.metrics._pairwise_distances_reduction._datasets_pair
import time:      2242 |       2242 |                                         sklearn.utils._cython_blas
import time:      1988 |       6035 |                                       sklearn.metrics._pairwise_distances_reduction._base
import time:      1817 |       1817 |                                       sklearn.metrics._pairwise_distances_reduction._middle_term_computer
import time:      1265 |       1265 |                                       sklearn.utils._heap
import time:      1416 |       1416 |                                       sklearn.utils._sorting
import time:      2853 |      13385 |                                     sklearn.metrics._pairwise_distances_reduction._argkmin
import time:      1634 |       1634 |                                     sklearn.metrics._pairwise_distances_reduction._argkmin_classmode
import time:      2891 |       2891 |                                       sklearn.utils._vector_sentinel
import time:      2237 |       5128 |                                     sklearn.metrics._pairwise_distances_reduction._radius_neighbors
import time:      1766 |       1766 |                                     sklearn.metrics._pairwise_distances_reduction._radius_neighbors_classmode
import time:      2558 |      28214 |                                   sklearn.metrics._pairwise_distances_reduction._dispatcher
import time:      1916 |      30129 |                                 sklearn.metrics._pairwise_distances_reduction
import time:      1570 |       1570 |                                 sklearn.metrics._pairwise_fast
import time:      1903 |       1903 |                                       sklearn.callback._base
import time:      2214 |       2214 |                                       sklearn.callback._callback_context
import time:      2551 |       2551 |                                       sklearn.callback._callback_support
import time:      2184 |       2184 |                                         sklearn.callback._transport
import time:      1249 |       1249 |                                         sklearn.utils._optional_dependencies
import time:      2695 |       6126 |                                       sklearn.callback._progressbar
import time:      1844 |       1844 |                                       sklearn.callback._scoring_monitor
import time:      1669 |      16305 |                                     sklearn.callback
import time:      1459 |       1459 |                                       sklearn.utils._encode
import time:      2340 |       3799 |                                     sklearn.preprocessing._encoders
import time:      6603 |      26706 |                                   sklearn.preprocessing._data
import time:      2785 |       2785 |                                     sklearn.utils.stats
import time:      4018 |       6803 |                                   sklearn.preprocessing._discretization
import time:      4949 |       4949 |                                     sklearn.utils.metaestimators
import time:      3851 |       8800 |                                   sklearn.preprocessing._function_transformer
import time:      4532 |       4532 |                                   sklearn.preprocessing._label
import time:      1650 |       1650 |                                     sklearn.preprocessing._csr_polynomial_expansion
import time:      3267 |       4916 |                                   sklearn.preprocessing._polynomial
import time:      1473 |       1473 |                                     sklearn.preprocessing._target_encoder_fast
import time:      2475 |       3947 |                                   sklearn.preprocessing._target_encoder
import time:      1981 |      57682 |                                 sklearn.preprocessing
import time:      4664 |      94044 |                               sklearn.metrics.pairwise
import time:      4707 |      98751 |                             sklearn.metrics.cluster._unsupervised
import time:      2484 |     111466 |                           sklearn.metrics.cluster
import time:      5410 |       5410 |                           sklearn.metrics._classification
import time:      3130 |       3130 |                             sklearn.metrics._plot
import time:      1866 |       1866 |                               sklearn.utils._response
import time:      2715 |       4581 |                             sklearn.utils._plotting
import time:      4026 |      11736 |                           sklearn.metrics._plot.confusion_matrix
import time:      1906 |       1906 |                               sklearn.metrics._base
import time:      2736 |       4641 |                             sklearn.metrics._ranking
import time:      2605 |       7246 |                           sklearn.metrics._plot.det_curve
import time:      2943 |       2943 |                           sklearn.metrics._plot.precision_recall_curve
import time:      1950 |       1950 |                           sklearn.metrics._plot.regression
import time:      2368 |       2368 |                           sklearn.metrics._plot.roc_curve
import time:      3488 |       3488 |                           sklearn.metrics._regression
import time:      9771 |       9771 |                           sklearn.metrics._scorer
import time:      2611 |    2461953 |                         sklearn.metrics
import time:      1711 |       1711 |                         sentence_transformers.util.tensor
import time:      2888 |    2466551 |                       sentence_transformers.util.similarity
import time:      2468 |    2469019 |                     sentence_transformers.util.retrieval
import time:      1087 |    2484405 |                   sentence_transformers.util
import time:       856 |    2485261 |                 sentence_transformers.backend.quantize
import time:      2441 |    7661281 |               sentence_transformers.backend
import time:      4050 |       4050 |                   sentence_transformers.base.data_collator
import time:      2983 |       2983 |                     huggingface_hub.serialization._base
import time:      3307 |       3307 |                     huggingface_hub.serialization._torch
import time:      2919 |       2919 |                       safetensors._safetensors_rust
import time:      2557 |       5475 |                     safetensors
import time:      2918 |       2918 |                     safetensors.torch
import time:      2327 |       2327 |                     transformers.initialization
import time:      2217 |       2217 |                           transformers.distributed
import time:      2290 |       2290 |                                       torch.distributed._functional_collectives_impl
import time:      2427 |       2427 |                                       torch.utils._cxx_pytree
import time:    682412 |     687128 |                                     torch.distributed._functional_collectives
import time:      2693 |       2693 |                                       torch.distributed._local_tensor._c10d
import time:      4619 |       7312 |                                     torch.distributed._local_tensor
import time:      2663 |       2663 |                                             mpmath.usertools
import time:       387 |        387 |                                                         gmpy2
import time:       257 |        257 |                                                         gmpy
import time:      1377 |       2020 |                                                       mpmath.libmp.backend
import time:      1971 |       1971 |                                                       mpmath.libmp.libintmath
import time:      2555 |       6544 |                                                     mpmath.libmp.libmpf
import time:      1877 |       1877 |                                                       mpmath.libmp.libelefun
import time:      1608 |       3485 |                                                     mpmath.libmp.libmpc
import time:      3237 |       3237 |                                                       mpmath.libmp.gammazeta
import time:      2121 |       5357 |                                                     mpmath.libmp.libhyper
import time:      2183 |       2183 |                                                     mpmath.libmp.libmpi
import time:      1130 |      18699 |                                                   mpmath.libmp
import time:        62 |      18760 |                                                 mpmath.libmp.backend
import time:      2979 |       2979 |                                                     mpmath.functions.functions
import time:      1953 |       1953 |                                                     mpmath.functions.factorials
import time:      2462 |       2462 |                                                     mpmath.functions.hypergeometric
import time:      1568 |       1568 |                                                     mpmath.functions.expintegrals
import time:      2342 |       2342 |                                                     mpmath.functions.bessel
import time:      1599 |       1599 |                                                     mpmath.functions.orthogonal
import time:      2177 |       2177 |                                                     mpmath.functions.theta
import time:      2164 |       2164 |                                                     mpmath.functions.elliptic
import time:      1775 |       1775 |                                                     mpmath.functions.signals
import time:      9186 |       9186 |                                                     mpmath.functions.zeta
import time:      3263 |       3263 |                                                     mpmath.functions.rszeta
import time:      1536 |       1536 |                                                     mpmath.functions.zetazeros
import time:      1461 |       1461 |                                                     mpmath.functions.qfunctions
import time:      2795 |      37254 |                                                   mpmath.functions
import time:        43 |      37297 |                                                 mpmath.functions.functions
import time:      2568 |       2568 |                                                     mpmath.calculus.calculus
import time:      1909 |       1909 |                                                     mpmath.calculus.approximation
import time:      2262 |       2262 |                                                     mpmath.calculus.differentiation
import time:      2438 |       2438 |                                                     mpmath.calculus.extrapolation
import time:      1768 |       1768 |                                                     mpmath.calculus.polynomials
import time:      2536 |      13478 |                                                   mpmath.calculus
import time:      2166 |      15643 |                                                 mpmath.calculus.quadrature
import time:      2945 |       2945 |                                                 mpmath.calculus.inverselaplace
import time:      2338 |       2338 |                                                 mpmath.calculus.optimization
import time:      1517 |       1517 |                                                 mpmath.calculus.odes
import time:      1771 |       1771 |                                                     mpmath.matrices.eigen
import time:      1173 |       1173 |                                                     mpmath.matrices.eigen_symmetric
import time:      1757 |       4700 |                                                   mpmath.matrices
import time:      2142 |       6842 |                                                 mpmath.matrices.matrices
import time:      1940 |       1940 |                                                 mpmath.matrices.calculus
import time:      1963 |       1963 |                                                 mpmath.matrices.linalg
import time:       886 |        886 |                                                 mpmath.identification
import time:      1145 |       1145 |                                                 mpmath.visualization
import time:      1385 |      92657 |                                               mpmath.ctx_base
import time:       845 |        845 |                                               mpmath.math2
import time:      1006 |       1006 |                                               mpmath.function_docs
import time:      1648 |      96155 |                                             mpmath.ctx_fp
import time:       974 |        974 |                                               mpmath.rational
import time:      7575 |       7575 |                                               mpmath.ctx_mp_python
import time:      2351 |      10898 |                                             mpmath.ctx_mp
import time:      2238 |       2238 |                                             mpmath.ctx_iv
import time:      5109 |     117062 |                                           mpmath
import time:      1696 |       1696 |                                           sympy.release
import time:      2360 |       2360 |                                                         sympy.utilities.enumerative
import time:      2789 |       2789 |                                                         sympy.utilities.misc
import time:      2315 |       2315 |                                                           sympy.utilities.exceptions
import time:      2519 |       4834 |                                                         sympy.utilities.decorator
import time:      3580 |      13563 |                                                       sympy.utilities.iterables
import time:      1963 |       1963 |                                                           sympy.external.importtools
import time:      1665 |       3628 |                                                         sympy.external
import time:      3276 |       6904 |                                                       sympy.utilities.lambdify
import time:      1454 |       1454 |                                                       sympy.utilities.timeutils
import time:      2150 |      24069 |                                                     sympy.utilities
import time:       174 |      24243 |                                                   sympy.utilities.iterables
import time:      2037 |      26280 |                                                 sympy.core.random
import time:      1507 |       1507 |                                                   sympy.core.cache
import time:      1473 |       2979 |                                                 sympy.core.parameters
import time:      2188 |       2188 |                                                       sympy.core.logic
import time:      2551 |       4739 |                                                     sympy.core.facts
import time:      2020 |       2020 |                                                     sympy.core.assumptions_generated
import time:      2235 |       8992 |                                                   sympy.core.assumptions
import time:      2012 |       2012 |                                                   sympy.core.sorting
import time:      2224 |       2224 |                                                               sympy.multipledispatch.utils
import time:      2719 |       4942 |                                                             sympy.multipledispatch.conflict
import time:      4062 |       9004 |                                                           sympy.multipledispatch.dispatcher
import time:      2473 |      11476 |                                                         sympy.multipledispatch.core
import time:      1386 |      12862 |                                                       sympy.multipledispatch
import time:        92 |      12953 |                                                     sympy.multipledispatch.dispatcher
import time:      1709 |      14661 |                                                   sympy.core.kind
import time:      2127 |       2127 |                                                   sympy.core._print_helpers
import time:      2157 |       2157 |                                                     sympy.core.core
import time:      2290 |       4446 |                                                   sympy.core.singleton
import time:      1966 |       1966 |                                                   sympy.core.traversal
import time:      3807 |      38010 |                                                 sympy.core.basic
import time:      3215 |      70483 |                                               sympy.core.sympify
import time:      2088 |       2088 |                                                     sympy.external.pythonmpq
import time:      2350 |       2350 |                                                     sympy.external.ntheory
import time:       591 |        591 |                                                     flint
import time:       585 |        585 |                                                     gmpy2
import time:      2355 |       7967 |                                                   sympy.external.gmpy
import time:      3452 |      11419 |                                                 sympy.core.evalf
import time:      2388 |       2388 |                                                 sympy.core.decorators
import time:      2262 |       2262 |                                                 sympy.core.intfunc
import time:      2975 |       2975 |                                                   sympy.core.operations
import time:      3529 |       3529 |                                                     sympy.core.containers
import time:      3547 |       3547 |                                                         sympy.core.add
import time:      1798 |       1798 |                                                         sympy.core.rules
import time:      6572 |       6572 |                                                               sympy.logic.boolalg
import time:      1658 |       1658 |                                                               sympy.logic.inference
import time:      2301 |      10530 |                                                             sympy.logic
import time:        72 |      10601 |                                                           sympy.logic.boolalg
import time:      4077 |      14677 |                                                         sympy.core.symbol
import time:      5715 |      25736 |                                                       sympy.core.function
import time:      1999 |       1999 |                                                         sympy.core.coreerrors
import time:      3745 |       5744 |                                                       sympy.core.relational
import time:      3407 |      34886 |                                                     sympy.core.power
import time:     12192 |      50606 |                                                   sympy.core.numbers
import time:      3497 |      57077 |                                                 sympy.core.mul
import time:      2552 |       2552 |                                                   sympy.core.exprtools
import time:      1632 |       4184 |                                                 sympy.core.mod
import time:      5363 |      82691 |                                               sympy.core.expr
import time:      1003 |       1003 |                                               sympy.core.multidimensional
import time:      1811 |     155986 |                                             sympy.core
import time:        57 |     156042 |                                           sympy.core.cache
import time:      1130 |       1130 |                                               sympy.utilities.source
import time:      2011 |       3141 |                                             sympy.assumptions.assume
import time:      1549 |       1549 |                                               sympy.assumptions.cnf
import time:      2251 |       2251 |                                               sympy.assumptions.ask_generated
import time:      2065 |       5863 |                                             sympy.assumptions.ask
import time:      2491 |       2491 |                                             sympy.assumptions.refine
import time:      3497 |       3497 |                                               sympy.assumptions.relation.binrel
import time:      2131 |       5628 |                                             sympy.assumptions.relation
import time:      1232 |      18353 |                                           sympy.assumptions
import time:      2434 |       2434 |                                                 sympy.polys.polyerrors
import time:      5638 |       8071 |                                               sympy.polys.polyoptions
import time:      1771 |       1771 |                                                     sympy.polys.domains.domainelement
import time:      1977 |       1977 |                                                     sympy.polys.orderings
import time:      2155 |       2155 |                                                       sympy.polys.domains.modularinteger
import time:      1877 |       4031 |                                                     sympy.polys.polyutils
import time:      2951 |      10728 |                                                   sympy.polys.domains.domain
import time:      1636 |       1636 |                                                       sympy.polys.domains.ring
import time:      2297 |       3932 |                                                     sympy.polys.domains.field
import time:      1397 |       1397 |                                                     sympy.polys.domains.simpledomain
import time:      1801 |       1801 |                                                       sympy.polys.polyconfig
import time:      2055 |       3856 |                                                     sympy.polys.galoistools
import time:      2128 |       2128 |                                                       sympy.polys.domains.pythonrational
import time:      1984 |       4112 |                                                     sympy.polys.domains.groundtypes
import time:      2290 |      15584 |                                                   sympy.polys.domains.finitefield
import time:      2009 |       2009 |                                                     sympy.polys.domains.characteristiczero
import time:      2455 |       4464 |                                                   sympy.polys.domains.integerring
import time:      2267 |       2267 |                                                   sympy.polys.domains.rationalfield
import time:      2230 |       2230 |                                                         sympy.polys.monomials
import time:      2352 |       4581 |                                                       sympy.polys.densebasic
import time:      2057 |       2057 |                                                       sympy.polys.densearith
import time:      1701 |       1701 |                                                       sympy.polys.densetools
import time:      1724 |       1724 |                                                       sympy.polys.euclidtools
import time:      1464 |       1464 |                                                       sympy.polys.sqfreetools
import time:      1845 |       1845 |                                                       sympy.polys.factortools
import time:      7040 |       7040 |                                                       sympy.polys.rootisolation
import time:      5086 |      25495 |                                                     sympy.polys.polyclasses
import time:      2306 |      27801 |                                                   sympy.polys.domains.algebraicfield
import time:      2278 |       2278 |                                                   sympy.polys.domains.gaussiandomains
import time:      2597 |       2597 |                                                   sympy.polys.domains.realfield
import time:      3359 |       3359 |                                                   sympy.polys.domains.complexfield
import time:      1868 |       1868 |                                                     sympy.polys.domains.compositedomain
import time:      2145 |       4012 |                                                   sympy.polys.domains.polynomialring
import time:      1940 |       1940 |                                                   sympy.polys.domains.fractionfield
import time:      2706 |       2706 |                                                   sympy.polys.domains.expressiondomain
import time:      1919 |       1919 |                                                   sympy.polys.domains.expressionrawdomain
import time:      1839 |       1839 |                                                     sympy.polys.domains.pythonintegerring
import time:      1734 |       3572 |                                                   sympy.polys.domains.pythonfinitefield
import time:      2038 |       2038 |                                                     sympy.polys.domains.gmpyintegerring
import time:      1850 |       3887 |                                                   sympy.polys.domains.gmpyfinitefield
import time:      1405 |       1405 |                                                   sympy.polys.domains.pythonrationalfield
import time:      1400 |       1400 |                                                   sympy.polys.domains.gmpyrationalfield
import time:      2587 |      92499 |                                                 sympy.polys.domains
import time:      2405 |      94903 |                                               sympy.polys.constructor
import time:      1645 |       1645 |                                               sympy.polys.fglmtools
import time:      1903 |       1903 |                                               sympy.polys.groebnertools
import time:      1878 |       1878 |                                               sympy.polys.rationaltools
import time:      4817 |     113214 |                                             sympy.polys.polytools
import time:      1920 |       1920 |                                                     sympy.ntheory.primetest
import time:      2414 |       4334 |                                                   sympy.ntheory.generate
import time:      1795 |       1795 |                                                     sympy.ntheory.digits
import time:      1752 |       1752 |                                                     sympy.ntheory.ecm
import time:      4118 |       7663 |                                                   sympy.ntheory.factor_
import time:      1664 |       1664 |                                                       sympy.ntheory.modular
import time:      1677 |       1677 |                                                       sympy.utilities.memoization
import time:      2354 |       5694 |                                                     sympy.ntheory.residue_ntheory
import time:      1818 |       7512 |                                                   sympy.ntheory.partitions_
import time:      1673 |       1673 |                                                   sympy.ntheory.multinomial
import time:      1914 |       1914 |                                                   sympy.ntheory.continued_fraction
import time:      1723 |       1723 |                                                   sympy.ntheory.egyptian_fraction
import time:      1790 |       1790 |                                                   sympy.ntheory.qs
import time:      2082 |      28689 |                                                 sympy.ntheory
import time:      3573 |       3573 |                                                   sympy.polys.compatibility
import time:      1756 |       1756 |                                                   sympy.polys.heuristicgcd
import time:      2186 |       2186 |                                                           sympy.printing.conventions
import time:      2204 |       2204 |                                                           sympy.printing.precedence
import time:      1707 |       1707 |                                                           sympy.printing.printer
import time:      2943 |       2943 |                                                           sympy.printing.str
import time:      1677 |       1677 |                                                               sympy.core.alphabets
import time:      3016 |       4693 |                                                             sympy.printing.pretty.pretty_symbology
import time:      2306 |       6999 |                                                           sympy.printing.pretty.stringpict
import time:      4470 |      20506 |                                                         sympy.printing.pretty.pretty
import time:      1820 |      22326 |                                                       sympy.printing.pretty
import time:      5137 |       5137 |                                                       sympy.printing.latex
import time:      3050 |       3050 |                                                       sympy.printing.mathml
import time:      2057 |       2057 |                                                         sympy.printing.repr
import time:      1661 |       3718 |                                                       sympy.printing.python
import time:      1643 |       1643 |                                                                   sympy.functions.combinatorial
import time:      5170 |       6813 |                                                                 sympy.functions.combinatorial.factorials
import time:      1490 |       1490 |                                                                     sympy.functions.elementary
import time:      2700 |       2700 |                                                                       sympy.functions.elementary.miscellaneous
import time:      2270 |       2270 |                                                                       sympy.functions.elementary.piecewise
import time:      3103 |       8072 |                                                                     sympy.functions.elementary.complexes
import time:      3411 |      12972 |                                                                   sympy.functions.elementary.exponential
import time:      1470 |       1470 |                                                                   sympy.polys.appellseqs
import time:      8917 |      23358 |                                                                 sympy.functions.combinatorial.numbers
import time:      2263 |       2263 |                                                                   sympy.functions.elementary.integers
import time:      2111 |       2111 |                                                                   sympy.functions.elementary._trigonometric_special
import time:      7119 |      11492 |                                                                 sympy.functions.elementary.trigonometric
import time:      6464 |       6464 |                                                                 sympy.functions.elementary.hyperbolic
import time:      2055 |       2055 |                                                                   sympy.functions.special
import time:      5811 |       5811 |                                                                   sympy.functions.special.hyper
import time:      6399 |      14264 |                                                                 sympy.functions.special.error_functions
import time:      3127 |       3127 |                                                                   sympy.functions.special.zeta_functions
import time:      2684 |       5810 |                                                                 sympy.functions.special.gamma_functions
import time:      2617 |       2617 |                                                                 sympy.functions.special.tensor_functions
import time:      3113 |       3113 |                                                                       sympy.polys.polyquinticconst
import time:      2751 |       5864 |                                                                     sympy.polys.polyroots
import time:      3888 |       9751 |                                                                   sympy.functions.special.delta_functions
import time:      2228 |      11978 |                                                                 sympy.functions.special.singularity_functions
import time:      6678 |       6678 |                                                                       sympy.sets.sets
import time:      2812 |       2812 |                                                                       sympy.sets.fancysets
import time:      2150 |       2150 |                                                                       sympy.sets.contains
import time:      2795 |       2795 |                                                                       sympy.sets.conditionset
import time:      2595 |       2595 |                                                                       sympy.sets.ordinals
import time:      2139 |       2139 |                                                                       sympy.sets.powerset
import time:      1851 |       1851 |                                                                         sympy.sets.handlers
import time:      5747 |       7598 |                                                                       sympy.sets.handlers.comparison
import time:      1589 |      28353 |                                                                     sympy.sets
import time:        65 |      28418 |                                                                   sympy.sets.sets
import time:      1194 |      29611 |                                                                 sympy.functions.special.bsplines
import time:      2140 |       2140 |                                                                   sympy.polys.orthopolys
import time:      8120 |      10259 |                                                                 sympy.functions.special.bessel
import time:      6151 |       6151 |                                                                 sympy.functions.special.polynomials
import time:      2172 |       2172 |                                                                 sympy.functions.special.spherical_harmonics
import time:      2524 |       2524 |                                                                 sympy.functions.special.elliptic_integrals
import time:      2310 |       2310 |                                                                 sympy.functions.special.beta_functions
import time:      2716 |       2716 |                                                                 sympy.functions.special.mathieu_functions
import time:      3089 |     141624 |                                                               sympy.functions
import time:       106 |     141729 |                                                             sympy.functions.elementary
import time:        78 |     141807 |                                                           sympy.functions.elementary.complexes
import time:      2403 |     144210 |                                                         sympy.printing.codeprinter
import time:      2938 |     147147 |                                                       sympy.printing.pycode
import time:      2811 |       2811 |                                                         sympy.assumptions.relation.equality
import time:      2875 |       5685 |                                                       sympy.printing.smtlib
import time:      2215 |       2215 |                                                       sympy.printing.glsl
import time:      2089 |       2089 |                                                       sympy.printing.rcode
import time:      2043 |       2043 |                                                       sympy.printing.jscode
import time:      2207 |       2207 |                                                       sympy.printing.julia
import time:      2681 |       2681 |                                                       sympy.printing.mathematica
import time:      3162 |       3162 |                                                       sympy.printing.octave
import time:      2000 |       2000 |                                                         sympy.utilities.mathml
import time:      3478 |       5478 |                                                       sympy.printing.gtk
import time:      1964 |       1964 |                                                       sympy.printing.preview
import time:      1788 |       1788 |                                                       sympy.printing.tree
import time:      1614 |       1614 |                                                       sympy.printing.tableform
import time:      1715 |       1715 |                                                       sympy.printing.dot
import time:      2071 |       2071 |                                                       sympy.printing.maple
import time:      3549 |     219631 |                                                     sympy.printing
import time:      3253 |     222884 |                                                   sympy.printing.defaults
import time:      1391 |       1391 |                                                   sympy.utilities.magic
import time:      3334 |     232936 |                                                 sympy.polys.rings
import time:      2193 |     263816 |                                               sympy.polys.specialpolys
import time:      2145 |     265961 |                                             sympy.polys.polyfuncs
import time:      2253 |       2253 |                                                   sympy.polys.puiseux
import time:      1876 |       4129 |                                                 sympy.polys.ring_series
import time:      8943 |       8943 |                                                 sympy.polys.rootoftools
import time:      2145 |      15216 |                                               sympy.polys.numberfields.minpoly
import time:      1854 |       1854 |                                               sympy.polys.numberfields.subfield
import time:      1693 |       1693 |                                                       sympy.polys.matrices.exceptions
import time:      1494 |       1494 |                                                       sympy.polys.matrices.domainscalar
import time:      1372 |       1372 |                                                           sympy.polys.matrices._typing
import time:      1633 |       3005 |                                                         sympy.polys.matrices.dense
import time:      1377 |       1377 |                                                         sympy.polys.matrices.lll
import time:      2032 |       2032 |                                                         sympy.polys.matrices.sdm
import time:      1258 |       1258 |                                                         sympy.polys.matrices.dfm
import time:      3047 |      10717 |                                                       sympy.polys.matrices.ddm
import time:      1337 |       1337 |                                                       sympy.polys.matrices.rref
import time:      3206 |      18444 |                                                     sympy.polys.matrices.domainmatrix
import time:      1274 |      19718 |                                                   sympy.polys.matrices
import time:        83 |      19801 |                                                 sympy.polys.matrices.exceptions
import time:      2407 |       2407 |                                                   sympy.printing.numpy
import time:      1764 |       4170 |                                                 sympy.printing.lambdarepr
import time:      1566 |      25536 |                                               sympy.polys.numberfields.utilities
import time:      1347 |       1347 |                                                   sympy.polys.matrices.normalforms
import time:      1099 |       1099 |                                                   sympy.polys.numberfields.exceptions
import time:      2364 |       4808 |                                                 sympy.polys.numberfields.modules
import time:      2287 |       7095 |                                               sympy.polys.numberfields.basis
import time:      1314 |       1314 |                                               sympy.polys.numberfields.primes
import time:      1089 |       1089 |                                                 sympy.polys.numberfields.galois_resolvents
import time:      1139 |       2227 |                                               sympy.polys.numberfields.galoisgroups
import time:      1597 |      54837 |                                             sympy.polys.numberfields
import time:       955 |        955 |                                                 sympy.matrices.exceptions
import time:       887 |        887 |                                                 sympy.matrices.kind
import time:       817 |        817 |                                                     sympy.matrices.utilities
import time:      1132 |       1132 |                                                     sympy.matrices.determinant
import time:       964 |       2912 |                                                   sympy.matrices.decompositions
import time:      2115 |       2115 |                                                         sympy.tensor.indexed
import time:      1057 |       1057 |                                                         sympy.tensor.index_methods
import time:      1023 |       1023 |                                                         sympy.tensor.functions
import time:      1059 |       1059 |                                                               sympy.tensor.array.ndim_array
import time:       684 |       1742 |                                                             sympy.tensor.array.mutable_ndim_array
import time:      1095 |       2837 |                                                           sympy.tensor.array.dense_ndim_array
import time:       884 |        884 |                                                           sympy.tensor.array.sparse_ndim_array
import time:       821 |        821 |                                                           sympy.tensor.array.arrayop
import time:      1061 |       1061 |                                                           sympy.tensor.array.array_comprehension
import time:       870 |       6470 |                                                         sympy.tensor.array
import time:      1155 |      11817 |                                                       sympy.tensor
import time:        31 |      11848 |                                                     sympy.tensor.array
import time:      1157 |       1157 |                                                     sympy.matrices.reductions
import time:      1890 |       1890 |                                                                   sympy.polys.agca.ideals
import time:      2423 |       4313 |                                                                 sympy.polys.agca.modules
import time:      1645 |       5957 |                                                               sympy.polys.agca.homomorphisms
import time:      1013 |       6970 |                                                             sympy.polys.agca
import time:      1665 |       8635 |                                                           sympy.polys.agca.extensions
import time:      1074 |       9709 |                                                         sympy.polys.matrices.eigen
import time:      1373 |      11082 |                                                       sympy.matrices.eigen
import time:      1346 |      12427 |                                                     sympy.matrices.solvers
import time:      1787 |       1787 |                                                     sympy.matrices.inverse
import time:      1627 |       1627 |                                                     sympy.matrices.subspaces
import time:      2867 |       2867 |                                                     sympy.matrices.graph
import time:      3136 |      34847 |                                                   sympy.matrices.matrixbase
import time:      2151 |       2151 |                                                   sympy.matrices.repmatrix
import time:      1064 |      40973 |                                                 sympy.matrices.dense
import time:      1641 |       1641 |                                                 sympy.matrices.sparse
import time:      1546 |       1546 |                                                 sympy.matrices.sparsetools
import time:      1434 |       1434 |                                                               sympy.strategies.util
import time:      1614 |       3047 |                                                             sympy.strategies.rl
import time:      1392 |       1392 |                                                               sympy.strategies.core
import time:      1774 |       3165 |                                                             sympy.strategies.traverse
import time:      1213 |       1213 |                                                             sympy.strategies.tools
import time:      1779 |       1779 |                                                                 sympy.strategies.branch.core
import time:      1684 |       3463 |                                                               sympy.strategies.branch.traverse
import time:      1375 |       1375 |                                                               sympy.strategies.branch.tools
import time:      1883 |       6721 |                                                             sympy.strategies.branch
import time:      1840 |      15984 |                                                           sympy.strategies
import time:      1382 |       1382 |                                                           sympy.matrices.expressions._shape
import time:      7333 |       7333 |                                                               sympy.matrices.expressions.special
import time:      3618 |      10951 |                                                             sympy.matrices.expressions.matpow
import time:      2257 |      13207 |                                                           sympy.matrices.expressions.inverse
import time:      2240 |       2240 |                                                           sympy.matrices.expressions.transpose
import time:      2115 |       2115 |                                                           sympy.matrices.expressions.permutation
import time:      3524 |      38450 |                                                         sympy.matrices.expressions.matmul
import time:      2584 |       2584 |                                                         sympy.matrices.expressions.matadd
import time:      1709 |       1709 |                                                         sympy.matrices.expressions.determinant
import time:      5853 |      48594 |                                                       sympy.matrices.expressions.matexpr
import time:      1744 |      50338 |                                                     sympy.matrices.expressions.slice
import time:      1478 |       1478 |                                                       sympy.matrices.expressions.trace
import time:      2536 |       4013 |                                                     sympy.matrices.expressions.blockmatrix
import time:      1241 |       1241 |                                                     sympy.matrices.expressions.companion
import time:      1597 |       1597 |                                                     sympy.matrices.expressions.funcmatrix
import time:      1169 |       1169 |                                                     sympy.matrices.expressions.adjoint
import time:      1287 |       1287 |                                                     sympy.matrices.expressions.hadamard
import time:      1382 |       1382 |                                                     sympy.matrices.expressions.diagonal
import time:      1145 |       1145 |                                                     sympy.matrices.expressions.dotproduct
import time:      1371 |       1371 |                                                     sympy.matrices.expressions.kronecker
import time:       941 |        941 |                                                     sympy.matrices.expressions.sets
import time:      1995 |      66476 |                                                   sympy.matrices.expressions
import time:      2416 |      68891 |                                                 sympy.matrices.immutable
import time:      1096 |     115987 |                                               sympy.matrices
import time:       981 |     116967 |                                             sympy.polys.partfrac
import time:      1089 |       1089 |                                             sympy.polys.fields
import time:      2452 |     554518 |                                           sympy.polys
import time:      1420 |       1420 |                                             sympy.series.order
import time:       959 |        959 |                                                   sympy.calculus.euler
import time:      1046 |       1046 |                                                   sympy.calculus.singularities
import time:       794 |        794 |                                                   sympy.calculus.finite_diff
import time:      1485 |       1485 |                                                     sympy.calculus.accumulationbounds
import time:       958 |       2443 |                                                   sympy.calculus.util
import time:       874 |       6115 |                                                 sympy.calculus
import time:        43 |       6157 |                                               sympy.calculus.accumulationbounds
import time:      1219 |       1219 |                                               sympy.series.gruntz
import time:      1107 |       8482 |                                             sympy.series.limits
import time:       810 |        810 |                                             sympy.series.series
import time:       724 |        724 |                                             sympy.series.approximants
import time:       685 |        685 |                                             sympy.series.residues
import time:      2319 |       2319 |                                             sympy.series.sequences
import time:       916 |        916 |                                               sympy.series.series_class
import time:      1512 |       2428 |                                             sympy.series.fourier
import time:      1408 |       1408 |                                                   sympy.discrete.transforms
import time:       862 |        862 |                                                   sympy.discrete.convolutions
import time:       878 |       3146 |                                                 sympy.discrete
import time:        47 |       3193 |                                               sympy.discrete.convolutions
import time:      1966 |       5158 |                                             sympy.series.formal
import time:       845 |        845 |                                             sympy.series.limitseq
import time:      1080 |      23949 |                                           sympy.series
import time:      1336 |       1336 |                                                 sympy.concrete.expr_with_limits
import time:       939 |       2275 |                                               sympy.concrete.expr_with_intlimits
import time:      1274 |       1274 |                                                 sympy.concrete.gosper
import time:      1087 |       1087 |                                                       sympy.integrals.rationaltools
import time:       869 |        869 |                                                       sympy.integrals.deltafunctions
import time:      2059 |       2059 |                                                       sympy.integrals.meijerint
import time:       970 |        970 |                                                       sympy.integrals.trigonometry
import time:      3282 |       8265 |                                                     sympy.integrals.integrals
import time:       712 |        712 |                                                             sympy.polys.domainmatrix
import time:      1128 |       1839 |                                                           sympy.polys.solvers
import time:       819 |       2657 |                                                         sympy.polys.matrices.linsolve
import time:      1931 |       4588 |                                                       sympy.integrals.laplace
import time:      2922 |       7510 |                                                     sympy.integrals.transforms
import time:       795 |        795 |                                                     sympy.integrals.singularityfunctions
import time:      2510 |      19078 |                                                   sympy.integrals
import time:        40 |      19117 |                                                 sympy.integrals.integrals
import time:      1496 |      21887 |                                               sympy.concrete.summations
import time:      1258 |      25418 |                                             sympy.concrete.products
import time:       792 |      26209 |                                           sympy.concrete
import time:       973 |        973 |                                                 sympy.simplify.gammasimp
import time:       749 |       1721 |                                               sympy.simplify.combsimp
import time:      1107 |       1107 |                                               sympy.simplify.cse_opts
import time:      1389 |       1389 |                                                 sympy.simplify.powsimp
import time:      2559 |       3948 |                                               sympy.simplify.hyperexpand
import time:      2097 |       2097 |                                                 sympy.simplify.sqrtdenest
import time:      1419 |       3515 |                                               sympy.simplify.radsimp
import time:      1612 |       1612 |                                                 sympy.simplify.cse_main
import time:       960 |        960 |                                                 sympy.strategies.tree
import time:      3968 |       6539 |                                               sympy.simplify.trigsimp
import time:      1537 |      18365 |                                             sympy.simplify.simplify
import time:      1799 |       1799 |                                             sympy.simplify.fu
import time:      1357 |       1357 |                                             sympy.simplify.epathtools
import time:       810 |        810 |                                             sympy.simplify.ratsimp
import time:      1712 |      24040 |                                           sympy.simplify
import time:       930 |        930 |                                               sympy.solvers.polysys
import time:       912 |        912 |                                               sympy.solvers.bivariate
import time:      1717 |       3558 |                                             sympy.solvers.solvers
import time:      2193 |       2193 |                                                   sympy.solvers.solveset
import time:      2642 |       4835 |                                                 sympy.solvers.diophantine.diophantine
import time:       861 |       5696 |                                               sympy.solvers.diophantine
import time:        82 |       5777 |                                             sympy.solvers.diophantine.diophantine
import time:      1662 |       1662 |                                             sympy.solvers.recurr
import time:      1739 |       1739 |                                                 sympy.solvers.deutils
import time:      1963 |       1963 |                                                   sympy.solvers.ode.riccati
import time:      1722 |       1722 |                                                   sympy.solvers.ode.hypergeometric
import time:      1879 |       1879 |                                                     sympy.solvers.ode.subscheck
import time:      1643 |       3522 |                                                   sympy.solvers.ode.nonhomogeneous
import time:      1751 |       1751 |                                                     sympy.solvers.pde
import time:      1881 |       3632 |                                                   sympy.solvers.ode.lie_group
import time:      3444 |      14281 |                                                 sympy.solvers.ode.single
import time:      3561 |      19580 |                                               sympy.solvers.ode.ode
import time:      2148 |       2148 |                                               sympy.solvers.ode.systems
import time:      1229 |      22957 |                                             sympy.solvers.ode
import time:      1670 |       1670 |                                             sympy.solvers.inequalities
import time:      2116 |       2116 |                                             sympy.solvers.decompogen
import time:      2572 |       2572 |                                             sympy.solvers.simplex
import time:      1163 |      41472 |                                           sympy.solvers
import time:      1548 |       1548 |                                               sympy.geometry.exceptions
import time:     10031 |      10031 |                                                 sympy.sets.handlers.intersection
import time:      6149 |       6149 |                                                 sympy.sets.handlers.union
import time:      4911 |      21090 |                                               sympy.geometry.entity
import time:      2905 |      25543 |                                             sympy.geometry.point
import time:      2008 |       2008 |                                               sympy.geometry.util
import time:      4774 |       6781 |                                             sympy.geometry.line
import time:      2119 |       2119 |                                             sympy.geometry.plane
import time:      3339 |       3339 |                                               sympy.geometry.polygon
import time:      2359 |       5697 |                                             sympy.geometry.ellipse
import time:      2110 |       2110 |                                             sympy.geometry.curve
import time:      1755 |       1755 |                                             sympy.geometry.parabola
import time:      2162 |      46163 |                                           sympy.geometry
import time:      2867 |       2867 |                                             sympy.parsing.sympy_parser
import time:      1425 |       4292 |                                           sympy.parsing
import time:      2309 |       2309 |                                             sympy.algebras.quaternion
import time:      1597 |       3905 |                                           sympy.algebras
import time:      1440 |       1440 |                                                 sympy.plotting.backends
import time:      1568 |       1568 |                                                   sympy.plotting.utils
import time:      1377 |       1377 |                                                       sympy.plotting.intervalmath.interval_membership
import time:      1847 |       3224 |                                                     sympy.plotting.intervalmath.interval_arithmetic
import time:      2140 |       2140 |                                                     sympy.plotting.intervalmath.lib_interval
import time:      1486 |       6849 |                                                   sympy.plotting.intervalmath
import time:      3267 |      11683 |                                                 sympy.plotting.series
import time:      1997 |      15119 |                                               sympy.plotting.backends.base_backend
import time:      1802 |       1802 |                                                 sympy.plotting.backends.matplotlibbackend.matplotlib
import time:      1541 |       3342 |                                               sympy.plotting.backends.matplotlibbackend
import time:      1064 |       1064 |                                                   sympy.plotting.textplot
import time:      1418 |       2482 |                                                 sympy.plotting.backends.textbackend.text
import time:      1135 |       3616 |                                               sympy.plotting.backends.textbackend
import time:      1086 |       1086 |                                               sympy.plotting.plotgrid
import time:      3141 |      26303 |                                             sympy.plotting.plot
import time:       931 |        931 |                                             sympy.plotting.plot_implicit
import time:       877 |        877 |                                             sympy.plotting.pygletplot
import time:      1476 |      29585 |                                           sympy.plotting
import time:       946 |        946 |                                             sympy.interactive.printing
import time:       813 |        813 |                                             sympy.interactive.session
import time:       655 |        655 |                                             sympy.interactive.traversal
import time:       810 |       3223 |                                           sympy.interactive
import time:      4385 |    1054889 |                                         sympy
import time:      5806 |       5806 |                                         torch.fx.experimental.recording
import time:      1609 |       1609 |                                           torch.utils._sympy
import time:      2524 |       2524 |                                           torch.utils._sympy.numbers
import time:     14098 |      18229 |                                         torch.utils._sympy.functions
import time:      3050 |       3050 |                                         torch.utils._sympy.printers
import time:      3056 |       3056 |                                         torch.utils._sympy.singleton_int
import time:      2303 |       2303 |                                         torch.utils._sympy.solve
import time:      2380 |       2380 |                                         torch.utils._sympy.symbol
import time:      1515 |       1515 |                                           torch.utils._sympy.interp
import time:      4442 |       5957 |                                         torch.utils._sympy.value_ranges
import time:      1670 |       1670 |                                         torch.fx.experimental._size_hinting
import time:     35469 |    1132805 |                                       torch.fx.experimental.symbolic_shapes
import time:    298018 |    1430823 |                                     torch.distributed.tensor._collective_utils
import time:      3359 |       3359 |                                     torch.distributed.tensor._ops._mask_buffer
import time:      5751 |    2134371 |                                   torch.distributed.tensor.placement_types
import time:      5038 |    2139408 |                                 torch.distributed.tensor._dtensor_spec
import time:      1519 |       1519 |                                   torch.utils._cxx_pytree
import time:      6616 |       8135 |                                 torch.distributed.tensor._op_schema
import time:      1977 |       1977 |                                   torch.distributed.tensor.device_mesh
import time:      6100 |       8076 |                                 torch.distributed.tensor._ops.single_dim_strategy
import time:      1756 |       1756 |                                       torch.distributed.tensor._random
import time:      1848 |       1848 |                                         torch.distributed.tensor._utils
import time:      1707 |       3555 |                                       torch.distributed.tensor._nonlinear_redux
import time:      7239 |       7239 |                                       torch.distributed.tensor._redistribute
import time:      1686 |       1686 |                                         torch.distributed.tensor._decompositions
import time:      2241 |       3926 |                                       torch.distributed.tensor._sharding_prop
import time:      1474 |       1474 |                                       torch.distributed.tensor._tp_conv
import time:       991 |        991 |                                       torch.utils._cxx_pytree
import time:      2607 |      21544 |                                     torch.distributed.tensor._dispatch
import time:      4930 |      26473 |                                   torch.distributed.tensor._api
import time:      2283 |      28756 |                                 torch.distributed.tensor._ops.utils
import time:      2582 |    2186957 |                               torch.distributed.tensor._ops._conv_ops
import time:      2871 |       2871 |                               torch.distributed.tensor._ops._embedding_ops
import time:      9781 |       9781 |                               torch.distributed.tensor._ops._math_ops
import time:      2240 |       2240 |                                 torch.distributed.tensor._ops._einsum_strategy
import time:      3088 |       5328 |                               torch.distributed.tensor._ops._matrix_ops
import time:     54160 |      54160 |                               torch.distributed.tensor._ops._pointwise_ops
import time:      2365 |       2365 |                               torch.distributed.tensor._ops._random_ops
import time:      4402 |       4402 |                               torch.distributed.tensor._ops._tensor_ops
import time:     10186 |      10186 |                               torch.distributed.tensor._ops._view_ops
import time:      2683 |       2683 |                               torch.distributed.tensor._ops.autogen
import time:    160724 |    2439452 |                             torch.distributed.tensor._ops
import time:      2450 |    2441902 |                           torch.distributed.tensor
import time:      2744 |    2446861 |                         transformers.distributed.sharding_utils
import time:      2559 |       2559 |                         transformers.distributed.utils
import time:      8172 |       8172 |                             transformers.integrations.tensor_parallel
import time:     21171 |      21171 |                             transformers.utils.quantization_config
import time:      2109 |       2109 |                                     torch.distributed._composable_state
import time:      3531 |       5640 |                                   torch.distributed._composable.contract
import time:      2802 |       8442 |                                 torch.distributed._composable.checkpoint_activation
import time:      2647 |       2647 |                                 torch.distributed._composable.replicate
import time:      2070 |      13158 |                               torch.distributed._composable
import time:      1997 |       1997 |                                       torch.distributed.algorithms._checkpoint
import time:      3282 |       5279 |                                     torch.distributed.algorithms._checkpoint.checkpoint_wrapper
import time:      9215 |       9215 |                                     torch.distributed.fsdp.api
import time:      3682 |      18175 |                                   torch.distributed.fsdp._common_utils
import time:      1718 |       1718 |                                     torch.testing._internal.distributed
import time:      2849 |       4566 |                                   torch.testing._internal.distributed.fake_pg
import time:      1031 |       1031 |                                                 torch.distributed._shard.common_op_utils
import time:       993 |       2023 |                                               torch.distributed._shard.op_registry_utils
import time:      1758 |       1758 |                                                   torch.distributed._shard.metadata
import time:      2957 |       2957 |                                                     torch.distributed._shard.sharded_tensor.metadata
import time:      1589 |       1589 |                                                     torch.distributed._shard.sharding_spec._internals
import time:      2119 |       6664 |                                                   torch.distributed._shard.sharding_spec.api
import time:      1321 |       1321 |                                                     torch.distributed._shard._utils
import time:      1744 |       1744 |                                                     torch.distributed._shard.sharded_tensor.shard
import time:      1309 |       1309 |                                                     torch.distributed._shard.sharded_tensor.utils
import time:      2225 |       6598 |                                                   torch.distributed._shard.sharding_spec.chunk_sharding_spec
import time:      1277 |      16296 |                                                 torch.distributed._shard.sharding_spec
import time:      2144 |       2144 |                                                       torch.distributed.nn.functional
import time:      1126 |       3270 |                                                     torch.distributed.nn
import time:        30 |       3300 |                                                   torch.distributed.nn.functional
import time:      1324 |       4623 |                                                 torch.distributed._shard.sharded_tensor.reshard
import time:      2169 |      23087 |                                               torch.distributed._shard.sharded_tensor.api
import time:      2098 |       2098 |                                                 torch.distributed._shard.sharded_tensor._ops.misc_ops
import time:      1091 |       1091 |                                                   torch.distributed._shard.sharded_tensor._ops._common
import time:      1670 |       2760 |                                                 torch.distributed._shard.sharded_tensor._ops.tensor_ops
import time:      1153 |       1153 |                                                   torch.distributed._shard.sharding_spec.chunk_sharding_spec_ops
import time:      1502 |       1502 |                                                   torch.distributed._shard.sharding_spec.chunk_sharding_spec_ops._common
import time:      1400 |       4054 |                                                 torch.distributed._shard.sharding_spec.chunk_sharding_spec_ops.embedding
import time:      1473 |       1473 |                                                 torch.distributed._shard.sharding_spec.chunk_sharding_spec_ops.embedding_bag
import time:      1202 |       1202 |                                                 torch.distributed._shard.sharded_tensor._ops.binary_cmp
import time:      1329 |       1329 |                                                 torch.distributed._shard.sharded_tensor._ops.init
import time:      1432 |      14345 |                                               torch.distributed._shard.sharded_tensor._ops
import time:      1378 |      40833 |                                             torch.distributed._shard.sharded_tensor
import time:       967 |        967 |                                             torch.distributed._shard.sharder
import time:      1649 |       1649 |                                               torch.distributed._shard.sharding_plan.api
import time:      1053 |       2701 |                                             torch.distributed._shard.sharding_plan
import time:      1647 |      46147 |                                           torch.distributed._shard.api
import time:      1401 |      47547 |                                         torch.distributed._shard
import time:        29 |      47575 |                                       torch.distributed._shard.sharded_tensor
import time:        58 |      47633 |                                     torch.distributed._shard.sharded_tensor.api
import time:      1045 |       1045 |                                     torch.distributed.fsdp._shard_utils
import time:      1546 |      50223 |                                   torch.distributed.fsdp._fsdp_extensions
import time:      4712 |      77674 |                                 torch.distributed.fsdp._flat_param
import time:      3158 |       3158 |                                   torch.distributed.fsdp._fully_shard._fsdp_api
import time:      4695 |       4695 |                                     torch.distributed.fsdp._fully_shard._fsdp_common
import time:      4496 |       4496 |                                             torch.distributed._symmetric_memory
import time:      4352 |       4352 |                                             torch.distributed.fsdp._fully_shard._fsdp_param
import time:      4030 |      12877 |                                           torch.distributed.fsdp._fully_shard._fsdp_collectives
import time:      3110 |      15986 |                                         torch.distributed.fsdp._fully_shard._fsdp_param_group
import time:      2319 |      18304 |                                       torch.distributed.fsdp._fully_shard._fsdp_state
import time:      1604 |      19907 |                                     torch.distributed.fsdp._fully_shard._fsdp_init
import time:      2336 |      26937 |                                   torch.distributed.fsdp._fully_shard._fully_shard
import time:      1086 |      31180 |                                 torch.distributed.fsdp._fully_shard
import time:      1572 |       1572 |                                   torch.distributed.fsdp._traversal_utils
import time:      1825 |       1825 |                                     torch.distributed.algorithms._comm_hooks.default_hooks
import time:      1080 |       2904 |                                   torch.distributed.algorithms._comm_hooks
import time:       900 |        900 |                                   torch.distributed.fsdp._dynamo_utils
import time:      1249 |       1249 |                                     torch.distributed.fsdp._exec_order_utils
import time:       795 |        795 |                                     torch.distributed.fsdp._limiter_utils
import time:      1030 |       1030 |                                     torch.distributed.fsdp.wrap
import time:      1754 |       1754 |                                           torch.distributed.tensor.parallel.style
import time:       935 |       2689 |                                         torch.distributed.tensor.parallel.api
import time:      1037 |       1037 |                                         torch.distributed.tensor.parallel.loss
import time:       761 |       4486 |                                       torch.distributed.tensor.parallel
import time:       710 |        710 |                                       torch.distributed.tensor.parallel._data_parallel_utils
import time:      3974 |       9169 |                                     torch.distributed.tensor.parallel.fsdp
import time:       339 |        339 |                                     torchdistx
import time:      1524 |      14104 |                                   torch.distributed.fsdp._init_utils
import time:      1650 |       1650 |                                   torch.distributed.fsdp._runtime_utils
import time:      1482 |       1482 |                                   torch.distributed.fsdp._wrap_utils
import time:       784 |        784 |                                       torch.cuda._pin_memory_utils
import time:      1654 |       2437 |                                     torch.distributed._state_dict_utils
import time:      1308 |       1308 |                                     torch.distributed.fsdp._debug_utils
import time:      4585 |       8329 |                                   torch.distributed.fsdp._optim_utils
import time:      1036 |       1036 |                                     torch.distributed.fsdp._unshard_param_utils
import time:      2340 |       3376 |                                   torch.distributed.fsdp._state_dict_utils
import time:      2955 |      37268 |                                 torch.distributed.fsdp.fully_sharded_data_parallel
import time:      2074 |     148196 |                               torch.distributed.fsdp
import time:       988 |        988 |                               torch.distributed._composable.fsdp.fully_shard
import time:      2064 |     164405 |                             torch.distributed._composable.fsdp
import time:      5997 |     199743 |                           transformers.distributed.fsdp
import time:      1174 |       1174 |                           transformers.integrations.deepspeed
import time:      2136 |     203053 |                         transformers.integrations.accelerate
import time:      1371 |       1371 |                         transformers.utils.loading_report
import time:      4353 |    2658196 |                       transformers.core_model_loading
import time:      2957 |    2661152 |                     transformers.conversion_mapping
import time:       933 |        933 |                     transformers.distributed.mixin
import time:      1277 |       1277 |                       transformers.utils.output_capturing
import time:       817 |       2093 |                     transformers.monkey_patching
import time:      1059 |       1059 |                       transformers.modeling_flash_attention_utils
import time:      1023 |       1023 |                       transformers.integrations.npu_flash_attention
import time:      1383 |       3464 |                     transformers.integrations.flash_attention
import time:      4630 |       4630 |                               transformers.generation.continuous_batching.requests
import time:      1034 |       5664 |                             transformers.generation.continuous_batching.cache_manager
import time:      1456 |       1456 |                             transformers.generation.continuous_batching.distributed
import time:      2641 |       2641 |                               transformers.generation.continuous_batching.utils
import time:      1115 |       3755 |                             transformers.generation.continuous_batching.initialization
import time:      1378 |      12251 |                           transformers.generation.continuous_batching.cache
import time:      1150 |       1150 |                               tqdm.contrib
import time:      1216 |       2365 |                             tqdm.contrib.logging
import time:      1027 |       1027 |                             transformers.generation.continuous_batching.cb_logits_processors
import time:      1494 |       1494 |                             transformers.generation.continuous_batching.input_outputs
import time:      1722 |       1722 |                             transformers.generation.continuous_batching.model_runner
import time:       994 |        994 |                               transformers.generation.continuous_batching.scheduler
import time:      1421 |       2414 |                             transformers.generation.continuous_batching.offloading_manager
import time:      2851 |      11871 |                           transformers.generation.continuous_batching.continuous_api
import time:      1343 |      25465 |                         transformers.generation.continuous_batching
import time:        30 |      25495 |                       transformers.generation.continuous_batching.cache
import time:      1152 |      26647 |                     transformers.integrations.eager_paged
import time:      1191 |       1191 |                       transformers.activations
import time:   1228607 |    1228607 |                                 transformers.models
import time:     11688 |    1240295 |                               transformers.models.auto
import time:      3822 |       3822 |                               transformers.models.auto.auto_mappings
import time:      3409 |    1247525 |                             transformers.models.auto.configuration_auto
import time:      1967 |       1967 |                               transformers.quantizers.quantizers_utils
import time:      2048 |       4015 |                             transformers.quantizers.base
import time:      3314 |       3314 |                             transformers.quantizers.quantizer_aqlm
import time:      1746 |       1746 |                             transformers.quantizers.quantizer_auto_round
import time:      1691 |       1691 |                             transformers.quantizers.quantizer_awq
import time:      1745 |       1745 |                             transformers.quantizers.quantizer_bitnet
import time:      3157 |       3157 |                             transformers.quantizers.quantizer_bnb_4bit
import time:      3858 |       3858 |                             transformers.quantizers.quantizer_bnb_8bit
import time:      1876 |       1876 |                               transformers.integrations.compressed_tensors
import time:      2591 |       4466 |                             transformers.quantizers.quantizer_compressed_tensors
import time:      1530 |       1530 |                             transformers.quantizers.quantizer_eetq
import time:      2019 |       2019 |                             transformers.quantizers.quantizer_fbgemm_fp8
import time:      2618 |       2618 |                             transformers.quantizers.quantizer_finegrained_fp8
import time:      1865 |       1865 |                             transformers.quantizers.quantizer_fouroversix
import time:      1919 |       1919 |                             transformers.quantizers.quantizer_fp_quant
import time:      2091 |       2091 |                             transformers.quantizers.quantizer_gemma
import time:      2808 |       2808 |                             transformers.quantizers.quantizer_gptq
import time:      2252 |       2252 |                             transformers.quantizers.quantizer_higgs
import time:      3783 |       3783 |                             transformers.quantizers.quantizer_hqq
import time:      1637 |       1637 |                             transformers.quantizers.quantizer_metal
import time:      2641 |       2641 |                             transformers.quantizers.quantizer_mxfp4
import time:      3364 |       3364 |                             transformers.quantizers.quantizer_quanto
import time:      1581 |       1581 |                             transformers.quantizers.quantizer_quark
import time:      1410 |       1410 |                             transformers.quantizers.quantizer_sinq
import time:      3615 |       3615 |                             transformers.quantizers.quantizer_spqr
import time:      1786 |       1786 |                             transformers.quantizers.quantizer_torchao
import time:      1154 |       1154 |                             transformers.quantizers.quantizer_vptq
import time:      3149 |    1312729 |                           transformers.quantizers.auto
import time:       793 |    1313522 |                         transformers.quantizers
import time:        30 |    1313551 |                       transformers.quantizers.quantizers_utils
import time:      3136 |       3136 |                       transformers.utils.deprecation
import time:       193 |        193 |                               _lsprof
import time:      1717 |       1717 |                               profile
import time:      1644 |       3553 |                             cProfile
import time:      4070 |       4070 |                             pstats
import time:      4418 |       4418 |                             torch._dynamo.callback
import time:       390 |        390 |                                   termios
import time:      1287 |       1677 |                                 getpass
import time:     12435 |      14112 |                               torch._dynamo.config
import time:      1863 |      15974 |                             torch._dynamo.distributed
import time:      5155 |       5155 |                               torch._dynamo.dynamo_profiler
import time:      6574 |       6574 |                                   torch._functorch.config
import time:      2337 |       2337 |                                   torch._dynamo.metrics_context
import time:      1637 |       1637 |                                   torch.utils._triton
import time:      1763 |       1763 |                                   torch._dynamo.graph_utils
import time:      2157 |       2157 |                                         torch._numpy._casting_dicts
import time:      2271 |       4427 |                                       torch._numpy._dtypes_impl
import time:      1793 |       1793 |                                       torch._numpy._util
import time:      2006 |       2006 |                                         torch._numpy._dtypes
import time:      1811 |       3816 |                                       torch._numpy._normalizations
import time:      1866 |      11902 |                                     torch._numpy.fft
import time:      2914 |       2914 |                                     torch._numpy.linalg
import time:      2597 |       2597 |                                     torch._numpy.random
import time:      2593 |       2593 |                                       torch._numpy._funcs_impl
import time:      2258 |       2258 |                                       torch._numpy._reductions_impl
import time:      3171 |       8021 |                                     torch._numpy._funcs
import time:      1468 |       1468 |                                     torch._numpy._getlimits
import time:      1915 |       1915 |                                         torch._numpy._binary_ufuncs_impl
import time:      1561 |       1561 |                                         torch._numpy._unary_ufuncs_impl
import time:      8354 |      11829 |                                       torch._numpy._ufuncs
import time:      2194 |      14023 |                                     torch._numpy._ndarray
import time:      1824 |      42745 |                                   torch._numpy
import time:       474 |        474 |                                   triton
import time:     21330 |      76857 |                                 torch._dynamo.utils
import time:      3895 |      80751 |                               torch._dynamo.exc
import time:    262588 |     262588 |                               torch.utils._functools
import time:      3373 |       3373 |                               torch._dynamo.graph_break_hints
import time:      2434 |       2434 |                               torch._dynamo.logging
import time:      2987 |       2987 |                                       torch._dynamo.aot_compile_types
import time:      3697 |       3697 |                                           torch._inductor.custom_graph_pass
import time:     42090 |      45787 |                                         torch._inductor.config
import time:      2567 |       2567 |                                         torch._inductor.exc
import time:       112 |        112 |                                               _statistics
import time:      2299 |       2411 |                                             statistics
import time:      1907 |       1907 |                                               torch._inductor.analysis
import time:      5052 |       6958 |                                             torch._inductor.analysis.device_info
import time:      2493 |       2493 |                                               torch._inductor.runtime
import time:      5223 |       7716 |                                             torch._inductor.runtime.hints
import time:      2779 |       2779 |                                               torch.utils._pallas
import time:      3981 |       6760 |                                             torch._dynamo.device_interface
import time:      2437 |       2437 |                                             torch.fx.passes.graph_transform_observer
import time:      1413 |       1413 |                                               torch._inductor.runtime.cache_dir_utils
import time:      2798 |       4210 |                                             torch._inductor.runtime.runtime_utils
import time:     12978 |      43466 |                                           torch._inductor.utils
import time:      9321 |      52787 |                                         torch._inductor.cpu_vec_isa
import time:      5081 |     106220 |                                       torch._inductor.cpp_builder
import time:     12608 |      12608 |                                       torch._inductor.cudagraph_utils
import time:      2336 |       2336 |                                       torch._inductor._functionalize_collectives
import time:      4540 |     128690 |                                     torch._inductor.standalone_compile
import time:      4151 |     132840 |                                   torch._inductor
import time:      2420 |     135260 |                                 torch._inductor.test_operators
import time:      3998 |       3998 |                                     torch._dynamo.bytecode_analysis
import time:      6041 |      10039 |                                   torch._dynamo.bytecode_transformation
import time:      5032 |      15070 |                                 torch._dynamo.resume_execution
import time:      1748 |       1748 |                                     torch._dynamo.current_scope_id
import time:      1683 |       1683 |                                       torch.utils._device
import time:     56083 |      56083 |                                       torch._dynamo.source
import time:      5214 |       5214 |                                         torch._dynamo.types
import time:      1706 |       1706 |                                         torch.fx.experimental._dynamism
import time:      2842 |       2842 |                                         torch.fx.experimental.dynamic_spec
import time:      1646 |       1646 |                                         torch._dynamo.external_utils
import time:      1276 |       1276 |                                           torch._dynamo.backends
import time:      2166 |       3441 |                                         torch._dynamo.backends.registry
import time:      1279 |       1279 |                                         torch._dynamo.code_context
import time:      1994 |       1994 |                                         torch._dynamo.hooks
import time:      1740 |       1740 |                                         torch._dynamo.mutation_guard
import time:      5088 |      24947 |                                       torch._dynamo.eval_frame
import time:     10727 |      93438 |                                     torch._dynamo.guards
import time:      1592 |       1592 |                                       torch._dynamo.graph_bytecode_inputs
import time:      1569 |       1569 |                                               torch.nn.utils._expanded_weights.expanded_weights_impl
import time:      2106 |       3674 |                                             torch.nn.utils._expanded_weights.expanded_weights_utils
import time:      1359 |       5032 |                                           torch.nn.utils._expanded_weights.conv_utils
import time:      1661 |       6693 |                                         torch.nn.utils._expanded_weights.conv_expanded_weights
import time:      1492 |       1492 |                                         torch.nn.utils._expanded_weights.embedding_expanded_weights
import time:      1400 |       1400 |                                         torch.nn.utils._expanded_weights.group_norm_expanded_weights
import time:      1397 |       1397 |                                         torch.nn.utils._expanded_weights.instance_norm_expanded_weights
import time:      1479 |       1479 |                                         torch.nn.utils._expanded_weights.layer_norm_expanded_weights
import time:      3159 |       3159 |                                         torch.nn.utils._expanded_weights.linear_expanded_weights
import time:      1520 |      17138 |                                       torch.nn.utils._expanded_weights
import time:      7742 |       7742 |                                       torch._dynamo.replay_record
import time:      6588 |       6588 |                                       torch._dynamo.pgo
import time:      1960 |       1960 |                                             torch._dynamo.polyfills
import time:      1913 |       1913 |                                             torch._dynamo.variables.constant
import time:      1539 |       1539 |                                                 torch._dynamo.create_parameter_op
import time:      1924 |       1924 |                                                   torch._dynamo.variables.hashable
import time:      2249 |       2249 |                                                   torch._dynamo.variables.object_protocol
import time:      2171 |       2171 |                                                   torch._dynamo.variables.sets
import time:      2734 |       9076 |                                                 torch._dynamo.variables.dicts
import time:       981 |        981 |                                                 torch.utils._cxx_pytree
import time:      9227 |      20822 |                                               torch._dynamo.variables.user_defined
import time:     10309 |      10309 |                                               torch._higher_order_ops.triton_kernel_wrap
import time:      4952 |      36083 |                                             torch._dynamo.variables.functions
import time:      2752 |       2752 |                                             torch._dynamo.variables.iter
import time:      3870 |      46575 |                                           torch._dynamo.variables.lists
import time:      5816 |      52390 |                                         torch._dynamo.variables.misc
import time:      2723 |       2723 |                                             torch._dynamo.variables.lazy
import time:      2788 |       5510 |                                           torch._dynamo.variables.nn_module
import time:      2060 |       2060 |                                           torch._dynamo.variables.script_object
import time:     31365 |      31365 |                                                   torch._functorch._aot_autograd.descriptors
import time:      4852 |       4852 |                                                   torch._functorch._aot_autograd.functional_utils
import time:     26710 |      26710 |                                                   torch._functorch._aot_autograd.schemas
import time:      2437 |       2437 |                                                   torch._functorch._aot_autograd.subclass_utils
import time:      2895 |      68257 |                                                 torch._functorch._aot_autograd.collect_metadata_analysis
import time:      3427 |       3427 |                                                   torch._decomp.decompositions_for_rng
import time:      1523 |       1523 |                                                   torch._functorch._aot_autograd.logging_utils
import time:      5097 |      10046 |                                                 torch._functorch._aot_autograd.graph_capture_wrappers
import time:      1726 |       1726 |                                                 torch._functorch._aot_autograd.input_output_analysis
import time:     19821 |      99849 |                                               torch._functorch._aot_autograd.runtime_wrappers
import time:      3030 |     102878 |                                             torch._dynamo.compiled_autograd
import time:    331965 |     331965 |                                             torch._dynamo._trace_wrapped_higher_order_op
import time:      6093 |     440935 |                                           torch._dynamo.variables.tensor
import time:      5887 |       5887 |                                             torch._dynamo.variables.ctx_manager
import time:      4383 |      10269 |                                           torch._dynamo.variables.torch_function
import time:      4366 |     463139 |                                         torch._dynamo.codegen
import time:      3898 |     519425 |                                       torch._dynamo.side_effects
import time:      4754 |       4754 |                                       torch._dynamo.variables.builtin
import time:      2726 |       2726 |                                       torch._dynamo.variables.distributed
import time:      6882 |       6882 |                                         torch._dynamo.variables.invoke_subgraph
import time:     11844 |      18726 |                                       torch._dynamo.variables.higher_order_ops
import time:      2546 |       2546 |                                       torch._dynamo.variables.optimizer
import time:      2711 |       2711 |                                       torch._dynamo.variables.sdpa
import time:     38785 |      38785 |                                       torch._dynamo.variables.streams
import time:      7528 |       7528 |                                       torch._dynamo.variables.torch
import time:      9892 |     640147 |                                     torch._dynamo.variables.builder
import time:      6884 |     742217 |                                   torch._dynamo.variables.base
import time:      2299 |     744515 |                                 torch._dynamo.variables
import time:     31554 |     926398 |                               torch._dynamo.trace_rules
import time:      2525 |       2525 |                                     torch._dynamo.graph_region_tracker
import time:      2924 |       5448 |                                   torch._dynamo.graph_deduplication
import time:      2468 |       2468 |                                   torch._dynamo.graph_id_filter
import time:     16361 |      24277 |                                 torch._dynamo.output_graph
import time:      4126 |      28402 |                               torch._dynamo.comprehension_graph_break
import time:      1920 |       1920 |                               torch._dynamo.funcname_cache
import time:     39857 |    1350876 |                             torch._dynamo.symbolic_convert
import time:      2036 |       2036 |                               torch._dynamo.comptime
import time:      4730 |       6765 |                             torch._dynamo.decorators
import time:      2586 |       2586 |                             torch._dynamo.cache_size
import time:     11171 |    1399411 |                           torch._dynamo.convert_frame
import time:     15343 |      15343 |                           torch._dynamo.package
import time:      7522 |    1422275 |                         torch._dynamo.aot_compile
import time:      5639 |       5639 |                         torch._dynamo.bytecode_debugger
import time:      3538 |       3538 |                         torch._dynamo.functional_export
import time:      2445 |       2445 |                           torch.onnx.errors
import time:      1801 |       1801 |                               torch.onnx.ops._dtype_mappings
import time:     27614 |      29415 |                             torch.onnx.ops._impl
import time:     21175 |      21175 |                             torch.onnx.ops._symbolic_impl
import time:      2386 |      52975 |                           torch.onnx.ops
import time:      2914 |       2914 |                               torch.onnx._internal
import time:      2056 |       4970 |                             torch.onnx._internal.exporter
import time:      2861 |       7830 |                           torch.onnx._internal.exporter._exportable_module
import time:      1876 |       1876 |                               torch.onnx._internal._lazy_import
import time:      1977 |       1977 |                               torch.onnx._internal.exporter._dynamic_shapes
import time:      1537 |       1537 |                                 torch.onnx._internal.exporter._constants
import time:      2512 |       4048 |                               torch.onnx._internal.exporter._ir_passes
import time:      2420 |      10319 |                             torch.onnx._internal.exporter._onnx_program
import time:      2616 |      12934 |                           torch.onnx._internal.exporter._input_observer
import time:      1984 |       1984 |                           torch.onnx._internal.torchscript_exporter
import time:      1807 |       1807 |                             torch.onnx._constants
import time:      3183 |       3183 |                             torch.onnx._internal.torchscript_exporter._type_utils
import time:      1743 |       1743 |                               torch.onnx._internal.torchscript_exporter.registration
import time:      1799 |       1799 |                               torch.onnx._internal.torchscript_exporter._globals
import time:      3018 |       6560 |                             torch.onnx._internal.torchscript_exporter.jit_utils
import time:      1992 |       1992 |                               torch.onnx._internal.torchscript_exporter.onnx_proto_utils
import time:      2330 |       4322 |                             torch.onnx._internal.torchscript_exporter.utils
import time:      3611 |      19480 |                           torch.onnx._internal.torchscript_exporter.symbolic_helper
import time:      9127 |       9127 |                             torch.onnx._internal.torchscript_exporter.symbolic_opset9
import time:      3288 |      12414 |                           torch.onnx._internal.torchscript_exporter.symbolic_opset10
import time:      1553 |       1553 |                           torch._functorch.make_functional
import time:     74726 |     186338 |                         torch._dynamo.polyfills.loader
import time:      5656 |    1623443 |                       transformers.integrations.deepgemm
import time:      3114 |       3114 |                         transformers.integrations.sonicmoe
import time:      8601 |      11715 |                       transformers.integrations.moe
import time:      3016 |    2956049 |                     transformers.integrations.finegrained_fp8
import time:      2023 |       2023 |                     transformers.integrations.flash_paged
import time:      1517 |       1517 |                         torch.nn.attention._utils
import time:      5529 |       7046 |                       torch.nn.attention.flex_attention
import time:      1998 |       9043 |                     transformers.integrations.flex_attention
import time:      2088 |       2088 |                     transformers.integrations.sdpa_attention
import time:      2025 |       2025 |                     transformers.integrations.sdpa_paged
import time:      1530 |       1530 |                       transformers.loss
import time:      1661 |       1661 |                                   PIL.GimpGradientFile
import time:      1508 |       1508 |                                   PIL.GimpPaletteFile
import time:      1703 |       1703 |                                   PIL.ImageColor
import time:      1554 |       1554 |                                   PIL.PaletteFile
import time:      2324 |       8749 |                                 PIL.ImagePalette
import time:      1868 |      10616 |                               PIL.ImageOps
import time:      3935 |      14551 |                             transformers.image_utils
import time:      2870 |      17420 |                           transformers.image_transforms
import time:      2011 |      19430 |                         transformers.loss.loss_for_object_detection
import time:      1882 |       1882 |                         transformers.loss.loss_rt_detr
import time:      1667 |      22978 |                       transformers.loss.loss_d_fine
import time:      1549 |       1549 |                       transformers.loss.loss_deformable_detr
import time:      1538 |       1538 |                       transformers.loss.loss_deimv2
import time:      1851 |       1851 |                       transformers.loss.loss_grounding_dino
import time:      2009 |       2009 |                       transformers.loss.loss_lw_detr
import time:      1674 |       1674 |                       transformers.loss.loss_rf_detr
import time:      1348 |       1348 |                       transformers.loss.loss_rnnt
import time:      1311 |       1311 |                       transformers.loss.loss_tdt
import time:      2309 |      38092 |                     transformers.loss.loss_utils
import time:      1784 |       1784 |                     transformers.pytorch_utils
import time:      2395 |       2395 |                     transformers.safetensors_conversion
import time:      2342 |       2342 |                       sentence_transformers.base.evaluation.evaluator
import time:      1539 |       1539 |                       sentence_transformers.base.evaluation.sequential
import time:      1733 |       5614 |                     sentence_transformers.base.evaluation
import time:       342 |        342 |                           torchcodec
import time:        70 |        411 |                         torchcodec.decoders
import time:      2108 |       2519 |                       sentence_transformers.base.modality_types
import time:       292 |        292 |                         torchcodec
import time:        44 |        336 |                       torchcodec.decoders
import time:      1959 |       4813 |                     sentence_transformers.base.modality
import time:      4598 |       4598 |                       transformers.trainer_utils
import time:      1567 |       1567 |                         transformers.debug_utils
import time:     19654 |      21221 |                       transformers.training_args
import time:      4730 |       4730 |                             transformers.cache_utils
import time:      3530 |       3530 |                             transformers.masking_utils
import time:      2883 |       2883 |                             transformers.tokenization_python
import time:      3558 |       3558 |                             transformers.generation.candidate_generator
import time:      3365 |       3365 |                             transformers.generation.stopping_criteria
import time:     12429 |      30493 |                           transformers.models.auto.auto_factory
import time:     29762 |      60255 |                         transformers.models.auto.modeling_auto
import time:      4331 |      64585 |                       transformers.modelcard
import time:      2534 |       2534 |                             xxhash._xxhash
import time:      1623 |       1623 |                             xxhash.version
import time:      2015 |       6170 |                           xxhash
import time:      3416 |       3416 |                                 fsspec.caching
import time:      1335 |       1335 |                                 fsspec._version
import time:      1457 |       1457 |                                 fsspec.callbacks
import time:      1586 |       1586 |                                   fsspec.utils
import time:      1748 |       1748 |                                     fsspec.config
import time:      1452 |       1452 |                                     fsspec.dircache
import time:      1819 |       1819 |                                     fsspec.transaction
import time:      2390 |       7409 |                                   fsspec.spec
import time:       372 |        372 |                                   isal
import time:       273 |        273 |                                   lzmaffi
import time:       238 |        238 |                                   snappy
import time:       232 |        232 |                                     lz4
import time:        30 |        261 |                                   lz4.frame
import time:       225 |        225 |                                   backports
import time:      1597 |      11959 |                                 fsspec.compression
import time:      1398 |       1398 |                                   fsspec.registry
import time:      1718 |       3115 |                                 fsspec.core
import time:      1721 |       1721 |                                 fsspec.exceptions
import time:      1503 |       1503 |                                 fsspec.mapping
import time:     54572 |      79075 |                               fsspec
import time:      1868 |       1868 |                                 multiprocess.__info__
import time:      2027 |       2027 |                                   multiprocess.process
import time:      1715 |       1715 |                                   multiprocess.reduction
import time:      2440 |       6182 |                                 multiprocess.context
import time:      2897 |      10946 |                               multiprocess
import time:      3999 |       3999 |                                   pyarrow._acero
import time:      4733 |       4733 |                                   pyarrow._fs
import time:      3483 |       3483 |                                   pyarrow._csv
import time:      2373 |       2373 |                                   pyarrow._json
import time:       697 |        697 |                                       substrait
import time:      7539 |       8236 |                                     pyarrow._substrait
import time:      1779 |      10014 |                                   pyarrow.substrait
import time:      2508 |       2508 |                                   pyarrow.pandas_compat
import time:      2627 |       2627 |                                   pyarrow.vendored.version
import time:     12243 |      41977 |                                 pyarrow._dataset
import time:      3287 |       3287 |                                 pyarrow._dataset_orc
import time:      4257 |       4257 |                                   pyarrow._parquet
import time:      3206 |       3206 |                                         pyarrow._azurefs
import time:      2583 |       2583 |                                         pyarrow._hdfs
import time:      2906 |       2906 |                                         pyarrow._gcsfs
import time:      3591 |       3591 |                                         pyarrow._s3fs
import time:      2704 |      14988 |                                       pyarrow.fs
import time:      6911 |      21899 |                                     pyarrow._parquet_encryption
import time:      3873 |      25771 |                                   pyarrow._dataset_parquet_encryption
import time:      4435 |      34462 |                                 pyarrow._dataset_parquet
import time:      1638 |      81364 |                               pyarrow.dataset
import time:      1783 |       1783 |                                 fsspec.implementations
import time:      2010 |       2010 |                                   fsspec.implementations.local
import time:       465 |        465 |                                   resource
import time:      2359 |       4833 |                                 fsspec.asyn
import time:      1885 |       1885 |                                 fsspec.implementations.chained
import time:      3041 |      11541 |                               fsspec.implementations.dirfs
import time:      1780 |       1780 |                               tqdm.contrib.concurrent
import time:     20851 |      20851 |                               datasets.config
import time:      4235 |       4235 |                                   pyarrow.parquet.core
import time:      2090 |       6325 |                                 pyarrow.parquet
import time:      3605 |       3605 |                                     datasets.download.download_config
import time:      1553 |       1553 |                                         datasets.utils.tqdm
import time:      1259 |       1259 |                                         datasets.utils.experimental
import time:      2408 |       2408 |                                               datasets.utils.logging
import time:      3112 |       5520 |                                             datasets.table
import time:      2100 |       2100 |                                             datasets.utils.track
import time:      1827 |       9446 |                                           datasets.exceptions
import time:      1558 |      11004 |                                         datasets.utils.info_utils
import time:      2766 |       2766 |                                         datasets.utils.version
import time:      1715 |      18295 |                                       datasets.utils
import time:      1534 |       1534 |                                             xml.dom.domreg
import time:      1718 |       3251 |                                           xml.dom
import time:      1138 |       1138 |                                           xml.dom.minicompat
import time:      1067 |       1067 |                                             xml.dom.NodeFilter
import time:      1451 |       2518 |                                           xml.dom.xmlbuilder
import time:      2883 |       9790 |                                         xml.dom.minidom
import time:      1350 |       1350 |                                         xml.etree
import time:      1606 |       1606 |                                           xml.etree.ElementPath
import time:      2487 |       2487 |                                             pyexpat
import time:      1762 |       4248 |                                           _elementtree
import time:      2474 |       8327 |                                         xml.etree.ElementTree
import time:      1357 |       1357 |                                             fsspec.archive
import time:      2136 |       3492 |                                           datasets.filesystems.compression
import time:      2524 |       6016 |                                         datasets.filesystems
import time:      1680 |       1680 |                                         datasets.utils._filelock
import time:      2236 |       2236 |                                         datasets.utils.extract
import time:      3446 |       3446 |                                                 multidict._abc
import time:      2260 |       2260 |                                                   multidict._multidict
import time:      1465 |       3724 |                                                 multidict._compat
import time:      1665 |       8834 |                                               multidict
import time:      2089 |      10923 |                                             aiohttp.hdrs
import time:      1440 |       1440 |                                                   attr._compat
import time:      1412 |       1412 |                                                     attr._config
import time:      1481 |       1481 |                                                       attr.exceptions
import time:      1247 |       2727 |                                                     attr.setters
import time:      9853 |      13991 |                                                   attr._make
import time:      2357 |      17787 |                                                 attr.converters
import time:      1383 |       1383 |                                                 attr.filters
import time:      9021 |       9021 |                                                 attr.validators
import time:      1701 |       1701 |                                                 attr._cmp
import time:      1762 |       1762 |                                                 attr._funcs
import time:      1345 |       1345 |                                                 attr._next_gen
import time:      2098 |       2098 |                                                 attr._version_info
import time:      2189 |      37282 |                                               attr
import time:      2605 |       2605 |                                                       yarl._quoting_c
import time:      1458 |       4063 |                                                     yarl._quoting
import time:      1485 |       5547 |                                                   yarl._quoters
import time:      2585 |       8132 |                                                 yarl._query
import time:      2432 |       2432 |                                                     propcache
import time:      2269 |       2269 |                                                       propcache._helpers_c
import time:      1617 |       3885 |                                                     propcache._helpers
import time:      2572 |       8889 |                                                   propcache.api
import time:      1542 |       1542 |                                                   yarl._parse
import time:      1775 |       1775 |                                                   yarl._path
import time:      9480 |      21685 |                                                 yarl._url
import time:      1612 |      31428 |                                               yarl
import time:      1264 |       1264 |                                                   aiohttp.typedefs
import time:      1416 |       2680 |                                                 aiohttp.http_exceptions
import time:      2104 |       2104 |                                                     aiohttp.client_exceptions
import time:       816 |        816 |                                                       netrc
import time:      6628 |       6628 |                                                           email._header_value_parser
import time:      1171 |       7799 |                                                         email.headerregistry
import time:       918 |        918 |                                                         email.contentmanager
import time:       975 |       9692 |                                                       email.policy
import time:      1675 |       1675 |                                                       aiohttp.log
import time:      6594 |      18775 |                                                     aiohttp.helpers
import time:      1114 |       1114 |                                                     aiohttp.tcp_helpers
import time:      1825 |      23816 |                                                   aiohttp.base_protocol
import time:       244 |        244 |                                                     brotlicffi
import time:       163 |        163 |                                                     brotli
import time:       150 |        150 |                                                       backports
import time:        20 |        170 |                                                     backports.zstd
import time:      1694 |       2270 |                                                   aiohttp.compression_utils
import time:      2897 |       2897 |                                                       aiohttp._cookie_helpers
import time:      3201 |       6098 |                                                     aiohttp.abc
import time:      3498 |       3498 |                                                     aiohttp._http_writer
import time:      2600 |      12196 |                                                   aiohttp.http_writer
import time:      3287 |       3287 |                                                   aiohttp.streams
import time:      3885 |       3885 |                                                   aiohttp._http_parser
import time:      4499 |      49950 |                                                 aiohttp.http_parser
import time:      1559 |       1559 |                                                     aiohttp._websocket
import time:      4676 |       4676 |                                                     aiohttp._websocket.models
import time:      3911 |       3911 |                                                     aiohttp._websocket.mask
import time:      2925 |      13070 |                                                   aiohttp._websocket.helpers
import time:      2936 |       2936 |                                                     aiohttp._websocket.reader_c
import time:      1471 |       4406 |                                                   aiohttp._websocket.reader
import time:      1769 |       1769 |                                                   aiohttp._websocket.writer
import time:      2033 |      21278 |                                                 aiohttp.http_websocket
import time:      1377 |      75284 |                                               aiohttp.http
import time:      3654 |       3654 |                                               aiohttp.payload
import time:      1733 |       1733 |                                                   aiohttp.multipart
import time:      1601 |       1601 |                                                   aiohttp.formdata
import time:      5597 |       8930 |                                                 aiohttp.client_reqrep
import time:      1031 |       9960 |                                               aiohttp.client_middlewares
import time:      2241 |       2241 |                                               aiohttp.client_ws
import time:       940 |        940 |                                                     aiohappyeyeballs._staggered
import time:       807 |        807 |                                                     aiohappyeyeballs.types
import time:      1165 |       2911 |                                                   aiohappyeyeballs.impl
import time:       729 |        729 |                                                   aiohappyeyeballs.utils
import time:      1423 |       5062 |                                                 aiohappyeyeballs
import time:       905 |        905 |                                                 aiohttp.client_proto
import time:       191 |        191 |                                                   aiodns
import time:       995 |       1186 |                                                 aiohttp.resolver
import time:    123262 |     130414 |                                               aiohttp.connector
import time:      3230 |       3230 |                                               aiohttp.cookiejar
import time:      2425 |       2425 |                                                     frozenlist._frozenlist
import time:      1593 |       4018 |                                                   frozenlist
import time:      2338 |       6355 |                                                 aiosignal
import time:     16367 |      22722 |                                               aiohttp.tracing
import time:      5127 |     321337 |                                             aiohttp.client
import time:      3104 |       3104 |                                             aiohttp.client_middleware_digest_auth
import time:      3387 |       3387 |                                             aiohttp.payload_streamer
import time:      2180 |     340928 |                                           aiohttp
import time:        50 |     340977 |                                         aiohttp.client_exceptions
import time:      3845 |     374218 |                                       datasets.utils.file_utils
import time:      1862 |       1862 |                                           multiprocess.util
import time:      1931 |       1931 |                                             _multiprocess
import time:      2225 |       4155 |                                           multiprocess.connection
import time:      2571 |       8587 |                                         multiprocess.pool
import time:      2443 |       2443 |                                           datasets.parallel.parallel
import time:      1425 |       3868 |                                         datasets.parallel
import time:      1915 |       1915 |                                         datasets.utils._dill
import time:      2808 |      17176 |                                       datasets.utils.py_utils
import time:      2224 |     411912 |                                     datasets.download.download_manager
import time:      1724 |       1724 |                                     datasets.download.streaming_download_manager
import time:      1413 |     418653 |                                   datasets.download
import time:        69 |     418721 |                                 datasets.download.download_config
import time:      2561 |       2561 |                                 datasets.naming
import time:      6997 |     434602 |                               datasets.arrow_reader
import time:      1325 |       1325 |                                 pyarrow.json
import time:      5371 |       5371 |                                   datasets.features.audio
import time:      1785 |       1785 |                                     datasets.utils.json
import time:      2884 |       2884 |                                     datasets.features.image
import time:      3384 |       3384 |                                     datasets.features.mesh
import time:      2784 |       2784 |                                     datasets.features.nifti
import time:      2525 |       2525 |                                     datasets.features.pdf
import time:      3489 |       3489 |                                     datasets.features.translation
import time:      2903 |       2903 |                                     datasets.features.video
import time:     10119 |      29870 |                                   datasets.features.features
import time:      2453 |      37693 |                                 datasets.features
import time:      5395 |       5395 |                                   datasets.splits
import time:      6568 |      11963 |                                 datasets.info
import time:      3099 |      54078 |                               datasets.arrow_writer
import time:      3029 |       3029 |                               datasets.data_files
import time:      2371 |       2371 |                               datasets.fingerprint
import time:      3504 |       3504 |                                 datasets.formatting.formatting
import time:      2076 |       2076 |                                 datasets.formatting.np_formatter
import time:      1782 |       1782 |                                 datasets.formatting.torch_formatter
import time:      1794 |       9154 |                               datasets.formatting
import time:      4855 |       4855 |                               datasets.search
import time:      2456 |       2456 |                               datasets.utils.metadata
import time:      1603 |       1603 |                               datasets.utils.stratify
import time:      1528 |       1528 |                                     multiprocess.spawn
import time:      1656 |       3184 |                                   multiprocess.resource_tracker
import time:      1820 |       5003 |                                 multiprocess.shared_memory
import time:      1903 |       6906 |                               datasets.utils.tf_utils
import time:      1705 |       1705 |                               datasets.utils.typing
import time:     13611 |     739920 |                             datasets.arrow_dataset
import time:      1521 |       1521 |                                   datasets.utils.sharding
import time:      8140 |       9661 |                                 datasets.iterable_dataset
import time:      2250 |       2250 |                                 datasets.utils.doc_utils
import time:      3069 |      14979 |                               datasets.dataset_dict
import time:      1406 |       1406 |                                 datasets.utils.patching
import time:      1217 |       2622 |                               datasets.streaming
import time:      5033 |      22633 |                             datasets.builder
import time:      1316 |       1316 |                             datasets.combine
import time:      1013 |       1013 |                                   datasets.packaged_modules.arrow
import time:      1399 |       1399 |                                   datasets.packaged_modules.arrow.arrow
import time:       758 |        758 |                                   datasets.packaged_modules.audiofolder
import time:       796 |        796 |                                     datasets.packaged_modules.folder_based_builder
import time:      2021 |       2021 |                                     datasets.packaged_modules.folder_based_builder.folder_based_builder
import time:      1272 |       4088 |                                   datasets.packaged_modules.audiofolder.audiofolder
import time:       970 |        970 |                                   datasets.packaged_modules.cache
import time:       966 |        966 |                                   datasets.packaged_modules.cache.cache
import time:       674 |        674 |                                   datasets.packaged_modules.conll
import time:      1517 |       1517 |                                   datasets.packaged_modules.conll.conll
import time:       845 |        845 |                                   datasets.packaged_modules.csv
import time:      3509 |       3509 |                                   datasets.packaged_modules.csv.csv
import time:       923 |        923 |                                   datasets.packaged_modules.eval
import time:      1140 |       1140 |                                   datasets.packaged_modules.eval.eval
import time:       695 |        695 |                                   datasets.packaged_modules.hdf5
import time:      2419 |       2419 |                                   datasets.packaged_modules.hdf5.hdf5
import time:      1166 |       1166 |                                   datasets.packaged_modules.iceberg
import time:      1836 |       1836 |                                   datasets.packaged_modules.iceberg.iceberg
import time:       747 |        747 |                                   datasets.packaged_modules.imagefolder
import time:       899 |        899 |                                   datasets.packaged_modules.imagefolder.imagefolder
import time:       867 |        867 |                                   datasets.packaged_modules.json
import time:      2285 |       2285 |                                   datasets.packaged_modules.json.json
import time:      1351 |       1351 |                                   datasets.packaged_modules.lance
import time:      1739 |       1739 |                                   datasets.packaged_modules.lance.lance
import time:       789 |        789 |                                   datasets.packaged_modules.meshfolder
import time:       951 |        951 |                                   datasets.packaged_modules.meshfolder.meshfolder
import time:       679 |        679 |                                   datasets.packaged_modules.niftifolder
import time:       858 |        858 |                                   datasets.packaged_modules.niftifolder.niftifolder
import time:       695 |        695 |                                   datasets.packaged_modules.pandas
import time:      1737 |       1737 |                                   datasets.packaged_modules.pandas.pandas
import time:       821 |        821 |                                   datasets.packaged_modules.parquet
import time:      2053 |       2053 |                                   datasets.packaged_modules.parquet.parquet
import time:       813 |        813 |                                   datasets.packaged_modules.pdffolder
import time:       894 |        894 |                                   datasets.packaged_modules.pdffolder.pdffolder
import time:       662 |        662 |                                   datasets.packaged_modules.sql
import time:      2272 |       2272 |                                   datasets.packaged_modules.sql.sql
import time:       785 |        785 |                                   datasets.packaged_modules.text
import time:      1522 |       1522 |                                   datasets.packaged_modules.text.text
import time:       740 |        740 |                                   datasets.packaged_modules.tsfile
import time:      1877 |       1877 |                                   datasets.packaged_modules.tsfile.tsfile
import time:       789 |        789 |                                   datasets.packaged_modules.videofolder
import time:       973 |        973 |                                   datasets.packaged_modules.videofolder.videofolder
import time:      1222 |       1222 |                                   datasets.packaged_modules.webdataset
import time:      1768 |       1768 |                                   datasets.packaged_modules.webdataset.webdataset
import time:      1231 |       1231 |                                   datasets.packaged_modules.xml
import time:      2370 |       2370 |                                   datasets.packaged_modules.xml.xml
import time:     21763 |      80049 |                                 datasets.packaged_modules
import time:      1075 |       1075 |                                 datasets.utils._dataset_viewer
import time:       758 |        758 |                                 datasets.utils.hub
import time:      8054 |      89934 |                               datasets.load
import time:      1038 |      90972 |                             datasets.inspect
import time:      1843 |     856682 |                           datasets
import time:      6326 |     869177 |                         sentence_transformers.base.sampler
import time:     13684 |     882860 |                       sentence_transformers.base.training_args
import time:      1239 |       1239 |                         torchcodec
import time:       114 |       1353 |                       torchcodec.decoders
import time:       487 |        487 |                         torchcodec
import time:        64 |        550 |                       torchcodec.decoders
import time:     23321 |     998484 |                     sentence_transformers.base.model_card
import time:      1404 |       1404 |                         sentence_transformers.base.modules.module
import time:      1809 |       3213 |                       sentence_transformers.base.modules.dense
import time:      1476 |       1476 |                       sentence_transformers.base.modules.input_module
import time:      1645 |       1645 |                       sentence_transformers.base.modules.router
import time:      2446 |       2446 |                         transformers.feature_extraction_utils
import time:      1267 |       1267 |                           transformers.image_processing_base
import time:      2066 |       2066 |                             transformers.audio_utils
import time:      2336 |       2336 |                               transformers.video_utils
import time:      1251 |       3587 |                             transformers.utils.type_validators
import time:    239153 |     244805 |                           transformers.processing_utils
import time:      3664 |     249735 |                         transformers.image_processing_utils
import time:      3172 |       3172 |                           transformers.image_processing_backends
import time:      4995 |       8167 |                         transformers.video_processing_utils
import time:      3385 |       3385 |                         transformers.models.auto.feature_extraction_auto
import time:      4931 |       4931 |                         transformers.models.auto.image_processing_auto
import time:      5326 |       5326 |                           transformers.models.encoder_decoder
import time:      2247 |       2247 |                             tokenizers.trainers
import time:      4880 |       7127 |                           transformers.tokenization_utils_tokenizers
import time:     19194 |      31646 |                         transformers.models.auto.tokenization_auto
import time:      2649 |       2649 |                         transformers.models.auto.video_processing_auto
import time:      4214 |       4214 |                         transformers.models.siglip
import time:    222194 |     529363 |                       sentence_transformers.base.modules.transformer
import time:      1869 |     537564 |                     sentence_transformers.base.modules
import time:      2319 |       2319 |                     sentence_transformers.base.peft_mixin
import time:     19577 |    7293160 |                   sentence_transformers.base.model
import time:     13904 |      13904 |                         transformers.data.data_collator
import time:      2590 |       2590 |                         transformers.data.metrics
import time:      4914 |       4914 |                             transformers.data.processors.utils
import time:      2913 |       7826 |                           transformers.data.processors.glue
import time:      5278 |       5278 |                               transformers.models.bert
import time:      2957 |       8235 |                             transformers.models.bert.tokenization_bert_legacy
import time:      2977 |      11212 |                           transformers.data.processors.squad
import time:      1681 |       1681 |                           transformers.data.processors.xnli
import time:      2102 |      22819 |                         transformers.data.processors
import time:      1890 |      41200 |                       transformers.data
import time:        62 |      41262 |                     transformers.data.data_collator
import time:      1722 |       1722 |                     transformers.feature_extraction_sequence_utils
import time:      1749 |       1749 |                     transformers.hyperparameter_search
import time:      1771 |       1771 |                     transformers.integrations.liger
import time:      3671 |       3671 |                     transformers.integrations.neftune
import time:      1609 |       1609 |                     transformers.integrations.tpu
import time:      5113 |       5113 |                       transformers.trainer_pt_utils
import time:      2084 |       7197 |                     transformers.optimization
import time:      2923 |       2923 |                     transformers.trainer_optimizer
import time:     11865 |      73766 |                   sentence_transformers.base.trainer
import time:      1722 |    7372697 |                 sentence_transformers.base
import time:        73 |    7372769 |               sentence_transformers.base.sampler
import time:      2677 |       2677 |                 sentence_transformers.cross_encoder.data_collator
import time:      9096 |       9096 |                     sentence_transformers.cross_encoder.training_args
import time:      3485 |       3485 |                           sentence_transformers.sentence_transformer.data_collator
import time:      1512 |       1512 |                                     sentence_transformers.sentence_transformer.modules.tokenizer.word
import time:      2267 |       3779 |                                   sentence_transformers.sentence_transformer.modules.tokenizer.phrase
import time:      1095 |       1095 |                                   sentence_transformers.sentence_transformer.modules.tokenizer.whitespace
import time:      1660 |       6533 |                                 sentence_transformers.sentence_transformer.modules.tokenizer
import time:      2276 |       8808 |                               sentence_transformers.sentence_transformer.modules.bow
import time:       855 |        855 |                               sentence_transformers.sentence_transformer.modules.clip_model
import time:       841 |        841 |                               sentence_transformers.sentence_transformer.modules.cnn
import time:       804 |        804 |                               sentence_transformers.sentence_transformer.modules.dropout
import time:       990 |        990 |                               sentence_transformers.sentence_transformer.modules.layer_norm
import time:       933 |        933 |                               sentence_transformers.sentence_transformer.modules.lstm
import time:      1243 |       1243 |                               sentence_transformers.sentence_transformer.modules.normalize
import time:      1104 |       1104 |                               sentence_transformers.sentence_transformer.modules.pooling
import time:       985 |        985 |                               sentence_transformers.sentence_transformer.modules.static_embedding
import time:       845 |        845 |                               sentence_transformers.sentence_transformer.modules.weighted_layer_pooling
import time:      1094 |       1094 |                               sentence_transformers.sentence_transformer.modules.word_embeddings
import time:      1131 |       1131 |                               sentence_transformers.sentence_transformer.modules.word_weights
import time:      4997 |      24625 |                             sentence_transformers.sentence_transformer.modules
import time:       933 |        933 |                                         sentence_transformers.sentence_transformer.readers.input_example
import time:       767 |        767 |                                         sentence_transformers.sentence_transformer.readers.label_sentence
import time:       789 |        789 |                                         sentence_transformers.sentence_transformer.readers.nli_data
import time:       899 |        899 |                                         sentence_transformers.sentence_transformer.readers.paired_files
import time:       783 |        783 |                                         sentence_transformers.sentence_transformer.readers.sts_data
import time:       776 |        776 |                                         sentence_transformers.sentence_transformer.readers.triplet
import time:       972 |       5917 |                                       sentence_transformers.sentence_transformer.readers
import time:        36 |       5952 |                                     sentence_transformers.sentence_transformer.readers.input_example
import time:      1245 |       7197 |                                   sentence_transformers.sentence_transformer.datasets.denoising_auto_encoder
import time:       750 |        750 |                                   sentence_transformers.sentence_transformer.datasets.no_duplicates_dataloader
import time:       863 |        863 |                                   sentence_transformers.sentence_transformer.datasets.parallel_sentences
import time:      1150 |       1150 |                                   sentence_transformers.sentence_transformer.datasets.sentence_label
import time:       908 |        908 |                                   sentence_transformers.sentence_transformer.datasets.sentences
import time:       886 |      11752 |                                 sentence_transformers.sentence_transformer.datasets
import time:        37 |      11788 |                               sentence_transformers.sentence_transformer.datasets.no_duplicates_dataloader
import time:       807 |        807 |                               sentence_transformers.sentence_transformer.deprecated_model_card_templates
import time:      7743 |       7743 |                               sentence_transformers.sentence_transformer.training_args
import time:      3360 |      23698 |                             sentence_transformers.sentence_transformer.fit_mixin
import time:      2787 |       2787 |                             sentence_transformers.sentence_transformer.model_card
import time:      4436 |      55544 |                           sentence_transformers.sentence_transformer.model
import time:      3163 |       3163 |                           sentence_transformers.sentence_transformer.trainer
import time:      2070 |      64261 |                         sentence_transformers.sentence_transformer
import time:       109 |      64370 |                       sentence_transformers.sentence_transformer.datasets
import time:        73 |      64442 |                     sentence_transformers.sentence_transformer.datasets.no_duplicates_dataloader
import time:      5847 |      79384 |                   sentence_transformers.cross_encoder.fit_mixin
import time:      9209 |       9209 |                   sentence_transformers.cross_encoder.model_card
import time:      1610 |       1610 |                       sentence_transformers.cross_encoder.modules.logit_score
import time:      2115 |       3724 |                     sentence_transformers.cross_encoder.modules
import time:       129 |       3853 |                   sentence_transformers.cross_encoder.modules.logit_score
import time:      5244 |      97689 |                 sentence_transformers.cross_encoder.model
import time:      1080 |       1080 |                     sentence_transformers.cross_encoder.losses.adr_mse
import time:       763 |        763 |                     sentence_transformers.cross_encoder.losses.binary_cross_entropy
import time:       941 |        941 |                           sentence_transformers.base.losses.gradcache
import time:       766 |       1706 |                         sentence_transformers.base.losses
import time:        37 |       1743 |                       sentence_transformers.base.losses.gradcache
import time:       765 |        765 |                       sentence_transformers.cross_encoder.losses.multiple_negatives_ranking
import time:       815 |       3321 |                     sentence_transformers.cross_encoder.losses.cached_multiple_negatives_ranking
import time:       751 |        751 |                     sentence_transformers.cross_encoder.losses.cross_entropy
import time:      1520 |       1520 |                     sentence_transformers.cross_encoder.losses.lambda_loss
import time:       913 |        913 |                       sentence_transformers.cross_encoder.losses.plist_mle
import time:       902 |       1814 |                     sentence_transformers.cross_encoder.losses.list_mle
import time:       814 |        814 |                     sentence_transformers.cross_encoder.losses.list_net
import time:      1024 |       1024 |                     sentence_transformers.cross_encoder.losses.margin_mse
import time:       775 |        775 |                     sentence_transformers.cross_encoder.losses.mse
import time:       829 |        829 |                     sentence_transformers.cross_encoder.losses.rank_net
import time:      1090 |      13776 |                   sentence_transformers.cross_encoder.losses
import time:      2868 |      16644 |                 sentence_transformers.cross_encoder.trainer
import time:      1691 |     118700 |               sentence_transformers.cross_encoder
import time:      3677 |       3677 |                 sentence_transformers.sparse_encoder.data_collator
import time:      1582 |       1582 |                       sentence_transformers.sparse_encoder.modules.mlm_transformer
import time:      1036 |       1036 |                       sentence_transformers.sparse_encoder.modules.sparse_auto_encoder
import time:       907 |        907 |                       sentence_transformers.sparse_encoder.modules.sparse_static_embedding
import time:       973 |        973 |                       sentence_transformers.sparse_encoder.modules.splade_pooling
import time:      1496 |       5992 |                     sentence_transformers.sparse_encoder.modules
import time:      2363 |       8354 |                   sentence_transformers.sparse_encoder.model_card
import time:      1806 |      10160 |                 sentence_transformers.sparse_encoder.model
import time:      1069 |       1069 |                                     sentence_transformers.sentence_transformer.losses.cosent
import time:       968 |        968 |                                     sentence_transformers.sentence_transformer.losses.adaptive_layer
import time:      1200 |       1200 |                                     sentence_transformers.sentence_transformer.losses.angle
import time:      1494 |       1494 |                                       sentence_transformers.sentence_transformer.losses.batch_hard_triplet
import time:      1109 |       2603 |                                     sentence_transformers.sentence_transformer.losses.batch_all_triplet
import time:      1017 |       1017 |                                     sentence_transformers.sentence_transformer.losses.batch_hard_soft_margin_triplet
import time:      1222 |       1222 |                                     sentence_transformers.sentence_transformer.losses.batch_semi_hard_triplet
import time:      1041 |       1041 |                                     sentence_transformers.sentence_transformer.losses.cached_gist_embed
import time:       934 |        934 |                                       sentence_transformers.sentence_transformer.losses.multiple_negatives_ranking
import time:      1074 |       2007 |                                     sentence_transformers.sentence_transformer.losses.cached_multiple_negatives_ranking
import time:       924 |        924 |                                     sentence_transformers.sentence_transformer.losses.cached_multiple_negatives_symmetric_ranking
import time:      1197 |       1197 |                                     sentence_transformers.sentence_transformer.losses.contrastive
import time:      1129 |       1129 |                                     sentence_transformers.sentence_transformer.losses.contrastive_tension
import time:      1019 |       1019 |                                     sentence_transformers.sentence_transformer.losses.cosine_similarity
import time:      1079 |       1079 |                                     sentence_transformers.sentence_transformer.losses.denoising_auto_encoder
import time:       969 |        969 |                                     sentence_transformers.sentence_transformer.losses.distill_kl_div
import time:      1048 |       1048 |                                     sentence_transformers.sentence_transformer.losses.embed_distill
import time:      1005 |       1005 |                                     sentence_transformers.sentence_transformer.losses.gist_embed
import time:      1012 |       1012 |                                     sentence_transformers.sentence_transformer.losses.global_orthogonal_regularization
import time:      1020 |       1020 |                                     sentence_transformers.sentence_transformer.losses.margin_mse
import time:      1080 |       1080 |                                     sentence_transformers.sentence_transformer.losses.matryoshka
import time:       976 |        976 |                                     sentence_transformers.sentence_transformer.losses.matryoshka_2d
import time:       938 |        938 |                                     sentence_transformers.sentence_transformer.losses.mega_batch_margin
import time:       809 |        809 |                                     sentence_transformers.sentence_transformer.losses.mse
import time:       840 |        840 |                                     sentence_transformers.sentence_transformer.losses.multiple_negatives_symmetric_ranking
import time:       872 |        872 |                                     sentence_transformers.sentence_transformer.losses.online_contrastive
import time:      1053 |       1053 |                                     sentence_transformers.sentence_transformer.losses.softmax
import time:      1087 |       1087 |                                     sentence_transformers.sentence_transformer.losses.triplet
import time:      1265 |      30437 |                                   sentence_transformers.sentence_transformer.losses
import time:        39 |      30475 |                                 sentence_transformers.sentence_transformer.losses.multiple_negatives_ranking
import time:       716 |      31190 |                               sentence_transformers.sparse_encoder.losses.sparse_multiple_negatives_ranking
import time:       926 |      32116 |                             sentence_transformers.sparse_encoder.losses.csr
import time:      1202 |       1202 |                             sentence_transformers.sparse_encoder.losses.flops
import time:       858 |        858 |                               sentence_transformers.sparse_encoder.losses.sparse_cosent
import time:       848 |       1705 |                             sentence_transformers.sparse_encoder.losses.sparse_angle
import time:       817 |        817 |                             sentence_transformers.sparse_encoder.losses.sparse_cosine_similarity
import time:      1175 |       1175 |                             sentence_transformers.sparse_encoder.losses.sparse_distill_kl_div
import time:      1041 |       1041 |                             sentence_transformers.sparse_encoder.losses.sparse_margin_mse
import time:       810 |        810 |                             sentence_transformers.sparse_encoder.losses.sparse_mse
import time:       800 |        800 |                             sentence_transformers.sparse_encoder.losses.sparse_triplet
import time:       882 |        882 |                             sentence_transformers.sparse_encoder.losses.splade
import time:      1941 |       1941 |                             sentence_transformers.sparse_encoder.losses.cached_splade
import time:      1041 |      43527 |                           sentence_transformers.sparse_encoder.losses
import time:       104 |      43630 |                         sentence_transformers.sparse_encoder.losses.splade
import time:     11388 |      11388 |                         sentence_transformers.sparse_encoder.training_args
import time:      1059 |      56077 |                       sentence_transformers.sparse_encoder.callbacks.splade_callbacks
import time:       825 |      56902 |                     sentence_transformers.sparse_encoder.callbacks
import time:        42 |      56943 |                   sentence_transformers.sparse_encoder.callbacks.splade_callbacks
import time:      3665 |      60608 |                 sentence_transformers.sparse_encoder.trainer
import time:      1626 |      76069 |               sentence_transformers.sparse_encoder
import time:      1526 |       1526 |               sentence_transformers.util.deprecated_import
import time:      3074 |   15233417 |             sentence_transformers
import time:      2106 |   15235523 |           langchain_text_splitters.sentence_transformers
import time:       298 |        298 |             spacy
import time:      1196 |       1493 |           langchain_text_splitters.spacy
import time:      3415 |   20342593 |         langchain_text_splitters
import time:      1276 |       1276 |           langchain_openai._version
import time:      2233 |       2233 |                       openai._types
import time:      1135 |       1135 |                           openai._utils._utils
import time:      1103 |       2238 |                         openai._utils._logs
import time:      1237 |       1237 |                         openai._utils._path
import time:       998 |        998 |                         openai._utils._sync
import time:       981 |        981 |                         openai._utils._proxy
import time:       867 |        867 |                           openai._utils._datetime_parse
import time:       898 |       1765 |                         openai._utils._compat
import time:       808 |        808 |                         openai._utils._typing
import time:       953 |        953 |                         openai._utils._streams
import time:       862 |        862 |                           openai._files
import time:       955 |       1817 |                         openai._utils._transform
import time:       678 |        678 |                         openai._utils._reflection
import time:      1346 |      12816 |                       openai._utils
import time:      1147 |       1147 |                       openai._compat
import time:       730 |        730 |                       openai._constants
import time:       928 |        928 |                       pydantic._internal._serializers
import time:      6198 |      24050 |                     openai._models
import time:      1583 |       1583 |                     openai.types.batch_error
import time:      1349 |       1349 |                     openai.types.batch_usage
import time:       781 |        781 |                         openai.types.shared.metadata
import time:       697 |        697 |                           openai.types.shared.reasoning_effort
import time:      1196 |       1892 |                         openai.types.shared.reasoning
import time:       744 |        744 |                           openai.types.shared.chat_model
import time:      1002 |       1746 |                         openai.types.shared.all_models
import time:      1065 |       1065 |                         openai.types.shared.error_object
import time:      1122 |       1122 |                           openai.types.shared.comparison_filter
import time:       933 |       2055 |                         openai.types.shared.compound_filter
import time:       731 |        731 |                         openai.types.shared.responses_model
import time:       780 |        780 |                         openai.types.shared.oauth_error_code
import time:       691 |        691 |                           openai.types.shared.function_parameters
import time:      1100 |       1790 |                         openai.types.shared.function_definition
import time:       914 |        914 |                         openai.types.shared.response_format_text
import time:      1206 |       1206 |                         openai.types.shared.custom_tool_input_format
import time:      1237 |       1237 |                         openai.types.shared.response_format_json_object
import time:      1435 |       1435 |                         openai.types.shared.response_format_json_schema
import time:       943 |        943 |                         openai.types.shared.response_format_text_python
import time:       926 |        926 |                         openai.types.shared.response_format_text_grammar
import time:      1050 |      18545 |                       openai.types.shared
import time:        36 |      18580 |                     openai.types.shared.metadata
import time:      1478 |       1478 |                     openai.types.batch_request_counts
import time:      2869 |      49907 |                   openai.types.batch
import time:      1537 |       1537 |                   openai.types.image
import time:      2009 |       2009 |                   openai.types.model
import time:      1184 |       1184 |                   openai.types.skill
import time:       748 |        748 |                     openai.types.video_size
import time:       923 |        923 |                     openai.types.video_model
import time:       677 |        677 |                     openai.types.video_seconds
import time:       910 |        910 |                     openai.types.video_create_error
import time:      1393 |       4648 |                   openai.types.video
import time:      1102 |       1102 |                     openai.types.file_object
import time:      1150 |       2252 |                   openai.types.upload
import time:       978 |        978 |                   openai.types.embedding
import time:      1204 |       1204 |                   openai.types.chat_model
import time:      2147 |       2147 |                     openai.types.completion_usage
import time:      2277 |       2277 |                     openai.types.completion_choice
import time:      1330 |       5754 |                   openai.types.completion
import time:      4856 |       4856 |                   openai.types.moderation
import time:      1749 |       1749 |                   openai.types.skill_list
import time:      1106 |       1106 |                   openai.types.audio_model
import time:      1077 |       1077 |                   openai.types.image_model
import time:      1564 |       1564 |                   openai.types.file_content
import time:      1384 |       1384 |                   openai.types.file_deleted
import time:      1057 |       1057 |                   openai.types.file_purpose
import time:      2635 |       2635 |                   openai.types.vector_store
import time:      1627 |       1627 |                   openai.types.deleted_skill
import time:      1500 |       1500 |                   openai.types.model_deleted
import time:      1002 |       1002 |                   openai.types.embedding_model
import time:      2955 |       2955 |                   openai.types.images_response
import time:      1514 |       1514 |                   openai.types.eval_list_params
import time:      1368 |       1368 |                   openai.types.file_list_params
import time:      1173 |       1173 |                   openai.types.moderation_model
import time:      1311 |       1311 |                   openai.types.batch_list_params
import time:      1842 |       1842 |                   openai.types.image_edit_params
import time:      2421 |       2421 |                   openai.types.skill_list_params
import time:      1601 |       1601 |                   openai.types.video_edit_params
import time:      2024 |       2024 |                   openai.types.video_list_params
import time:      1367 |       1367 |                   openai.types.video_model_param
import time:      2106 |       2106 |                         openai.types.shared_params.metadata
import time:      1630 |       1630 |                         openai.types.shared_params.reasoning
import time:      1342 |       1342 |                         openai.types.shared_params.chat_model
import time:      1392 |       1392 |                           openai.types.shared_params.comparison_filter
import time:      1433 |       2825 |                         openai.types.shared_params.compound_filter
import time:      1235 |       1235 |                         openai.types.shared_params.responses_model
import time:      1190 |       1190 |                         openai.types.shared_params.oauth_error_code
import time:      2515 |       2515 |                         openai.types.shared_params.reasoning_effort
import time:      1349 |       1349 |                           openai.types.shared_params.function_parameters
import time:      1429 |       2777 |                         openai.types.shared_params.function_definition
import time:      1496 |       1496 |                         openai.types.shared_params.response_format_text
import time:      1549 |       1549 |                         openai.types.shared_params.custom_tool_input_format
import time:      1380 |       1380 |                         openai.types.shared_params.response_format_json_object
import time:      2385 |       2385 |                         openai.types.shared_params.response_format_json_schema
import time:      1603 |      24028 |                       openai.types.shared_params
import time:        66 |      24094 |                     openai.types.shared_params.metadata
import time:      1776 |       1776 |                           openai.types.graders.python_grader
import time:      2710 |       2710 |                                     openai.types.responses.web_search_tool
import time:      2094 |       2094 |                                     openai.types.responses.custom_tool
import time:      1625 |       1625 |                                     openai.types.responses.computer_tool
import time:      3008 |       3008 |                                     openai.types.responses.function_tool
import time:      2931 |       2931 |                                     openai.types.responses.namespace_tool
import time:      1894 |       1894 |                                     openai.types.responses.apply_patch_tool
import time:      3210 |       3210 |                                     openai.types.responses.file_search_tool
import time:      2179 |       2179 |                                     openai.types.responses.tool_search_tool
import time:      1810 |       1810 |                                           openai.types.responses.inline_skill_source
import time:      1706 |       3516 |                                         openai.types.responses.inline_skill
import time:      2948 |       2948 |                                         openai.types.responses.skill_reference
import time:      1971 |       1971 |                                         openai.types.responses.container_network_policy_disabled
import time:      1791 |       1791 |                                           openai.types.responses.container_network_policy_domain_secret
import time:      2081 |       3872 |                                         openai.types.responses.container_network_policy_allowlist
import time:      2281 |      14587 |                                       openai.types.responses.container_auto
import time:      1891 |       1891 |                                         openai.types.responses.local_skill
import time:      2279 |       4170 |                                       openai.types.responses.local_environment
import time:      1850 |       1850 |                                       openai.types.responses.container_reference
import time:      2676 |      23282 |                                     openai.types.responses.function_shell_tool
import time:      2641 |       2641 |                                     openai.types.responses.web_search_preview_tool
import time:      1886 |       1886 |                                     openai.types.responses.computer_use_preview_tool
import time:      7837 |      55292 |                                   openai.types.responses.tool
import time:      1693 |       1693 |                                     openai.types.responses.response_error
import time:      3391 |       3391 |                                     openai.types.responses.response_usage
import time:      2768 |       2768 |                                       openai.types.responses.response_input_file
import time:      2715 |       2715 |                                       openai.types.responses.response_input_text
import time:      2607 |       2607 |                                       openai.types.responses.response_input_image
import time:      3185 |      11273 |                                     openai.types.responses.response_prompt
import time:      1496 |       1496 |                                     openai.types.responses.response_status
import time:      2847 |       2847 |                                     openai.types.responses.tool_choice_mcp
import time:      2689 |       2689 |                                     openai.types.responses.tool_choice_shell
import time:      1910 |       1910 |                                     openai.types.responses.tool_choice_types
import time:      1999 |       1999 |                                     openai.types.responses.tool_choice_custom
import time:      1505 |       1505 |                                           openai.types.responses.response_input_content
import time:      1475 |       2980 |                                         openai.types.responses.response_input_message_content_list
import time:      3144 |       6123 |                                       openai.types.responses.easy_input_message
import time:      5119 |       5119 |                                         openai.types.responses.response_output_text
import time:      1970 |       1970 |                                         openai.types.responses.response_output_refusal
import time:      2453 |       9541 |                                       openai.types.responses.response_output_message
import time:      2790 |       2790 |                                       openai.types.responses.response_reasoning_item
import time:      3056 |       3056 |                                       openai.types.responses.response_custom_tool_call
import time:      4352 |       4352 |                                           openai.types.responses.computer_action
import time:      1895 |       6246 |                                         openai.types.responses.computer_action_list
import time:      5769 |      12015 |                                       openai.types.responses.response_computer_tool_call
import time:      3817 |       3817 |                                       openai.types.responses.response_function_tool_call
import time:      5773 |       5773 |                                       openai.types.responses.response_function_web_search
import time:      2403 |       2403 |                                       openai.types.responses.response_compaction_item_param
import time:      3123 |       3123 |                                       openai.types.responses.response_file_search_tool_call
import time:      3709 |       3709 |                                       openai.types.responses.response_custom_tool_call_output
import time:      3127 |       3127 |                                       openai.types.responses.response_code_interpreter_tool_call
import time:      2178 |       2178 |                                       openai.types.responses.response_tool_search_output_item_param
import time:      3013 |       3013 |                                           openai.types.responses.response_input_file_content
import time:      3906 |       3906 |                                           openai.types.responses.response_input_text_content
import time:      3207 |       3207 |                                           openai.types.responses.response_input_image_content
import time:      2005 |      12129 |                                         openai.types.responses.response_function_call_output_item
import time:      1429 |      13557 |                                       openai.types.responses.response_function_call_output_item_list
import time:      3208 |       3208 |                                       openai.types.responses.response_function_shell_call_output_content
import time:      1871 |       1871 |                                       openai.types.responses.response_computer_tool_call_output_screenshot
import time:     22660 |      98942 |                                     openai.types.responses.response_input_item
import time:      2909 |       2909 |                                     openai.types.responses.tool_choice_allowed
import time:      1821 |       1821 |                                     openai.types.responses.tool_choice_options
import time:      1952 |       1952 |                                       openai.types.responses.response_compaction_item
import time:      1905 |       1905 |                                       openai.types.responses.response_tool_search_call
import time:      3616 |       3616 |                                       openai.types.responses.response_apply_patch_tool_call
import time:      2517 |       2517 |                                       openai.types.responses.response_tool_search_output_item
import time:      1854 |       1854 |                                         openai.types.responses.response_local_environment
import time:      1814 |       1814 |                                         openai.types.responses.response_container_reference
import time:      3337 |       7004 |                                       openai.types.responses.response_function_shell_tool_call
import time:      2729 |       2729 |                                       openai.types.responses.response_apply_patch_tool_call_output
import time:      1792 |       1792 |                                       openai.types.responses.response_custom_tool_call_output_item
import time:      2133 |       2133 |                                       openai.types.responses.response_computer_tool_call_output_item
import time:      2723 |       2723 |                                       openai.types.responses.response_function_tool_call_output_item
import time:      3322 |       3322 |                                       openai.types.responses.response_function_shell_tool_call_output
import time:      7582 |      37270 |                                     openai.types.responses.response_output_item
import time:      1193 |       1193 |                                         openai.types.responses.response_format_text_json_schema_config
import time:      1002 |       2195 |                                       openai.types.responses.response_format_text_config
import time:      2053 |       4247 |                                     openai.types.responses.response_text_config
import time:      1127 |       1127 |                                     openai.types.responses.tool_choice_function
import time:      1114 |       1114 |                                     openai.types.responses.tool_choice_apply_patch
import time:      5923 |     180643 |                                   openai.types.responses.response
import time:      1077 |       1077 |                                     openai.types.responses.web_search_tool_param
import time:      1178 |       1178 |                                           openai.types.chat.chat_completion_audio
import time:      1502 |       1502 |                                             openai.types.chat.chat_completion_message_custom_tool_call
import time:      1749 |       1749 |                                             openai.types.chat.chat_completion_message_function_tool_call
import time:      1824 |       5074 |                                           openai.types.chat.chat_completion_message_tool_call
import time:      5540 |      11791 |                                         openai.types.chat.chat_completion_message
import time:      1546 |       1546 |                                         openai.types.chat.chat_completion_token_logprob
import time:      3918 |      17253 |                                       openai.types.chat.chat_completion
import time:       925 |        925 |                                       openai.types.chat.chat_completion_role
import time:      4782 |       4782 |                                       openai.types.chat.chat_completion_chunk
import time:      1423 |       1423 |                                       openai.types.chat.completion_list_params
import time:      1205 |       1205 |                                         openai.types.chat.parsed_function_tool_call
import time:      2041 |       3246 |                                       openai.types.chat.parsed_chat_completion
import time:      1480 |       1480 |                                       openai.types.chat.chat_completion_deleted
import time:       723 |        723 |                                       openai.types.chat.chat_completion_modality
import time:      1008 |       1008 |                                         openai.types.chat.chat_completion_audio_param
import time:       861 |        861 |                                             openai.types.chat.chat_completion_content_part_text_param
import time:      1088 |       1949 |                                           openai.types.chat.chat_completion_tool_message_param
import time:       950 |        950 |                                               openai.types.chat.chat_completion_content_part_image_param
import time:      1230 |       1230 |                                               openai.types.chat.chat_completion_content_part_input_audio_param
import time:       932 |       3111 |                                             openai.types.chat.chat_completion_content_part_param
import time:       839 |       3949 |                                           openai.types.chat.chat_completion_user_message_param
import time:      1024 |       1024 |                                           openai.types.chat.chat_completion_system_message_param
import time:      1077 |       1077 |                                           openai.types.chat.chat_completion_function_message_param
import time:       933 |        933 |                                             openai.types.chat.chat_completion_content_part_refusal_param
import time:       933 |        933 |                                               openai.types.chat.chat_completion_message_custom_tool_call_param
import time:       918 |        918 |                                               openai.types.chat.chat_completion_message_function_tool_call_param
import time:       761 |       2612 |                                             openai.types.chat.chat_completion_message_tool_call_union_param
import time:      1078 |       4621 |                                           openai.types.chat.chat_completion_assistant_message_param
import time:       984 |        984 |                                           openai.types.chat.chat_completion_developer_message_param
import time:       910 |      14511 |                                         openai.types.chat.chat_completion_message_param
import time:      1038 |       1038 |                                           openai.types.chat.chat_completion_custom_tool_param
import time:      1095 |       1095 |                                           openai.types.chat.chat_completion_function_tool_param
import time:       828 |       2960 |                                         openai.types.chat.chat_completion_tool_union_param
import time:       851 |        851 |                                         openai.types.chat.chat_completion_stream_options_param
import time:       901 |        901 |                                         openai.types.chat.chat_completion_prediction_content_param
import time:       837 |        837 |                                           openai.types.chat.chat_completion_named_tool_choice_param
import time:       819 |        819 |                                             openai.types.chat.chat_completion_allowed_tools_param
import time:       754 |       1573 |                                           openai.types.chat.chat_completion_allowed_tool_choice_param
import time:       909 |        909 |                                           openai.types.chat.chat_completion_named_tool_choice_custom_param
import time:       755 |       4072 |                                         openai.types.chat.chat_completion_tool_choice_option_param
import time:       896 |        896 |                                         openai.types.chat.chat_completion_function_call_option_param
import time:      2014 |      27210 |                                       openai.types.chat.completion_create_params
import time:      1430 |       1430 |                                       openai.types.chat.completion_update_params
import time:       978 |        978 |                                       openai.types.chat.chat_completion_tool_param
import time:      1231 |       1231 |                                       openai.types.chat.chat_completion_function_tool
import time:      1219 |       1219 |                                         openai.types.chat.chat_completion_content_part_text
import time:      1497 |       1497 |                                         openai.types.chat.chat_completion_content_part_image
import time:      1360 |       4075 |                                       openai.types.chat.chat_completion_store_message
import time:       840 |        840 |                                       openai.types.chat.chat_completion_reasoning_effort
import time:       952 |        952 |                                       openai.types.chat.chat_completion_message_tool_call_param
import time:      1182 |      67722 |                                     openai.types.chat
import time:      1002 |       1002 |                                     openai.types.responses.custom_tool_param
import time:       844 |        844 |                                     openai.types.responses.computer_tool_param
import time:       883 |        883 |                                     openai.types.responses.function_tool_param
import time:      1318 |       1318 |                                     openai.types.responses.namespace_tool_param
import time:       832 |        832 |                                     openai.types.responses.apply_patch_tool_param
import time:      1116 |       1116 |                                     openai.types.responses.file_search_tool_param
import time:       917 |        917 |                                     openai.types.responses.tool_search_tool_param
import time:       814 |        814 |                                           openai.types.responses.inline_skill_source_param
import time:       808 |       1622 |                                         openai.types.responses.inline_skill_param
import time:      1340 |       1340 |                                         openai.types.responses.skill_reference_param
import time:       940 |        940 |                                         openai.types.responses.container_network_policy_disabled_param
import time:      1504 |       1504 |                                           openai.types.responses.container_network_policy_domain_secret_param
import time:      1091 |       2594 |                                         openai.types.responses.container_network_policy_allowlist_param
import time:      1075 |       7570 |                                       openai.types.responses.container_auto_param
import time:       980 |        980 |                                         openai.types.responses.local_skill_param
import time:       941 |       1920 |                                       openai.types.responses.local_environment_param
import time:       809 |        809 |                                       openai.types.responses.container_reference_param
import time:      1174 |      11470 |                                     openai.types.responses.function_shell_tool_param
import time:      1089 |       1089 |                                     openai.types.responses.web_search_preview_tool_param
import time:       946 |        946 |                                     openai.types.responses.computer_use_preview_tool_param
import time:      2648 |      91861 |                                   openai.types.responses.tool_param
import time:      1603 |       1603 |                                     openai.types.responses.response_input_message_item
import time:      1298 |       1298 |                                     openai.types.responses.response_custom_tool_call_item
import time:      1116 |       1116 |                                     openai.types.responses.response_function_tool_call_item
import time:      4164 |       8180 |                                   openai.types.responses.response_item
import time:       892 |        892 |                                   openai.types.responses.response_input
import time:      3199 |       3199 |                                   openai.types.responses.parsed_response
import time:      1552 |       1552 |                                   openai.types.responses.compacted_response
import time:      1105 |       1105 |                                   openai.types.responses.response_item_list
import time:       818 |        818 |                                   openai.types.responses.response_includable
import time:      1175 |       1175 |                                   openai.types.responses.response_error_event
import time:      1719 |       1719 |                                   openai.types.responses.response_input_audio
import time:      1354 |       1354 |                                         openai.types.responses.response_input_file_param
import time:      1158 |       1158 |                                         openai.types.responses.response_input_text_param
import time:      1332 |       1332 |                                         openai.types.responses.response_input_image_param
import time:      1215 |       5058 |                                       openai.types.responses.response_input_message_content_list_param
import time:      1431 |       6488 |                                     openai.types.responses.easy_input_message_param
import time:      3538 |       3538 |                                       openai.types.responses.response_output_text_param
import time:      1638 |       1638 |                                       openai.types.responses.response_output_refusal_param
import time:      1807 |       6983 |                                     openai.types.responses.response_output_message_param
import time:      2683 |       2683 |                                     openai.types.responses.response_reasoning_item_param
import time:      1744 |       1744 |                                     openai.types.responses.response_custom_tool_call_param
import time:      2406 |       2406 |                                       openai.types.responses.computer_action_list_param
import time:      2672 |       5078 |                                     openai.types.responses.response_computer_tool_call_param
import time:      2116 |       2116 |                                     openai.types.responses.response_function_tool_call_param
import time:      2243 |       2243 |                                     openai.types.responses.response_function_web_search_param
import time:      1701 |       1701 |                                     openai.types.responses.response_compaction_item_param_param
import time:      2779 |       2779 |                                     openai.types.responses.response_file_search_tool_call_param
import time:      2695 |       2695 |                                     openai.types.responses.response_custom_tool_call_output_param
import time:      2046 |       2046 |                                     openai.types.responses.response_code_interpreter_tool_call_param
import time:      1483 |       1483 |                                     openai.types.responses.response_tool_search_output_item_param_param
import time:      1685 |       1685 |                                       openai.types.responses.response_input_file_content_param
import time:      1180 |       1180 |                                       openai.types.responses.response_input_text_content_param
import time:      1148 |       1148 |                                       openai.types.responses.response_input_image_content_param
import time:      1251 |       5262 |                                     openai.types.responses.response_function_call_output_item_list_param
import time:      1245 |       1245 |                                     openai.types.responses.response_function_shell_call_output_content_param
import time:      1014 |       1014 |                                     openai.types.responses.response_computer_tool_call_output_screenshot_param
import time:      5195 |      50749 |                                   openai.types.responses.response_input_param
import time:      1846 |       1846 |                                   openai.types.responses.computer_action_param
import time:      1101 |       1101 |                                   openai.types.responses.response_failed_event
import time:       841 |        841 |                                   openai.types.responses.response_prompt_param
import time:      1077 |       1077 |                                   openai.types.responses.response_queued_event
import time:       983 |        983 |                                     openai.types.responses.response_created_event
import time:       965 |        965 |                                     openai.types.responses.response_completed_event
import time:      1499 |       1499 |                                     openai.types.responses.response_text_done_event
import time:       994 |        994 |                                     openai.types.responses.response_audio_done_event
import time:       971 |        971 |                                     openai.types.responses.response_incomplete_event
import time:      2207 |       2207 |                                     openai.types.responses.response_text_delta_event
import time:      1003 |       1003 |                                     openai.types.responses.response_audio_delta_event
import time:      1168 |       1168 |                                     openai.types.responses.response_in_progress_event
import time:      1372 |       1372 |                                     openai.types.responses.response_refusal_done_event
import time:      1180 |       1180 |                                     openai.types.responses.response_refusal_delta_event
import time:       996 |        996 |                                     openai.types.responses.response_mcp_call_failed_event
import time:      1050 |       1050 |                                     openai.types.responses.response_output_item_done_event
import time:      1600 |       1600 |                                     openai.types.responses.response_content_part_done_event
import time:      1082 |       1082 |                                     openai.types.responses.response_output_item_added_event
import time:      1332 |       1332 |                                     openai.types.responses.response_content_part_added_event
import time:       987 |        987 |                                     openai.types.responses.response_mcp_call_completed_event
import time:      1053 |       1053 |                                     openai.types.responses.response_reasoning_text_done_event
import time:      1018 |       1018 |                                     openai.types.responses.response_mcp_call_in_progress_event
import time:       999 |        999 |                                     openai.types.responses.response_reasoning_text_delta_event
import time:       990 |        990 |                                     openai.types.responses.response_audio_transcript_done_event
import time:      1004 |       1004 |                                     openai.types.responses.response_mcp_list_tools_failed_event
import time:       960 |        960 |                                     openai.types.responses.response_audio_transcript_delta_event
import time:      1754 |       1754 |                                     openai.types.responses.response_mcp_call_arguments_done_event
import time:      1156 |       1156 |                                     openai.types.responses.response_image_gen_call_completed_event
import time:      1011 |       1011 |                                     openai.types.responses.response_mcp_call_arguments_delta_event
import time:      1190 |       1190 |                                     openai.types.responses.response_mcp_list_tools_completed_event
import time:      1091 |       1091 |                                     openai.types.responses.response_image_gen_call_generating_event
import time:       989 |        989 |                                     openai.types.responses.response_web_search_call_completed_event
import time:       979 |        979 |                                     openai.types.responses.response_web_search_call_searching_event
import time:       983 |        983 |                                     openai.types.responses.response_file_search_call_completed_event
import time:       993 |        993 |                                     openai.types.responses.response_file_search_call_searching_event
import time:      1778 |       1778 |                                     openai.types.responses.response_image_gen_call_in_progress_event
import time:      1106 |       1106 |                                     openai.types.responses.response_mcp_list_tools_in_progress_event
import time:      1029 |       1029 |                                     openai.types.responses.response_custom_tool_call_input_done_event
import time:      1461 |       1461 |                                     openai.types.responses.response_reasoning_summary_part_done_event
import time:      1051 |       1051 |                                     openai.types.responses.response_reasoning_summary_text_done_event
import time:      1245 |       1245 |                                     openai.types.responses.response_web_search_call_in_progress_event
import time:      1013 |       1013 |                                     openai.types.responses.response_custom_tool_call_input_delta_event
import time:       966 |        966 |                                     openai.types.responses.response_file_search_call_in_progress_event
import time:      1500 |       1500 |                                     openai.types.responses.response_function_call_arguments_done_event
import time:      1075 |       1075 |                                     openai.types.responses.response_image_gen_call_partial_image_event
import time:      1005 |       1005 |                                     openai.types.responses.response_output_text_annotation_added_event
import time:      1301 |       1301 |                                     openai.types.responses.response_reasoning_summary_part_added_event
import time:      1041 |       1041 |                                     openai.types.responses.response_reasoning_summary_text_delta_event
import time:      1023 |       1023 |                                     openai.types.responses.response_function_call_arguments_delta_event
import time:      1039 |       1039 |                                     openai.types.responses.response_code_interpreter_call_code_done_event
import time:       956 |        956 |                                     openai.types.responses.response_code_interpreter_call_completed_event
import time:       962 |        962 |                                     openai.types.responses.response_code_interpreter_call_code_delta_event
import time:      1506 |       1506 |                                     openai.types.responses.response_code_interpreter_call_in_progress_event
import time:      1112 |       1112 |                                     openai.types.responses.response_code_interpreter_call_interpreting_event
import time:      1794 |      59500 |                                   openai.types.responses.response_stream_event
import time:      1229 |       1229 |                                   openai.types.responses.tool_choice_mcp_param
import time:      1131 |       1131 |                                   openai.types.responses.input_item_list_params
import time:       776 |        776 |                                     openai.types.responses.tool_choice_shell_param
import time:       880 |        880 |                                     openai.types.responses.tool_choice_types_param
import time:       764 |        764 |                                     openai.types.responses.tool_choice_custom_param
import time:       844 |        844 |                                     openai.types.responses.tool_choice_allowed_param
import time:       976 |        976 |                                         openai.types.responses.response_format_text_json_schema_config_param
import time:      1035 |       2011 |                                       openai.types.responses.response_format_text_config_param
import time:       735 |       2746 |                                     openai.types.responses.response_text_config_param
import time:       785 |        785 |                                     openai.types.responses.tool_choice_function_param
import time:       740 |        740 |                                     openai.types.responses.tool_choice_apply_patch_param
import time:       744 |        744 |                                     openai.types.responses.response_conversation_param_param
import time:      1819 |      10094 |                                   openai.types.responses.response_create_params
import time:       946 |        946 |                                     openai.types.responses.response_conversation_param
import time:      4063 |       5008 |                                   openai.types.responses.responses_client_event
import time:      1388 |       1388 |                                   openai.types.responses.responses_server_event
import time:      3813 |       3813 |                                     openai.types.responses.response_input_item_param
import time:      1319 |       5132 |                                   openai.types.responses.response_compact_params
import time:      1261 |       1261 |                                   openai.types.responses.input_token_count_params
import time:       930 |        930 |                                   openai.types.responses.response_retrieve_params
import time:       951 |        951 |                                   openai.types.responses.input_token_count_response
import time:       877 |        877 |                                   openai.types.responses.response_input_audio_param
import time:       931 |        931 |                                   openai.types.responses.response_input_content_param
import time:      1553 |       1553 |                                   openai.types.responses.responses_client_event_param
import time:       743 |        743 |                                   openai.types.responses.response_function_call_output_item_param
import time:      2536 |     495300 |                                 openai.types.responses
import time:        52 |     495351 |                               openai.types.responses.response_input_text
import time:      1825 |     497176 |                             openai.types.graders.grader_inputs
import time:      2615 |     499791 |                           openai.types.graders.label_model_grader
import time:      2592 |       2592 |                           openai.types.graders.score_model_grader
import time:      1111 |       1111 |                           openai.types.graders.string_check_grader
import time:      1008 |       1008 |                           openai.types.graders.text_similarity_grader
import time:      2275 |     508552 |                         openai.types.graders.multi_grader
import time:       765 |        765 |                           openai.types.graders.python_grader_param
import time:       861 |        861 |                             openai.types.graders.grader_inputs_param
import time:       960 |       1820 |                           openai.types.graders.label_model_grader_param
import time:      1127 |       1127 |                           openai.types.graders.score_model_grader_param
import time:       911 |        911 |                           openai.types.graders.string_check_grader_param
import time:       825 |        825 |                           openai.types.graders.text_similarity_grader_param
import time:       920 |       6365 |                         openai.types.graders.multi_grader_param
import time:      1332 |     516247 |                       openai.types.graders
import time:        35 |     516281 |                     openai.types.graders.grader_inputs_param
import time:      1999 |     542373 |                   openai.types.eval_create_params
import time:       964 |        964 |                     openai.types.eval_custom_data_source_config
import time:      1290 |       1290 |                     openai.types.eval_stored_completions_data_source_config
import time:      2026 |       4278 |                   openai.types.eval_list_response
import time:      1211 |       1211 |                   openai.types.eval_update_params
import time:       890 |        890 |                   openai.types.file_create_params
import time:       772 |        772 |                   openai.types.video_remix_params
import time:       877 |        877 |                   openai.types.batch_create_params
import time:       743 |        743 |                   openai.types.skill_create_params
import time:       863 |        863 |                   openai.types.skill_update_params
import time:       712 |        712 |                     openai.types.image_input_reference_param
import time:       822 |       1534 |                   openai.types.video_create_params
import time:       873 |        873 |                   openai.types.video_extend_params
import time:      2670 |       2670 |                   openai.types.eval_create_response
import time:      1404 |       1404 |                   openai.types.eval_delete_response
import time:      2355 |       2355 |                   openai.types.eval_update_response
import time:      1022 |       1022 |                   openai.types.upload_create_params
import time:       977 |        977 |                   openai.types.vector_store_deleted
import time:      1067 |       1067 |                   openai.types.audio_response_format
import time:      1174 |       1174 |                   openai.types.container_list_params
import time:      1229 |       1229 |                   openai.types.image_generate_params
import time:      1002 |       1002 |                   openai.types.video_delete_response
import time:      2099 |       2099 |                   openai.types.eval_retrieve_response
import time:       906 |        906 |                     openai.types.other_file_chunking_strategy_object
import time:       884 |        884 |                       openai.types.static_file_chunking_strategy
import time:       914 |       1798 |                     openai.types.static_file_chunking_strategy_object
import time:       905 |       3609 |                   openai.types.file_chunking_strategy
import time:      1950 |       1950 |                     openai.types.image_gen_completed_event
import time:      1134 |       1134 |                     openai.types.image_gen_partial_image_event
import time:       842 |       3925 |                   openai.types.image_gen_stream_event
import time:       773 |        773 |                   openai.types.upload_complete_params
import time:      1481 |       1481 |                   openai.types.websocket_reconnection
import time:      1282 |       1282 |                   openai.types.container_create_params
import time:      1689 |       1689 |                   openai.types.container_list_response
import time:      1099 |       1099 |                   openai.types.embedding_create_params
import time:      1876 |       1876 |                     openai.types.image_edit_completed_event
import time:      1274 |       1274 |                     openai.types.image_edit_partial_image_event
import time:       812 |       3961 |                   openai.types.image_edit_stream_event
import time:      1429 |       1429 |                   openai.types.completion_create_params
import time:      1590 |       1590 |                   openai.types.content_provenance_check
import time:       747 |        747 |                       openai.types.moderation_text_input_param
import time:       832 |        832 |                       openai.types.moderation_image_url_input_param
import time:       825 |       2403 |                     openai.types.moderation_multi_modal_input_param
import time:       872 |       3274 |                   openai.types.moderation_create_params
import time:       935 |        935 |                   openai.types.vector_store_list_params
import time:      2070 |       2070 |                   openai.types.container_create_response
import time:      1631 |       1631 |                   openai.types.create_embedding_response
import time:      1116 |       1116 |                   openai.types.moderation_create_response
import time:      1392 |       1392 |                       openai.types.auto_file_chunking_strategy_param
import time:      1325 |       1325 |                         openai.types.static_file_chunking_strategy_param
import time:      1147 |       2471 |                       openai.types.static_file_chunking_strategy_object_param
import time:      1615 |       5477 |                     openai.types.file_chunking_strategy_param
import time:       901 |       6378 |                   openai.types.vector_store_create_params
import time:      1026 |       1026 |                   openai.types.vector_store_search_params
import time:       984 |        984 |                   openai.types.vector_store_update_params
import time:      1643 |       1643 |                   openai.types.container_retrieve_response
import time:      1312 |       1312 |                   openai.types.vector_store_search_response
import time:       969 |        969 |                   openai.types.video_get_character_response
import time:      1005 |       1005 |                   openai.types.websocket_connection_options
import time:      1805 |       1805 |                   openai.types.image_create_variation_params
import time:       875 |        875 |                   openai.types.video_create_character_params
import time:      1364 |       1364 |                   openai.types.video_download_content_params
import time:      1273 |       1273 |                   openai.types.video_create_character_response
import time:       912 |        912 |                   openai.types.content_provenance_check_create_params
import time:      3583 |     728979 |                 openai.types
import time:      1411 |       1411 |                   openai._exceptions
import time:       968 |        968 |                   openai._qs
import time:       885 |        885 |                       openai._httpx2
import time:      1303 |       2188 |                     openai.auth._workload
import time:       756 |       2944 |                   openai.auth
import time:       693 |        693 |                   openai._version
import time:      1523 |       1523 |                   openai._provider
import time:      1096 |       1096 |                   openai._streaming
import time:      2442 |       2442 |                       distro.distro
import time:      2486 |       4927 |                     distro
import time:      1650 |       1650 |                     openai._response
import time:       781 |        781 |                     openai._utils._json
import time:      1123 |       1123 |                     openai._legacy_response
import time:       284 |        284 |                     httpx_aiohttp
import time:      7636 |      16399 |                   openai._base_client
import time:      1768 |      26798 |                 openai._client
import time:      2829 |       2829 |                 openai._utils._resources_proxy
import time:       751 |        751 |                     openai.lib._pydantic
import time:      1018 |       1769 |                   openai.lib._tools
import time:      1003 |       1003 |                     openai.lib._parsing._completions
import time:       883 |       1886 |                   openai.lib._parsing
import time:      1110 |       4764 |                 openai.lib
import time:      1236 |       1236 |                 openai.lib.azure
import time:      1892 |       1892 |                         openai.lib._bedrock_auth
import time:      3257 |       5149 |                       openai.providers.bedrock
import time:       731 |       5880 |                     openai.providers
import time:        43 |       5922 |                   openai.providers.bedrock
import time:      4087 |      10009 |                 openai.lib.bedrock
import time:       937 |        937 |                 openai.version
import time:      1072 |       1072 |                 openai.lib._old_api
import time:      2298 |       2298 |                       openai.types.beta.thread
import time:      1075 |       1075 |                           openai.types.beta.function_tool
import time:      1499 |       1499 |                           openai.types.beta.file_search_tool
import time:      1008 |       1008 |                           openai.types.beta.code_interpreter_tool
import time:       826 |       4406 |                         openai.types.beta.assistant_tool
import time:      1078 |       1078 |                         openai.types.beta.assistant_response_format_option
import time:      2034 |       7518 |                       openai.types.beta.assistant
import time:      1950 |       1950 |                         openai.types.beta.beta_custom_tool
import time:      1064 |       1064 |                         openai.types.beta.beta_computer_tool
import time:      1258 |       1258 |                         openai.types.beta.beta_function_tool
import time:      1501 |       1501 |                         openai.types.beta.beta_namespace_tool
import time:      1699 |       1699 |                         openai.types.beta.beta_web_search_tool
import time:      1051 |       1051 |                         openai.types.beta.beta_apply_patch_tool
import time:      2895 |       2895 |                         openai.types.beta.beta_file_search_tool
import time:      1172 |       1172 |                         openai.types.beta.beta_tool_search_tool
import time:       992 |        992 |                               openai.types.beta.beta_inline_skill_source
import time:       957 |       1949 |                             openai.types.beta.beta_inline_skill
import time:      1070 |       1070 |                             openai.types.beta.beta_skill_reference
import time:       964 |        964 |                             openai.types.beta.beta_container_network_policy_disabled
import time:       935 |        935 |                               openai.types.beta.beta_container_network_policy_domain_secret
import time:      1050 |       1984 |                             openai.types.beta.beta_container_network_policy_allowlist
import time:      1252 |       7218 |                           openai.types.beta.beta_container_auto
import time:      1090 |       1090 |                             openai.types.beta.beta_local_skill
import time:      1567 |       2657 |                           openai.types.beta.beta_local_environment
import time:      1010 |       1010 |                           openai.types.beta.beta_container_reference
import time:      1256 |      12138 |                         openai.types.beta.beta_function_shell_tool
import time:      1364 |       1364 |                         openai.types.beta.beta_web_search_preview_tool
import time:      1111 |       1111 |                         openai.types.beta.beta_computer_use_preview_tool
import time:      4525 |      31726 |                       openai.types.beta.beta_tool
import time:      1416 |       1416 |                         openai.types.beta.beta_response_error
import time:      1443 |       1443 |                         openai.types.beta.beta_response_usage
import time:      1379 |       1379 |                           openai.types.beta.beta_response_input_file
import time:      1222 |       1222 |                           openai.types.beta.beta_response_input_text
import time:      1263 |       1263 |                           openai.types.beta.beta_response_input_image
import time:      1283 |       5146 |                         openai.types.beta.beta_response_prompt
import time:       858 |        858 |                         openai.types.beta.beta_response_status
import time:       999 |        999 |                         openai.types.beta.beta_tool_choice_mcp
import time:       901 |        901 |                         openai.types.beta.beta_tool_choice_shell
import time:       941 |        941 |                         openai.types.beta.beta_tool_choice_types
import time:       916 |        916 |                         openai.types.beta.beta_tool_choice_custom
import time:       709 |        709 |                               openai.types.beta.beta_response_input_content
import time:       781 |       1490 |                             openai.types.beta.beta_response_input_message_content_list
import time:      1208 |       2697 |                           openai.types.beta.beta_easy_input_message
import time:      2930 |       2930 |                             openai.types.beta.beta_response_output_text
import time:      1108 |       1108 |                             openai.types.beta.beta_response_output_refusal
import time:      1497 |       5534 |                           openai.types.beta.beta_response_output_message
import time:      1783 |       1783 |                           openai.types.beta.beta_response_reasoning_item
import time:      1994 |       1994 |                           openai.types.beta.beta_response_custom_tool_call
import time:      3187 |       3187 |                             openai.types.beta.beta_computer_action
import time:       948 |        948 |                             openai.types.beta.beta_computer_action_list
import time:      1652 |       5786 |                           openai.types.beta.beta_response_computer_tool_call
import time:      1967 |       1967 |                           openai.types.beta.beta_response_function_tool_call
import time:      1448 |       1448 |                           openai.types.beta.beta_response_input_text_content
import time:      2416 |       2416 |                           openai.types.beta.beta_response_function_web_search
import time:      1397 |       1397 |                           openai.types.beta.beta_response_input_image_content
import time:      1334 |       1334 |                           openai.types.beta.beta_response_compaction_item_param
import time:      1941 |       1941 |                           openai.types.beta.beta_response_file_search_tool_call
import time:      1826 |       1826 |                           openai.types.beta.beta_response_custom_tool_call_output
import time:      1805 |       1805 |                           openai.types.beta.beta_response_code_interpreter_tool_call
import time:      1335 |       1335 |                           openai.types.beta.beta_response_tool_search_output_item_param
import time:      1930 |       1930 |                               openai.types.beta.beta_response_input_file_content
import time:       823 |       2753 |                             openai.types.beta.beta_response_function_call_output_item
import time:       746 |       3498 |                           openai.types.beta.beta_response_function_call_output_item_list
import time:      1588 |       1588 |                           openai.types.beta.beta_response_function_shell_call_output_content
import time:      1129 |       1129 |                           openai.types.beta.beta_response_computer_tool_call_output_screenshot
import time:     21384 |      60854 |                         openai.types.beta.beta_response_input_item
import time:      1824 |       1824 |                         openai.types.beta.beta_tool_choice_allowed
import time:      1340 |       1340 |                         openai.types.beta.beta_tool_choice_options
import time:      2255 |       2255 |                           openai.types.beta.beta_response_compaction_item
import time:      1922 |       1922 |                           openai.types.beta.beta_response_tool_search_call
import time:      3050 |       3050 |                           openai.types.beta.beta_response_apply_patch_tool_call
import time:      1853 |       1853 |                           openai.types.beta.beta_response_tool_search_output_item
import time:       952 |        952 |                             openai.types.beta.beta_response_local_environment
import time:      1185 |       1185 |                             openai.types.beta.beta_response_container_reference
import time:      2290 |       4426 |                           openai.types.beta.beta_response_function_shell_tool_call
import time:      1824 |       1824 |                           openai.types.beta.beta_response_apply_patch_tool_call_output
import time:      1191 |       1191 |                           openai.types.beta.beta_response_custom_tool_call_output_item
import time:      1824 |       1824 |                           openai.types.beta.beta_response_computer_tool_call_output_item
import time:      2428 |       2428 |                           openai.types.beta.beta_response_function_tool_call_output_item
import time:      3634 |       3634 |                           openai.types.beta.beta_response_function_shell_tool_call_output
import time:     12895 |      37297 |                         openai.types.beta.beta_response_output_item
import time:      1296 |       1296 |                             openai.types.beta.beta_response_format_text_json_schema_config
import time:      2057 |       3353 |                           openai.types.beta.beta_response_format_text_config
import time:      1918 |       5271 |                         openai.types.beta.beta_response_text_config
import time:      2077 |       2077 |                         openai.types.beta.beta_tool_choice_function
import time:      1412 |       1412 |                         openai.types.beta.beta_tool_choice_apply_patch
import time:     13349 |     136036 |                       openai.types.beta.beta_response
import time:      5321 |       5321 |                       openai.types.beta.thread_deleted
import time:      3966 |       3966 |                         openai.types.beta.beta_custom_tool_param
import time:      1217 |       1217 |                         openai.types.beta.beta_computer_tool_param
import time:      1054 |       1054 |                         openai.types.beta.beta_function_tool_param
import time:      1402 |       1402 |                         openai.types.beta.beta_namespace_tool_param
import time:      2408 |       2408 |                         openai.types.beta.beta_web_search_tool_param
import time:      3884 |       3884 |                         openai.types.beta.beta_apply_patch_tool_param
import time:      1671 |       1671 |                         openai.types.beta.beta_file_search_tool_param
import time:       982 |        982 |                         openai.types.beta.beta_tool_search_tool_param
import time:       803 |        803 |                               openai.types.beta.beta_inline_skill_source_param
import time:       776 |       1579 |                             openai.types.beta.beta_inline_skill_param
import time:      1029 |       1029 |                             openai.types.beta.beta_skill_reference_param
import time:       843 |        843 |                             openai.types.beta.beta_container_network_policy_disabled_param
import time:      1008 |       1008 |                               openai.types.beta.beta_container_network_policy_domain_secret_param
import time:      1004 |       2012 |                             openai.types.beta.beta_container_network_policy_allowlist_param
import time:       997 |       6458 |                           openai.types.beta.beta_container_auto_param
import time:      1291 |       1291 |                             openai.types.beta.beta_local_skill_param
import time:      1684 |       2975 |                           openai.types.beta.beta_local_environment_param
import time:       899 |        899 |                           openai.types.beta.beta_container_reference_param
import time:      1091 |      11421 |                         openai.types.beta.beta_function_shell_tool_param
import time:      1259 |       1259 |                         openai.types.beta.beta_web_search_preview_tool_param
import time:       877 |        877 |                         openai.types.beta.beta_computer_use_preview_tool_param
import time:      3475 |      33610 |                       openai.types.beta.beta_tool_param
import time:      1317 |       1317 |                       openai.types.beta.chatkit_workflow
import time:      1006 |       1006 |                       openai.types.beta.assistant_deleted
import time:      1293 |       1293 |                         openai.types.beta.beta_response_input_message_item
import time:      1186 |       1186 |                         openai.types.beta.beta_response_custom_tool_call_item
import time:      1077 |       1077 |                         openai.types.beta.beta_response_function_tool_call_item
import time:     13030 |      16584 |                       openai.types.beta.beta_response_item
import time:      1949 |       1949 |                       openai.types.beta.beta_response_input
import time:      1477 |       1477 |                       openai.types.beta.function_tool_param
import time:       958 |        958 |                         openai.types.beta.file_search_tool_param
import time:      1263 |       1263 |                         openai.types.beta.code_interpreter_tool_param
import time:       969 |       3190 |                       openai.types.beta.assistant_tool_param
import time:       855 |        855 |                               openai.types.beta.threads.run_status
import time:       915 |        915 |                                   openai.types.beta.assistant_tool_choice_function
import time:      1004 |       1919 |                                 openai.types.beta.assistant_tool_choice
import time:       860 |       2779 |                               openai.types.beta.assistant_tool_choice_option
import time:      4698 |       4698 |                               openai.types.beta.threads.required_action_function_tool_call
import time:      3320 |      11650 |                             openai.types.beta.threads.run
import time:      1265 |       1265 |                                 openai.types.beta.threads.file_path_annotation
import time:      1431 |       1431 |                                 openai.types.beta.threads.file_citation_annotation
import time:       886 |       3581 |                               openai.types.beta.threads.annotation
import time:      1421 |       5002 |                             openai.types.beta.threads.text
import time:      1047 |       1047 |                                 openai.types.beta.threads.text_content_block
import time:      1102 |       1102 |                                 openai.types.beta.threads.refusal_content_block
import time:      1114 |       1114 |                                   openai.types.beta.threads.image_url
import time:      1074 |       2188 |                                 openai.types.beta.threads.image_url_content_block
import time:      1079 |       1079 |                                   openai.types.beta.threads.image_file
import time:      1041 |       2120 |                                 openai.types.beta.threads.image_file_content_block
import time:       899 |       7354 |                               openai.types.beta.threads.message_content
import time:      2008 |       9362 |                             openai.types.beta.threads.message
import time:      1858 |       1858 |                                 openai.types.beta.threads.file_path_delta_annotation
import time:      1381 |       1381 |                                 openai.types.beta.threads.file_citation_delta_annotation
import time:       889 |       4126 |                               openai.types.beta.threads.annotation_delta
import time:      1478 |       5604 |                             openai.types.beta.threads.text_delta
import time:      2042 |       2042 |                                 openai.types.beta.threads.text_delta_block
import time:      2145 |       2145 |                                 openai.types.beta.threads.refusal_delta_block
import time:      1236 |       1236 |                                   openai.types.beta.threads.image_url_delta
import time:      1794 |       3030 |                                 openai.types.beta.threads.image_url_delta_block
import time:      1075 |       1075 |                                   openai.types.beta.threads.image_file_delta
import time:      1066 |       2141 |                                 openai.types.beta.threads.image_file_delta_block
import time:      1879 |      11235 |                               openai.types.beta.threads.message_content_delta
import time:      1680 |      12915 |                             openai.types.beta.threads.message_delta
import time:      1016 |       1016 |                             openai.types.beta.threads.image_url_param
import time:      1468 |       1468 |                             openai.types.beta.threads.message_deleted
import time:      1541 |       1541 |                             openai.types.beta.threads.run_list_params
import time:      1507 |       1507 |                             openai.types.beta.threads.image_file_param
import time:      1294 |       1294 |                                         openai.types.beta.threads.runs.function_tool_call
import time:      2288 |       2288 |                                         openai.types.beta.threads.runs.file_search_tool_call
import time:      5084 |       5084 |                                         openai.types.beta.threads.runs.code_interpreter_tool_call
import time:       934 |       9598 |                                       openai.types.beta.threads.runs.tool_call
import time:      1078 |      10676 |                                     openai.types.beta.threads.runs.tool_calls_step_details
import time:      2709 |       2709 |                                     openai.types.beta.threads.runs.message_creation_step_details
import time:      2668 |      16052 |                                   openai.types.beta.threads.runs.run_step
import time:      2162 |       2162 |                                         openai.types.beta.threads.runs.function_tool_call_delta
import time:      1362 |       1362 |                                         openai.types.beta.threads.runs.file_search_tool_call_delta
import time:      1574 |       1574 |                                           openai.types.beta.threads.runs.code_interpreter_logs
import time:      1365 |       1365 |                                           openai.types.beta.threads.runs.code_interpreter_output_image
import time:      1460 |       4399 |                                         openai.types.beta.threads.runs.code_interpreter_tool_call_delta
import time:       944 |       8866 |                                       openai.types.beta.threads.runs.tool_call_delta
import time:      1825 |      10690 |                                     openai.types.beta.threads.runs.tool_call_delta_object
import time:      2820 |       2820 |                                     openai.types.beta.threads.runs.run_step_delta_message_delta
import time:      1953 |      15462 |                                   openai.types.beta.threads.runs.run_step_delta
import time:      1281 |       1281 |                                   openai.types.beta.threads.runs.run_step_include
import time:      1108 |       1108 |                                   openai.types.beta.threads.runs.step_list_params
import time:      1025 |       1025 |                                   openai.types.beta.threads.runs.run_step_delta_event
import time:       885 |        885 |                                   openai.types.beta.threads.runs.step_retrieve_params
import time:      1069 |      36879 |                                 openai.types.beta.threads.runs
import time:        42 |      36921 |                               openai.types.beta.threads.runs.run_step_include
import time:      1322 |       1322 |                                 openai.types.beta.threads.text_content_block_param
import time:      1001 |       1001 |                                 openai.types.beta.threads.image_url_content_block_param
import time:       965 |        965 |                                 openai.types.beta.threads.image_file_content_block_param
import time:       926 |       4213 |                               openai.types.beta.threads.message_content_part_param
import time:       806 |        806 |                                   openai.types.beta.assistant_tool_choice_function_param
import time:       820 |       1625 |                                 openai.types.beta.assistant_tool_choice_param
import time:       863 |       2488 |                               openai.types.beta.assistant_tool_choice_option_param
import time:       852 |        852 |                               openai.types.beta.assistant_response_format_option_param
import time:      1956 |      46428 |                             openai.types.beta.threads.run_create_params
import time:      1043 |       1043 |                             openai.types.beta.threads.run_update_params
import time:      1193 |       1193 |                             openai.types.beta.threads.message_delta_event
import time:      1121 |       1121 |                             openai.types.beta.threads.message_list_params
import time:      1090 |       1090 |                             openai.types.beta.threads.message_create_params
import time:       870 |        870 |                             openai.types.beta.threads.message_update_params
import time:      1014 |       1014 |                             openai.types.beta.threads.run_submit_tool_outputs_params
import time:      1214 |     104033 |                           openai.types.beta.threads
import time:        39 |     104071 |                         openai.types.beta.threads.message_content_part_param
import time:      1412 |     105483 |                       openai.types.beta.thread_create_params
import time:       983 |        983 |                       openai.types.beta.thread_update_params
import time:       818 |        818 |                       openai.types.beta.assistant_list_params
import time:      8798 |       8798 |                       openai.types.beta.assistant_stream_event
import time:      1679 |       1679 |                         openai.types.beta.beta_response_includable
import time:      1344 |       1344 |                               openai.types.beta.beta_response_input_file_param
import time:      1108 |       1108 |                               openai.types.beta.beta_response_input_text_param
import time:      1080 |       1080 |                               openai.types.beta.beta_response_input_image_param
import time:      1023 |       4553 |                             openai.types.beta.beta_response_input_message_content_list_param
import time:      1333 |       5886 |                           openai.types.beta.beta_easy_input_message_param
import time:      1612 |       1612 |                             openai.types.beta.beta_response_output_text_param
import time:      1078 |       1078 |                             openai.types.beta.beta_response_output_refusal_param
import time:      1146 |       3836 |                           openai.types.beta.beta_response_output_message_param
import time:      1336 |       1336 |                           openai.types.beta.beta_response_reasoning_item_param
import time:      1309 |       1309 |                           openai.types.beta.beta_response_custom_tool_call_param
import time:      1474 |       1474 |                             openai.types.beta.beta_computer_action_param
import time:      4920 |       4920 |                             openai.types.beta.beta_computer_action_list_param
import time:      1319 |       7713 |                           openai.types.beta.beta_response_computer_tool_call_param
import time:      2618 |       2618 |                           openai.types.beta.beta_response_function_tool_call_param
import time:      1192 |       1192 |                           openai.types.beta.beta_response_input_text_content_param
import time:      1222 |       1222 |                           openai.types.beta.beta_response_function_web_search_param
import time:       966 |        966 |                           openai.types.beta.beta_response_input_image_content_param
import time:      1058 |       1058 |                           openai.types.beta.beta_response_compaction_item_param_param
import time:      1336 |       1336 |                           openai.types.beta.beta_response_file_search_tool_call_param
import time:      1974 |       1974 |                           openai.types.beta.beta_response_custom_tool_call_output_param
import time:      1514 |       1514 |                           openai.types.beta.beta_response_code_interpreter_tool_call_param
import time:      1443 |       1443 |                           openai.types.beta.beta_response_tool_search_output_item_param_param
import time:       961 |        961 |                             openai.types.beta.beta_response_input_file_content_param
import time:       819 |       1779 |                           openai.types.beta.beta_response_function_call_output_item_list_param
import time:      1013 |       1013 |                           openai.types.beta.beta_response_function_shell_call_output_content_param
import time:       867 |        867 |                           openai.types.beta.beta_response_computer_tool_call_output_screenshot_param
import time:      6838 |      43893 |                         openai.types.beta.beta_response_input_param
import time:      1416 |       1416 |                         openai.types.beta.beta_response_prompt_param
import time:      1050 |       1050 |                         openai.types.beta.beta_tool_choice_mcp_param
import time:       959 |        959 |                         openai.types.beta.beta_tool_choice_shell_param
import time:       859 |        859 |                         openai.types.beta.beta_tool_choice_types_param
import time:      1725 |       1725 |                         openai.types.beta.beta_tool_choice_custom_param
import time:       976 |        976 |                         openai.types.beta.beta_tool_choice_allowed_param
import time:       896 |        896 |                             openai.types.beta.beta_response_format_text_json_schema_config_param
import time:       821 |       1716 |                           openai.types.beta.beta_response_format_text_config_param
import time:       869 |       2585 |                         openai.types.beta.beta_response_text_config_param
import time:       838 |        838 |                         openai.types.beta.beta_tool_choice_function_param
import time:       812 |        812 |                         openai.types.beta.beta_tool_choice_apply_patch_param
import time:       798 |        798 |                         openai.types.beta.beta_response_conversation_param_param
import time:      4607 |      62193 |                       openai.types.beta.response_create_params
import time:      1467 |       1467 |                       openai.types.beta.assistant_create_params
import time:      1347 |       1347 |                       openai.types.beta.assistant_update_params
import time:      1115 |       1115 |                       openai.types.beta.beta_compacted_response
import time:      8186 |       8186 |                         openai.types.beta.beta_response_input_item_param
import time:      1468 |       9653 |                       openai.types.beta.response_compact_params
import time:      2123 |       2123 |                       openai.types.beta.response_retrieve_params
import time:      1924 |       1924 |                       openai.types.beta.beta_response_error_event
import time:      1641 |       1641 |                       openai.types.beta.beta_response_failed_event
import time:      1548 |       1548 |                       openai.types.beta.beta_response_inject_event
import time:      3005 |       3005 |                       openai.types.beta.beta_response_queued_event
import time:      1432 |       1432 |                         openai.types.beta.beta_response_created_event
import time:      3739 |       3739 |                         openai.types.beta.beta_response_completed_event
import time:      4581 |       4581 |                         openai.types.beta.beta_response_text_done_event
import time:      1770 |       1770 |                         openai.types.beta.beta_response_audio_done_event
import time:      5707 |       5707 |                         openai.types.beta.beta_response_incomplete_event
import time:      3421 |       3421 |                         openai.types.beta.beta_response_text_delta_event
import time:      1373 |       1373 |                         openai.types.beta.beta_response_audio_delta_event
import time:      1343 |       1343 |                         openai.types.beta.beta_response_in_progress_event
import time:      1420 |       1420 |                         openai.types.beta.beta_response_refusal_done_event
import time:      1312 |       1312 |                         openai.types.beta.beta_response_refusal_delta_event
import time:      1768 |       1768 |                         openai.types.beta.beta_response_mcp_call_failed_event
import time:      2984 |       2984 |                         openai.types.beta.beta_response_output_item_done_event
import time:      1797 |       1797 |                         openai.types.beta.beta_response_content_part_done_event
import time:      1553 |       1553 |                         openai.types.beta.beta_response_output_item_added_event
import time:      1626 |       1626 |                         openai.types.beta.beta_response_content_part_added_event
import time:      1432 |       1432 |                         openai.types.beta.beta_response_mcp_call_completed_event
import time:      1314 |       1314 |                         openai.types.beta.beta_response_reasoning_text_done_event
import time:      1433 |       1433 |                         openai.types.beta.beta_response_mcp_call_in_progress_event
import time:      1309 |       1309 |                         openai.types.beta.beta_response_reasoning_text_delta_event
import time:      2053 |       2053 |                         openai.types.beta.beta_response_audio_transcript_done_event
import time:      3515 |       3515 |                         openai.types.beta.beta_response_mcp_list_tools_failed_event
import time:      2606 |       2606 |                         openai.types.beta.beta_response_audio_transcript_delta_event
import time:      1555 |       1555 |                         openai.types.beta.beta_response_mcp_call_arguments_done_event
import time:      2142 |       2142 |                         openai.types.beta.beta_response_image_gen_call_completed_event
import time:      2229 |       2229 |                         openai.types.beta.beta_response_mcp_call_arguments_delta_event
import time:      2980 |       2980 |                         openai.types.beta.beta_response_mcp_list_tools_completed_event
import time:      2385 |       2385 |                         openai.types.beta.beta_response_image_gen_call_generating_event
import time:      3145 |       3145 |                         openai.types.beta.beta_response_web_search_call_completed_event
import time:      2864 |       2864 |                         openai.types.beta.beta_response_web_search_call_searching_event
import time:      3071 |       3071 |                         openai.types.beta.beta_response_file_search_call_completed_event
import time:      2484 |       2484 |                         openai.types.beta.beta_response_file_search_call_searching_event
import time:      3646 |       3646 |                         openai.types.beta.beta_response_image_gen_call_in_progress_event
import time:      2725 |       2725 |                         openai.types.beta.beta_response_mcp_list_tools_in_progress_event
import time:      3062 |       3062 |                         openai.types.beta.beta_response_custom_tool_call_input_done_event
import time:      3236 |       3236 |                         openai.types.beta.beta_response_reasoning_summary_part_done_event
import time:      2695 |       2695 |                         openai.types.beta.beta_response_reasoning_summary_text_done_event
import time:      2949 |       2949 |                         openai.types.beta.beta_response_web_search_call_in_progress_event
import time:      2686 |       2686 |                         openai.types.beta.beta_response_custom_tool_call_input_delta_event
import time:      3673 |       3673 |                         openai.types.beta.beta_response_file_search_call_in_progress_event
import time:      3266 |       3266 |                         openai.types.beta.beta_response_function_call_arguments_done_event
import time:      2799 |       2799 |                         openai.types.beta.beta_response_image_gen_call_partial_image_event
import time:      3378 |       3378 |                         openai.types.beta.beta_response_output_text_annotation_added_event
import time:      2824 |       2824 |                         openai.types.beta.beta_response_reasoning_summary_part_added_event
import time:      3232 |       3232 |                         openai.types.beta.beta_response_reasoning_summary_text_delta_event
import time:      3035 |       3035 |                         openai.types.beta.beta_response_function_call_arguments_delta_event
import time:      2764 |       2764 |                         openai.types.beta.beta_response_code_interpreter_call_code_done_event
import time:      2825 |       2825 |                         openai.types.beta.beta_response_code_interpreter_call_completed_event
import time:      2693 |       2693 |                         openai.types.beta.beta_response_code_interpreter_call_code_delta_event
import time:      2395 |       2395 |                         openai.types.beta.beta_response_code_interpreter_call_in_progress_event
import time:      3593 |       3593 |                         openai.types.beta.beta_response_code_interpreter_call_interpreting_event
import time:      3985 |     133781 |                       openai.types.beta.beta_response_stream_event
import time:      1910 |       1910 |                         openai.types.beta.beta_response_conversation_param
import time:      9568 |      11478 |                       openai.types.beta.beta_responses_client_event
import time:      2857 |       2857 |                         openai.types.beta.beta_response_inject_failed_event
import time:      2208 |       2208 |                         openai.types.beta.beta_response_inject_created_event
import time:      2288 |       7352 |                       openai.types.beta.beta_responses_server_event
import time:      5810 |       5810 |                       openai.types.beta.thread_create_and_run_params
import time:      2041 |       2041 |                       openai.types.beta.beta_response_inject_event_param
import time:      1518 |       1518 |                       openai.types.beta.beta_response_input_content_param
import time:      5247 |       5247 |                       openai.types.beta.beta_responses_client_event_param
import time:      3167 |       3167 |                       openai.types.beta.beta_response_function_call_output_item_param
import time:      2984 |     617490 |                     openai.types.beta
import time:      1832 |     619321 |                   openai.lib.streaming._assistants
import time:       790 |     620111 |                 openai.lib.streaming
import time:      3827 |       3827 |                 openai._module_client
import time:      2043 |    1402601 |               openai
import time:      1525 |       1525 |                 langchain_core.outputs
import time:      7502 |       9027 |               langchain_core.caches
import time:      8447 |       8447 |               langchain_core.prompt_values
import time:      2075 |       2075 |                 langchain_core.tracers
import time:      1618 |       3692 |               langchain_core.tracers._streaming
import time:      1006 |       1006 |                 langchain_core.outputs.run_info
import time:      1095 |       1095 |                 langchain_core.runnables.schema
import time:      2163 |       2163 |                     jsonpointer
import time:      1441 |       3604 |                   jsonpatch
import time:       971 |        971 |                         langsmith
import time:       729 |        729 |                             langsmith._internal
import time:      1123 |       1851 |                           langsmith._internal._context
import time:    141572 |     141572 |                           langsmith.schemas
import time:      4326 |       4326 |                           langsmith.utils
import time:      3367 |       3367 |                                       langsmith._openapi_client._types
import time:      2358 |       2358 |                                         langsmith._openapi_client._utils._path
import time:      1316 |       1316 |                                         langsmith._openapi_client._utils._sync
import time:      1485 |       1485 |                                         langsmith._openapi_client._utils._proxy
import time:      1642 |       1642 |                                         langsmith._openapi_client._utils._utils
import time:      1869 |       1869 |                                           langsmith._openapi_client._utils._datetime_parse
import time:      1538 |       3406 |                                         langsmith._openapi_client._utils._compat
import time:      2232 |       2232 |                                         langsmith._openapi_client._utils._typing
import time:      1479 |       1479 |                                         langsmith._openapi_client._utils._streams
import time:      1651 |       1651 |                                           langsmith._openapi_client._files
import time:      1843 |       3494 |                                         langsmith._openapi_client._utils._transform
import time:      1310 |       1310 |                                         langsmith._openapi_client._utils._reflection
import time:      1930 |      20648 |                                       langsmith._openapi_client._utils
import time:      2050 |       2050 |                                       langsmith._openapi_client._compat
import time:      1308 |       1308 |                                       langsmith._openapi_client._constants
import time:      9518 |      36889 |                                     langsmith._openapi_client._models
import time:      2015 |       2015 |                                     langsmith._openapi_client.types.run_type
import time:      7131 |      46035 |                                   langsmith._openapi_client.types.run
import time:      3856 |       3856 |                                   langsmith._openapi_client.types.issue
import time:      2025 |       2025 |                                     langsmith._openapi_client.types.trace_aggregates
import time:      3410 |       5435 |                                   langsmith._openapi_client.types.trace
import time:      4037 |       4037 |                                   langsmith._openapi_client.types.thread
import time:      1488 |       1488 |                                   langsmith._openapi_client.types.data_type
import time:      4200 |       4200 |                                   langsmith._openapi_client.types.thread_stats
import time:      4721 |       4721 |                                   langsmith._openapi_client.types.thread_trace
import time:      1704 |       1704 |                                   langsmith._openapi_client.types.missing_param
import time:      2396 |       2396 |                                   langsmith._openapi_client.types.run_type_enum
import time:      2088 |       2088 |                                     langsmith._openapi_client.types.online_llm_evaluator
import time:      1890 |       1890 |                                     langsmith._openapi_client.types.online_code_evaluator
import time:      1332 |       1332 |                                     langsmith._openapi_client.types.online_evaluator_type
import time:      1795 |       1795 |                                       langsmith._openapi_client.types.online_spend_limit
import time:      2910 |       4705 |                                     langsmith._openapi_client.types.online_evaluator_run_rule
import time:      3976 |      13989 |                                   langsmith._openapi_client.types.online_evaluator
import time:      1489 |       1489 |                                     langsmith._openapi_client.types.run_select_field
import time:      2417 |       3905 |                                   langsmith._openapi_client.types.run_query_params
import time:     21401 |      21401 |                                   langsmith._openapi_client.types.sandbox_response
import time:      2255 |       2255 |                                   langsmith._openapi_client.types.issue_list_params
import time:      3736 |       3736 |                                   langsmith._openapi_client.types.snapshot_response
import time:      4567 |       4567 |                                   langsmith._openapi_client.types.info_list_response
import time:      1884 |       1884 |                                   langsmith._openapi_client.types.run_get_url_params
import time:      1851 |       1851 |                                   langsmith._openapi_client.types.trace_query_params
import time:      2061 |       2061 |                                   langsmith._openapi_client.types.run_query_v2_params
import time:      2287 |       2287 |                                   langsmith._openapi_client.types.run_retrieve_params
import time:      1825 |       1825 |                                   langsmith._openapi_client.types.thread_query_params
import time:      5407 |       5407 |                                   langsmith._openapi_client.types.thread_stats_params
import time:      3131 |       3131 |                                   langsmith._openapi_client.types.run_get_url_response
import time:      2092 |       2092 |                                   langsmith._openapi_client.types.service_url_response
import time:      2053 |       2053 |                                   langsmith._openapi_client.types.sandbox_list_response
import time:      2042 |       2042 |                                   langsmith._openapi_client.types.run_retrieve_v2_params
import time:      2878 |       2878 |                                   langsmith._openapi_client.types.snapshot_list_response
import time:      1497 |       1497 |                                   langsmith._openapi_client.types.sort_by_dataset_column
import time:      1637 |       1637 |                                   langsmith._openapi_client.types.trace_list_runs_params
import time:      2444 |       2444 |                                   langsmith._openapi_client.types.annotation_queue_schema
import time:      1932 |       1932 |                                   langsmith._openapi_client.types.sandbox_status_response
import time:      1619 |       1619 |                                   langsmith._openapi_client.types.trace_list_runs_response
import time:      1760 |       1760 |                                   langsmith._openapi_client.types.thread_list_traces_params
import time:      1893 |       1893 |                                   langsmith._openapi_client.types.online_evaluator_spend_day
import time:      2030 |       2030 |                                   langsmith._openapi_client.types.annotation_queue_size_schema
import time:      2304 |       2304 |                                   langsmith._openapi_client.types.online_evaluator_list_params
import time:      1957 |       1957 |                                   langsmith._openapi_client.types.online_evaluator_spend_group
import time:      1188 |       1188 |                                   langsmith._openapi_client.types.online_evaluator_spend_params
import time:      1116 |       1116 |                                   langsmith._openapi_client.types.annotation_queue_export_params
import time:       933 |        933 |                                     langsmith._openapi_client.types.annotation_queue_rubric_item_schema_param
import time:      1098 |       2031 |                                   langsmith._openapi_client.types.annotation_queue_update_params
import time:       858 |        858 |                                     langsmith._openapi_client.types.create_online_llm_evaluator_request_param
import time:       840 |        840 |                                     langsmith._openapi_client.types.create_online_code_evaluator_request_param
import time:       828 |       2525 |                                   langsmith._openapi_client.types.online_evaluator_create_params
import time:       816 |        816 |                                   langsmith._openapi_client.types.online_evaluator_delete_params
import time:       843 |        843 |                                     langsmith._openapi_client.types.update_online_llm_evaluator_request_param
import time:       937 |        937 |                                     langsmith._openapi_client.types.update_online_code_evaluator_request_param
import time:       844 |       2623 |                                   langsmith._openapi_client.types.online_evaluator_update_params
import time:      1304 |       1304 |                                     langsmith._openapi_client.types.bulk_delete_evaluator_failed_item
import time:      2031 |       3335 |                                   langsmith._openapi_client.types.bulk_delete_evaluators_response
import time:      1233 |       1233 |                                   langsmith._openapi_client.types.annotation_queue_populate_params
import time:      1739 |       1739 |                                   langsmith._openapi_client.types.create_online_evaluator_response
import time:      1667 |       1667 |                                   langsmith._openapi_client.types.update_online_evaluator_response
import time:      1568 |       1568 |                                   langsmith._openapi_client.types.runs_filter_data_source_type_enum
import time:      1946 |       1946 |                                     langsmith._openapi_client.types.annotation_queue_rubric_item_schema
import time:      2917 |       4862 |                                   langsmith._openapi_client.types.annotation_queue_retrieve_response
import time:      2500 |       2500 |                                   langsmith._openapi_client.types.get_online_evaluator_spend_response
import time:      2067 |       2067 |                                   langsmith._openapi_client.types.online_evaluator_bulk_delete_params
import time:      2839 |       2839 |                                   langsmith._openapi_client.types.annotation_queue_retrieve_run_params
import time:      1657 |       1657 |                                   langsmith._openapi_client.types.annotation_queue_retrieve_size_params
import time:      5596 |       5596 |                                   langsmith._openapi_client.types.run_schema_with_annotation_queue_info
import time:      1987 |       1987 |                                   langsmith._openapi_client.types.annotation_queue_annotation_queues_params
import time:      1363 |       1363 |                                   langsmith._openapi_client.types.annotation_queue_create_run_status_params
import time:       966 |        966 |                                   langsmith._openapi_client.types.annotation_queue_retrieve_queues_response
import time:      1114 |       1114 |                                   langsmith._openapi_client.types.annotation_queue_retrieve_total_archived_params
import time:      2041 |       2041 |                                   langsmith._openapi_client.types.annotation_queue_retrieve_annotation_queues_params
import time:      2756 |       2756 |                                   langsmith._openapi_client.types.annotation_queue_retrieve_annotation_queues_response
import time:      4631 |     224505 |                                 langsmith._openapi_client.types
import time:      1066 |       1066 |                                   langsmith._openapi_client._exceptions
import time:      1055 |       1055 |                                   langsmith._openapi_client._qs
import time:       760 |        760 |                                   langsmith._openapi_client._version
import time:      1084 |       1084 |                                   langsmith._openapi_client._streaming
import time:      1596 |       1596 |                                     langsmith._openapi_client._response
import time:       795 |        795 |                                     langsmith._openapi_client._utils._json
import time:       225 |        225 |                                     httpx_aiohttp
import time:      3300 |       5915 |                                   langsmith._openapi_client._base_client
import time:      2072 |      11950 |                                 langsmith._openapi_client._client
import time:      1546 |       1546 |                                 langsmith._openapi_client._utils._logs
import time:      1583 |       1583 |                                 langsmith._openapi_client._utils._resources_proxy
import time:      2197 |     241779 |                               langsmith._openapi_client
import time:        55 |     241833 |                             langsmith._openapi_client._types
import time:      2358 |     244191 |                           langsmith._internal._v2_migration_utils
import time:      1157 |       1157 |                           langsmith._internal._uuid
import time:       800 |        800 |                                   requests_toolbelt._compat
import time:       844 |       1644 |                                 requests_toolbelt.adapters.ssl
import time:       704 |        704 |                                 requests_toolbelt.adapters.source
import time:       991 |       3337 |                               requests_toolbelt.adapters
import time:       778 |        778 |                                 requests_toolbelt.auth
import time:       801 |        801 |                                 requests_toolbelt.auth._digest_auth_compat
import time:       920 |        920 |                                 requests_toolbelt.auth.http_proxy_digest
import time:       970 |       3468 |                               requests_toolbelt.auth.guess
import time:      1991 |       1991 |                                 requests_toolbelt.multipart.encoder
import time:       892 |        892 |                                 requests_toolbelt.multipart.decoder
import time:      1125 |       4007 |                               requests_toolbelt.multipart
import time:       817 |        817 |                               requests_toolbelt.streaming_iterator
import time:       756 |        756 |                                 requests_toolbelt.utils
import time:       880 |       1635 |                               requests_toolbelt.utils.user_agent
import time:      1630 |      14894 |                             requests_toolbelt
import time:      1401 |       1401 |                               langsmith.env._git
import time:       230 |        230 |                                 psutil
import time:      1057 |       1286 |                               langsmith.env._runtime_env
import time:       700 |       3385 |                             langsmith.env
import time:       858 |        858 |                               langsmith._runtime_overrides
import time:       940 |       1798 |                             langsmith._internal._aiter
import time:       772 |        772 |                             langsmith._internal._orjson
import time:       198 |        198 |                                 fcntl
import time:       859 |       1057 |                               langsmith._internal._oauth_refresh_lock
import time:      1514 |       2571 |                             langsmith._internal._profiles
import time:       804 |        804 |                             langsmith._internal._backend_version
import time:      1212 |       1212 |                               langsmith._internal._compressed_traces
import time:       910 |        910 |                               langsmith._internal._constants
import time:       900 |        900 |                                 langsmith._internal._multipart
import time:      1012 |       1012 |                                 langsmith._internal._serde
import time:      1108 |       3019 |                               langsmith._internal._operations
import time:      1163 |       6303 |                             langsmith._internal._background_thread
import time:       840 |        840 |                             langsmith._internal._beta_decorator
import time:       875 |        875 |                             langsmith._internal._hub
import time:      2051 |       2051 |                             langsmith.prompt_cache
import time:       301 |        301 |                                 opentelemetry
import time:       349 |        650 |                               opentelemetry.sdk
import time:       867 |        867 |                                 opentelemetry.context.context
import time:      1097 |       1097 |                                 opentelemetry.context.contextvars_context
import time:       756 |        756 |                                 opentelemetry.environment_variables
import time:       823 |       3541 |                               opentelemetry.context
import time:       281 |        281 |                                         opentelemetry.util
import time:      1323 |       1604 |                                       opentelemetry.util.types
import time:      1548 |       3152 |                                     opentelemetry.metrics._internal.observation
import time:      4564 |       7715 |                                   opentelemetry.metrics._internal.instrument
import time:      1416 |       1416 |                                   opentelemetry.util._once
import time:       874 |        874 |                                   opentelemetry.util._providers
import time:      5747 |      15751 |                                 opentelemetry.metrics._internal
import time:       881 |      16632 |                               opentelemetry.metrics
import time:       950 |        950 |                                 opentelemetry.attributes
import time:      1004 |       1004 |                                     opentelemetry.trace.status
import time:      1629 |       2633 |                                   opentelemetry.trace.span
import time:      1219 |       3852 |                                 opentelemetry.trace.propagation
import time:      1272 |       1272 |                                 opentelemetry.util._decorator
import time:    342299 |     348371 |                               opentelemetry.trace
import time:      4403 |       4403 |                               opentelemetry.sdk.util
import time:      2694 |       2694 |                               opentelemetry.sdk.environment_variables
import time:      2895 |       2895 |                               opentelemetry.sdk.environment_variables._internal
import time:      2074 |       2074 |                                 opentelemetry.sdk.version
import time:      2962 |       2962 |                                   opentelemetry.semconv
import time:      5902 |       8864 |                                 opentelemetry.semconv.resource
import time:       566 |        566 |                                 psutil
import time:      3654 |      15157 |                               opentelemetry.sdk.resources
import time:      2959 |       2959 |                               opentelemetry.sdk.trace.sampling
import time:       311 |        311 |                                     opentelemetry.semconv._incubating
import time:      1248 |       1558 |                                   opentelemetry.semconv._incubating.attributes
import time:      5554 |       7111 |                                 opentelemetry.semconv._incubating.attributes.otel_attributes
import time:       718 |        718 |                                   opentelemetry.semconv._incubating.metrics
import time:      3407 |       4125 |                                 opentelemetry.semconv._incubating.metrics.otel_metrics
import time:      2068 |      13304 |                               opentelemetry.sdk.trace._tracer_metrics
import time:      2647 |       2647 |                               opentelemetry.sdk.trace.id_generator
import time:      2672 |       2672 |                                 opentelemetry.sdk.util.instrumentation
import time:      4192 |       6863 |                               opentelemetry.sdk.util._configurator
import time:      1856 |       1856 |                                 opentelemetry.semconv.attributes
import time:      2159 |       4014 |                               opentelemetry.semconv.attributes.exception_attributes
import time:      4754 |     428879 |                             opentelemetry.sdk.trace
import time:      6490 |     469657 |                           langsmith.client
import time:      3779 |       3779 |                           langsmith.uuid
import time:     15995 |     882525 |                         langsmith.run_trees
import time:       860 |     884355 |                       langchain_core.tracers.schemas
import time:      3404 |       3404 |                       langchain_core.utils._gateway
import time:      2087 |     889845 |                     langchain_core.tracers.core
import time:      1851 |     891695 |                   langchain_core.tracers.base
import time:      2903 |       2903 |                   langchain_core.tracers.memory_stream
import time:      7340 |     905541 |                 langchain_core.tracers.log_stream
import time:      3648 |       3648 |                 langchain_core.utils.aiter
import time:      7848 |     919136 |               langchain_core.tracers.event_stream
import time:      2037 |       2037 |               langchain_core.tracers.root_listeners
import time:      1802 |       1802 |               langchain_core.utils.iter
import time:     26542 |      26542 |                     langchain_protocol.protocol
import time:      2629 |      29171 |                   langchain_protocol
import time:        67 |      29237 |                 langchain_protocol.protocol
import time:      2133 |       2133 |                 langchain_core.language_models._compat_bridge
import time:      2492 |       2492 |                 langchain_core.language_models.chat_model_stream
import time:      1972 |       1972 |                 langchain_core.language_models.model_profile
import time:      1502 |       1502 |                   langchain_core.output_parsers
import time:      5334 |       5334 |                     langchain_core.output_parsers.base
import time:      4468 |       9802 |                   langchain_core.output_parsers.transform
import time:      8876 |      20178 |                 langchain_core.output_parsers.openai_tools
import time:      1923 |       1923 |                 langchain_core.rate_limiters
import time:      2119 |       2119 |                   langchain_core.utils.json_schema
import time:      3579 |       5698 |                 langchain_core.utils.function_calling
import time:     48165 |     111796 |               langchain_core.language_models.chat_models
import time:      2402 |       2402 |                 langchain_core.output_parsers.format_instructions
import time:      1869 |       1869 |                 langchain_core.tools
import time:      2136 |       2136 |                   langchain_openai._compat
import time:      2941 |       5076 |                 langchain_openai.chat_models._client_utils
import time:      1768 |       1768 |                 langchain_openai.chat_models._compat
import time:       764 |        764 |                   langchain_openai.data
import time:      1225 |       1989 |                 langchain_openai.data._profiles
import time:     87502 |     100604 |               langchain_openai.chat_models.base
import time:     64141 |    2623279 |             langchain_openai.chat_models.azure
import time:       991 |    2624270 |           langchain_openai.chat_models
import time:      1541 |       1541 |                 langchain_core.embeddings
import time:     15947 |      17488 |               langchain_openai.embeddings.base
import time:      9518 |      27005 |             langchain_openai.embeddings.azure
import time:      1703 |      28707 |           langchain_openai.embeddings
import time:      2901 |       2901 |                     tenacity._utils
import time:      2535 |       2535 |                     tenacity.retry
import time:      1471 |       1471 |                     tenacity.nap
import time:      1890 |       1890 |                     tenacity.stop
import time:      2131 |       2131 |                     tenacity.wait
import time:      1966 |       1966 |                     tenacity.before
import time:      1844 |       1844 |                     tenacity.after
import time:      1768 |       1768 |                     tenacity.before_sleep
import time:       381 |        381 |                     tornado
import time:      2860 |       2860 |                       tenacity.asyncio.retry
import time:      2159 |       5019 |                     tenacity.asyncio
import time:      8347 |      30248 |                   tenacity
import time:     12163 |      42411 |                 langchain_core.language_models.llms
import time:     16046 |      58457 |               langchain_openai.llms.base
import time:      7438 |      65894 |             langchain_openai.llms.azure
import time:      1774 |      67668 |           langchain_openai.llms
import time:      5503 |       5503 |               langchain_core.tools.simple
import time:      6638 |       6638 |               langchain_core.tools.structured
import time:      4408 |      16548 |             langchain_openai.tools.custom_tool
import time:      1438 |      17986 |           langchain_openai.tools
import time:      1406 |    2741310 |         langchain_openai
import time:      2990 |       2990 |         langchain_core.prompts
import time:      7786 |       7786 |           langchain_core.prompts.base
import time:      2187 |       2187 |           langchain_core.utils.formatting
import time:     19141 |      29114 |         langchain_core.prompts.string
import time:      6102 |       6102 |           langchain_classic
import time:       230 |        230 |           defusedxml
import time:      1644 |       1644 |             langchain_classic._api.deprecation
import time:      1202 |       1202 |               langchain_classic._api.interactive_env
import time:      1422 |       2624 |             langchain_classic._api.module_import
import time:      1561 |       5828 |           langchain_classic._api
import time:      4505 |       4505 |           langchain_classic.output_parsers.boolean
import time:      4852 |       4852 |           langchain_classic.output_parsers.combining
import time:      5219 |       5219 |           langchain_classic.output_parsers.datetime
import time:      4749 |       4749 |           langchain_classic.output_parsers.enum
import time:      1446 |       1446 |             langchain_classic.output_parsers.prompts
import time:     11535 |      12981 |           langchain_classic.output_parsers.fix
import time:      1405 |       1405 |             langchain_classic.output_parsers.format_instructions
import time:      3162 |       4567 |           langchain_classic.output_parsers.pandas_dataframe
import time:      3386 |       3386 |           langchain_classic.output_parsers.regex
import time:      3466 |       3466 |           langchain_classic.output_parsers.regex_dict
import time:      9649 |       9649 |           langchain_classic.output_parsers.retry
import time:      4897 |       4897 |           langchain_classic.output_parsers.structured
import time:      4623 |       4623 |           langchain_classic.output_parsers.yaml
import time:     14714 |      89763 |         langchain_classic.output_parsers
import time:     16242 |   23222009 |       services.document_processor
import time:     17299 |   23246935 |     api.processing
import time:      8421 |       8421 |       services.reranker
import time:     14131 |      22552 |     api.search
import time:      7965 |       7965 |     api.stats
import time:      2587 |       2587 |           langfuse.api
import time:      2228 |       2228 |             langfuse.api.core
import time:      2743 |       4970 |           langfuse.api.core.serialization
import time:      2127 |       2127 |               langfuse.api.core.datetime_utils
import time:     11434 |      13560 |             langfuse.api.core.pydantic_utilities
import time:      2136 |       2136 |               langfuse.api.core.enum
import time:      3530 |       5665 |             langfuse.api.commons.types.observation_level
import time:      3936 |       3936 |             langfuse.api.commons.types.usage
import time:      6733 |      29893 |           langfuse.api.commons.types.observation
import time:      4418 |       4418 |           langfuse.api.commons.types.deprecation
import time:      2628 |       2628 |             langfuse.api.commons.types.score_source
import time:     22409 |      25036 |           langfuse.api.commons.types.score_v1
import time:      7510 |       7510 |           langfuse.api.commons.types.trace
import time:      1818 |       1818 |               langfuse.api.commons.types.dataset_item_media_reference_field
import time:      5314 |       5314 |               langfuse.api.commons.types.dataset_item_media_reference_media
import time:      4684 |      11815 |             langfuse.api.commons.types.dataset_item_media_reference
import time:      1386 |       1386 |             langfuse.api.commons.types.dataset_status
import time:      1909 |       1909 |             langfuse.logger
import time:     16703 |      16703 |             langfuse.types
import time:      9139 |      40951 |           langfuse.experiment
import time:     32847 |     148209 |         langfuse.batch_evaluation
import time:       544 |        544 |         langfuse._client
import time:      2401 |       2401 |               backoff._common
import time:      1853 |       1853 |               backoff._jitter
import time:      1842 |       1842 |               backoff._async
import time:      1963 |       1963 |               backoff._sync
import time:      2333 |       2333 |               backoff._typing
import time:      2996 |      13385 |             backoff._decorator
import time:      2776 |       2776 |             backoff._wait_gen
import time:      2222 |      18382 |           backoff
import time:      2089 |       2089 |                 opentelemetry.semconv.attributes.error_attributes
import time:      2668 |       4757 |               opentelemetry.sdk._shared_internal._processor_metrics
import time:      2475 |       7231 |             opentelemetry.sdk._shared_internal
import time:      1912 |       9143 |           opentelemetry.sdk.trace.export
import time:      2081 |       2081 |             langfuse._client.constants
import time:      2291 |       2291 |                       langfuse.api.prompts.types.chat_message_type
import time:      3577 |       5868 |                     langfuse.api.prompts.types.chat_message
import time:      2036 |       2036 |                       langfuse.api.prompts.types.placeholder_message_type
import time:      3951 |       5986 |                     langfuse.api.prompts.types.placeholder_message
import time:      1980 |      13833 |                   langfuse.api.prompts.types.chat_message_with_placeholders
import time:     40618 |      54450 |                 langfuse.model
import time:      2353 |      56803 |               langfuse._utils
import time:      4774 |       4774 |               langfuse.media
import time:      2775 |      64351 |             langfuse._utils.serializer
import time:      2614 |      69045 |           langfuse._client.attributes
import time:      1980 |       1980 |           langfuse._client.datasets
import time:      2449 |       2449 |           langfuse._client.environment_variables
import time:      2759 |       2759 |               opentelemetry.util.re
import time:      1713 |       4471 |             opentelemetry.baggage
import time:      1610 |       6081 |           langfuse._client.propagation
import time:       276 |        276 |                       opentelemetry.exporter
import time:       480 |        755 |                     opentelemetry.exporter.otlp
import time:       522 |       1276 |                   opentelemetry.exporter.otlp.proto
import time:      2473 |       2473 |                   opentelemetry.exporter.otlp.proto.http.version
import time:      1639 |       5387 |                 opentelemetry.exporter.otlp.proto.http
import time:      2026 |       2026 |                     opentelemetry.exporter.otlp.proto.common.version
import time:      1955 |       3980 |                   opentelemetry.exporter.otlp.proto.common
import time:       981 |        981 |                   opentelemetry.semconv.attributes.server_attributes
import time:      1932 |       6892 |                 opentelemetry.exporter.otlp.proto.common._exporter_metrics
import time:      1570 |       1570 |                             opentelemetry.proto
import time:      2250 |       3819 |                           opentelemetry.proto.common
import time:      2752 |       6571 |                         opentelemetry.proto.common.v1
import time:      2456 |       9027 |                       opentelemetry.proto.common.v1.common_pb2
import time:      1766 |       1766 |                           opentelemetry.proto.resource
import time:      1812 |       3577 |                         opentelemetry.proto.resource.v1
import time:      2581 |       6158 |                       opentelemetry.proto.resource.v1.resource_pb2
import time:      1791 |      16975 |                     opentelemetry.exporter.otlp.proto.common._internal
import time:      1784 |       1784 |                           opentelemetry.proto.collector
import time:      2575 |       4358 |                         opentelemetry.proto.collector.trace
import time:      1081 |       5439 |                       opentelemetry.proto.collector.trace.v1
import time:      1662 |       1662 |                         opentelemetry.proto.trace
import time:      2195 |       3857 |                       opentelemetry.proto.trace.v1
import time:      2020 |       2020 |                       opentelemetry.proto.trace.v1.trace_pb2
import time:      1291 |      12605 |                     opentelemetry.proto.collector.trace.v1.trace_service_pb2
import time:      2723 |      32302 |                   opentelemetry.exporter.otlp.proto.common._internal.trace_encoder
import time:      1256 |      33557 |                 opentelemetry.exporter.otlp.proto.common.trace_encoder
import time:      1477 |       1477 |                   opentelemetry.util._importlib_metadata
import time:      1518 |       2995 |                 opentelemetry.exporter.otlp.proto.http._common
import time:      1560 |       1560 |                 opentelemetry.semconv.attributes.http_attributes
import time:      2440 |      52829 |               opentelemetry.exporter.otlp.proto.http.trace_exporter
import time:       335 |        335 |                   langfuse._task_manager
import time:      1787 |       1787 |                       langfuse.api.core.file
import time:      1452 |       1452 |                       langfuse.api.core.force_multipart
import time:      1614 |       1614 |                       langfuse.api.core.jsonable_encoder
import time:      1553 |       1553 |                       langfuse.api.core.query_encoder
import time:      1311 |       1311 |                       langfuse.api.core.remove_none_from_dict
import time:      2187 |       2187 |                       langfuse.api.core.request_options
import time:      2714 |      12615 |                     langfuse.api.core.http_client
import time:      1850 |      14464 |                   langfuse.api.core.client_wrapper
import time:      1574 |       1574 |                   langfuse._task_manager.media_upload_queue
import time:      7674 |      24046 |                 langfuse._task_manager.media_manager
import time:      2024 |      26069 |               langfuse._client.span_exporter
import time:      2687 |       2687 |               langfuse._client.span_filter
import time:      3457 |       3457 |               langfuse._client.utils
import time:      3121 |       3121 |               langfuse._version
import time:      1494 |      89655 |             langfuse._client.span_processor
import time:      2998 |       2998 |             langfuse._task_manager.media_upload_consumer
import time:      1415 |       1415 |                 langfuse._utils.request
import time:     15741 |      17156 |               langfuse._utils.parse_error
import time:      4508 |      21663 |             langfuse._task_manager.score_ingestion_consumer
import time:      1073 |       1073 |             langfuse._utils.environment
import time:      1290 |       1290 |             langfuse._utils.prompt_cache
import time:      1793 |     118470 |           langfuse._client.resource_manager
import time:      3785 |       3785 |           langfuse._client.span
import time:      2400 |       2400 |           langfuse._utils.json_path
import time:      1649 |       1649 |           langfuse.api.prompts.types.create_chat_prompt_type
import time:      1387 |       1387 |           langfuse.api.prompts.types.create_text_prompt_type
import time:      5070 |       5070 |           langfuse.api.commons.types.dataset_run_item
import time:      1428 |       1428 |                 langfuse.api.utils
import time:      1831 |       3258 |               langfuse.api.utils.pagination
import time:      1811 |       5069 |             langfuse.api.utils.pagination.types
import time:      1881 |       6949 |           langfuse.api.utils.pagination.types.meta_response
import time:      1083 |       1083 |           langfuse.api.commons.types.create_score_value
import time:     37682 |     285550 |         langfuse._client.client
import time:      1666 |       1666 |         langfuse._client.get_client
import time:      2272 |       2272 |         langfuse._client.observe
import time:      1290 |       1290 |         langfuse.span_filter
import time:      2380 |     441908 |       langfuse
import time:     26915 |     468822 |     api.agent
import time:     19474 |      19474 |     api.evaluation
import time:      6563 |       6563 |       services.runtime_config
import time:     15187 |      21749 |     api.settings
import time:     12649 |      12649 |     api.audit
import time:      2916 |   23986747 |   api
import time:     15764 |   26983253 | app
import time:       623 |        623 | tabulate
