import time: self [us] | cumulative | imported package
import time:       373 |        373 | winreg
import time:       767 |        767 |   _io
import time:       139 |        139 |   marshal
import time:       890 |        890 |   nt
import time:      2546 |       4341 | _frozen_importlib_external
import time:      3435 |       3435 |   time
import time:       921 |       4355 | zipimport
import time:       105 |        105 |     _codecs
import time:      1117 |       1222 |   codecs
import time:      1345 |       1345 |   encodings.aliases
import time:      4311 |       6877 | encodings
import time:       540 |        540 | encodings.utf_8
import time:        92 |         92 |   _codecs_cn
import time:       102 |        102 |   _multibytecodec
import time:      1124 |       1316 | encodings.gbk
import time:       113 |        113 | _signal
import time:        59 |         59 |     _abc
import time:       335 |        393 |   abc
import time:       388 |        781 | io
import time:       204 |        204 |       _stat
import time:       347 |        550 |     stat
import time:      2886 |       2886 |     _collections_abc
import time:       265 |        265 |       genericpath
import time:       346 |        346 |       _winapi
import time:       931 |       1541 |     ntpath
import time:      1799 |       6774 |   os
import time:       161 |        161 |   _sitebuiltins
import time:        97 |         97 |   errno
import time:       564 |        564 |   encodings.utf_8_sig
import time:      1762 |       1762 |   _virtualenv
import time:       945 |        945 |   _distutils_hack
import time:       280 |        280 |   sitecustomize
import time:      6519 |      17100 | site
import time:       811 |        811 | linecache
import time:       270 |        270 |           itertools
import time:       628 |        628 |           keyword
import time:       133 |        133 |             _operator
import time:       828 |        961 |           operator
import time:       713 |        713 |           reprlib
import time:       137 |        137 |           _collections
import time:      1966 |       4672 |         collections
import time:       107 |        107 |         _functools
import time:      1527 |       6306 |       functools
import time:       819 |        819 |       types
import time:      3543 |      10668 |     enum
import time:      2888 |       2888 |     _uuid
import time:      2161 |      15716 |   uuid
import time:       220 |        220 |         posix
import time:       169 |        169 |         posix
import time:       221 |        609 |       posixpath
import time:       153 |        153 |           _sre
import time:       691 |        691 |             re._constants
import time:       893 |       1583 |           re._parser
import time:       438 |        438 |           re._casefix
import time:       978 |       3151 |         re._compiler
import time:       530 |        530 |         copyreg
import time:      1061 |       4741 |       re
import time:       497 |       5847 |     fnmatch
import time:       127 |        127 |     zlib
import time:       542 |        542 |       _compression
import time:      1124 |       1124 |       _bz2
import time:       597 |       2261 |     bz2
import time:      1373 |       1373 |       _lzma
import time:       754 |       2126 |     lzma
import time:      1296 |      11656 |   shutil
import time:      1406 |       1406 |         concurrent
import time:      2008 |       2008 |               textwrap
import time:       861 |        861 |               warnings
import time:      1263 |       1263 |               contextlib
import time:      1696 |       1696 |                 __future__
import time:      1822 |       3517 |               _colorize
import time:      2149 |       9796 |             traceback
import time:      1136 |       1136 |               _weakrefset
import time:      1870 |       3005 |             weakref
import time:       106 |        106 |               _string
import time:      1863 |       1968 |             string
import time:      1419 |       1419 |             threading
import time:        94 |         94 |             atexit
import time:      4347 |      20628 |           logging
import time:      1781 |      22408 |         concurrent.futures._base
import time:      1811 |      25624 |       concurrent.futures
import time:        92 |         92 |         _heapq
import time:      1170 |       1262 |       heapq
import time:      4277 |       4277 |         _socket
import time:       129 |        129 |           math
import time:      1327 |       1327 |           select
import time:      1372 |       2828 |         selectors
import time:      2781 |       9885 |       socket
import time:       167 |        167 |           _locale
import time:      1996 |       2163 |         locale
import time:      1224 |       1224 |         signal
import time:       371 |        371 |         fcntl
import time:       138 |        138 |         msvcrt
import time:      3051 |       6945 |       subprocess
import time:     10916 |      10916 |         _ssl
import time:       175 |        175 |             _struct
import time:       654 |        829 |           struct
import time:       121 |        121 |           binascii
import time:      1272 |       2221 |         base64
import time:      5004 |      18140 |       ssl
import time:      1483 |       1483 |       asyncio.constants
import time:       364 |        364 |             _ast
import time:      3769 |       4133 |           ast
import time:        85 |         85 |               _opcode
import time:       923 |        923 |               _opcode_metadata
import time:      1098 |       2105 |             opcode
import time:      2082 |       4187 |           dis
import time:       933 |        933 |             importlib
import time:       106 |       1038 |           importlib.machinery
import time:       677 |        677 |             token
import time:        61 |         61 |             _tokenize
import time:      1666 |       2404 |           tokenize
import time:        65 |         65 |             _typing
import time:      3344 |       3409 |           typing
import time:      3693 |      18861 |         inspect
import time:      1032 |      19892 |       asyncio.coroutines
import time:        98 |         98 |           _contextvars
import time:      1078 |       1175 |         contextvars
import time:      1290 |       1290 |         asyncio.format_helpers
import time:      1531 |       1531 |           asyncio.base_futures
import time:      1431 |       1431 |           asyncio.exceptions
import time:      1117 |       1117 |           asyncio.base_tasks
import time:      2049 |       6128 |         _asyncio
import time:      1760 |      10351 |       asyncio.events
import time:      1195 |       1195 |       asyncio.futures
import time:      1027 |       1027 |       asyncio.protocols
import time:      4822 |       4822 |         asyncio.transports
import time:      1336 |       1336 |         asyncio.log
import time:      2166 |       8323 |       asyncio.sslproto
import time:      1233 |       1233 |           asyncio.mixins
import time:      1858 |       3090 |         asyncio.locks
import time:      1860 |       1860 |           asyncio.queues
import time:      2127 |       2127 |           asyncio.timeouts
import time:      2050 |       6035 |         asyncio.tasks
import time:      1153 |      10278 |       asyncio.staggered
import time:      1400 |       1400 |       asyncio.trsock
import time:      3625 |     119424 |     asyncio.base_events
import time:      1672 |       1672 |     asyncio.runners
import time:      2089 |       2089 |     asyncio.streams
import time:      3115 |       3115 |     asyncio.subprocess
import time:      2767 |       2767 |     asyncio.taskgroups
import time:      1747 |       1747 |     asyncio.threads
import time:      3919 |       3919 |       _overlapped
import time:      1930 |       1930 |       asyncio.base_subprocess
import time:      4205 |       4205 |       asyncio.proactor_events
import time:      2948 |       2948 |       asyncio.selector_events
import time:      1927 |       1927 |       asyncio.windows_utils
import time:      2805 |      17732 |     asyncio.windows_events
import time:      2235 |     150779 |   asyncio
import time:      2227 |       2227 |       glob
import time:      2406 |       4633 |     pathlib._abc
import time:       524 |        524 |       pwd
import time:       304 |        304 |       grp
import time:      3544 |       4371 |     pathlib._local
import time:      1650 |      10654 |   pathlib
import time:       497 |        497 |     _datetime
import time:      1318 |       1814 |   datetime
import time:      3930 |       3930 |     starlette
import time:      3755 |       3755 |         http
import time:      4016 |       7771 |       starlette.exceptions
import time:      6784 |      14554 |     starlette.status
import time:      3936 |       3936 |         annotated_doc.main
import time:      2501 |       6436 |       annotated_doc
import time:      1524 |       1524 |         copy
import time:       597 |        597 |           email
import time:       619 |        619 |           quopri
import time:       618 |        618 |               urllib
import time:      3011 |       3011 |               ipaddress
import time:      1809 |       5437 |             urllib.parse
import time:       908 |        908 |             email._parseaddr
import time:      1158 |       7503 |           email.utils
import time:      1154 |       1154 |           email.errors
import time:       774 |        774 |               email.quoprimime
import time:       566 |        566 |               email.base64mime
import time:       309 |        309 |                 email.encoders
import time:       526 |        834 |               email.charset
import time:       826 |       2998 |             email.header
import time:       518 |       3516 |           email._policybase
import time:       466 |        466 |           email._encoded_words
import time:       293 |        293 |           email.iterators
import time:      1725 |      15869 |         email.message
import time:       102 |        102 |               _json
import time:       883 |        985 |             json.scanner
import time:      1171 |       2156 |           json.decoder
import time:      1006 |       1006 |           json.encoder
import time:       958 |       4119 |         json
import time:      1722 |       1722 |         dataclasses
import time:      1413 |       1413 |             anyio._core
import time:      1999 |       3412 |           anyio._core._contextmanagers
import time:      1188 |       1188 |             anyio._core._exceptions
import time:      1034 |       1034 |               sniffio._version
import time:       909 |        909 |               sniffio._impl
import time:      1027 |       2970 |             sniffio
import time:      1588 |       5745 |           anyio._core._eventloop
import time:       867 |        867 |             anyio.to_thread
import time:      1236 |       1236 |               anyio.abc._eventloop
import time:      1108 |       1108 |               anyio.abc._resources
import time:      1845 |       1845 |                 anyio._core._typedattr
import time:      2187 |       2187 |                   anyio.abc._tasks
import time:      2836 |       5022 |                 anyio.abc._streams
import time:      1952 |       8817 |               anyio.abc._sockets
import time:      1192 |       1192 |               anyio.abc._subprocesses
import time:      1353 |       1353 |               anyio.abc._testing
import time:      1847 |       1847 |                 anyio.lowlevel
import time:      1508 |       1508 |                 anyio._core._tasks
import time:       888 |        888 |                 anyio._core._testing
import time:      4869 |       9110 |               anyio._core._synchronization
import time:      3158 |       3158 |               anyio.from_thread
import time:      1201 |      27173 |             anyio.abc
import time:      1885 |      29924 |           anyio._core._fileio
import time:       924 |        924 |           anyio._core._resources
import time:       814 |        814 |           anyio._core._signals
import time:       809 |        809 |               anyio.streams
import time:      4252 |       5061 |             anyio.streams.stapled
import time:      3604 |       3604 |             anyio.streams.tls
import time:      3004 |      11668 |           anyio._core._sockets
import time:      3602 |       3602 |             anyio.streams.memory
import time:      1331 |       4932 |           anyio._core._streams
import time:      3039 |       3039 |           anyio._core._subprocesses
import time:        49 |         49 |                   _bisect
import time:       357 |        405 |                 bisect
import time:        36 |         36 |                 _random
import time:       758 |       1198 |               random
import time:       729 |       1926 |             tempfile
import time:      2101 |       4026 |           anyio._core._tempfile
import time:      1748 |      66229 |         anyio
import time:      3918 |       3918 |                       typing_extensions
import time:      1388 |       1388 |                       pydantic_core._pydantic_core
import time:      2298 |       2298 |                             numbers
import time:      2907 |       5204 |                           _decimal
import time:       959 |       6163 |                         decimal
import time:     12109 |      18272 |                       pydantic_core.core_schema
import time:      2563 |      26139 |                     pydantic_core
import time:      1062 |      27201 |                   pydantic.version
import time:       910 |      28110 |                 pydantic.warnings
import time:      1746 |      29856 |               pydantic._migration
import time:      1065 |       1065 |                   typing_inspection
import time:      1976 |       1976 |                   typing_inspection.typing_objects
import time:      1769 |       4809 |                 typing_inspection.introspection
import time:      1061 |       1061 |                 pydantic._internal
import time:      2753 |       2753 |                     pydantic._internal._namespace_utils
import time:      1928 |       4681 |                   pydantic._internal._typing_extra
import time:      1184 |       5864 |                 pydantic._internal._repr
import time:      1404 |      13136 |               pydantic.errors
import time:      2108 |      45100 |             pydantic
import time:       705 |        705 |                 pydantic._internal._internal_dataclass
import time:      1700 |       2404 |               pydantic.aliases
import time:      2789 |       2789 |               pydantic.config
import time:       978 |       6170 |             pydantic._internal._config
import time:      1054 |       1054 |               pydantic._internal._core_utils
import time:       784 |        784 |                 pydantic._internal._import_utils
import time:      2038 |       2822 |               pydantic._internal._utils
import time:      4562 |       8437 |             pydantic._internal._decorators
import time:      1096 |       1096 |                 pydantic._internal._forward_ref
import time:      1055 |       2151 |               pydantic._internal._generics
import time:       867 |        867 |               pydantic._internal._docs_extraction
import time:      1543 |       4560 |             pydantic._internal._fields
import time:      1486 |       1486 |                 pydantic.plugin
import time:      1087 |       2573 |               pydantic.plugin._schema_validator
import time:      1175 |       3747 |             pydantic._internal._mock_val_ser
import time:      1916 |       1916 |                 fractions
import time:      2095 |       2095 |                     sysconfig
import time:        57 |         57 |                     _sysconfig
import time:      1989 |       4141 |                   zoneinfo._tzpath
import time:       715 |        715 |                   zoneinfo._common
import time:      1043 |       1043 |                   _zoneinfo
import time:       817 |       6713 |                 zoneinfo
import time:       905 |        905 |                 pydantic.annotated_handlers
import time:      3683 |       3683 |                 pydantic.functional_validators
import time:       926 |        926 |                   pydantic._internal._core_metadata
import time:       837 |        837 |                   pydantic._internal._schema_generation_shared
import time:      5266 |       7029 |                 pydantic.json_schema
import time:      1135 |       1135 |                 pydantic._internal._discriminated_union
import time:       953 |        953 |                 pydantic._internal._known_annotated_metadata
import time:      1307 |       1307 |                 pydantic._internal._schema_gather
import time:      2351 |      25988 |               pydantic._internal._generate_schema
import time:       898 |        898 |               pydantic._internal._signature
import time:      1276 |      28161 |             pydantic._internal._model_construction
import time:      8049 |       8049 |               annotated_types
import time:      1139 |       1139 |               pydantic._internal._validators
import time:      7027 |       7027 |               pydantic.types
import time:      3157 |      19370 |             pydantic.fields
import time:       722 |        722 |                     importlib._abc
import time:       253 |        974 |                   importlib.util
import time:      1097 |       1097 |                     zipfile._path.glob
import time:      1296 |       2393 |                   zipfile._path
import time:      1740 |       5106 |                 zipfile
import time:      1298 |       1298 |                 importlib.metadata._meta
import time:      1331 |       1331 |                 importlib.metadata._collections
import time:      1013 |       1013 |                 importlib.metadata._functools
import time:       953 |        953 |                 importlib.metadata._itertools
import time:      1623 |       1623 |                       importlib.resources.abc
import time:      2402 |       4025 |                     importlib.resources._common
import time:      1190 |       1190 |                     importlib.resources._functional
import time:      1405 |       6619 |                   importlib.resources
import time:      1387 |       8006 |                 importlib.abc
import time:      2430 |      20135 |               importlib.metadata
import time:      1144 |      21278 |             pydantic.plugin._loader
import time:     39984 |     176804 |           fastapi.exceptions
import time:      1622 |       1622 |             fastapi.openapi
import time:      2353 |       2353 |                 fastapi.types
import time:      1503 |       1503 |                   shlex
import time:      1427 |       1427 |                   starlette.concurrency
import time:      1578 |       1578 |                   starlette.types
import time:      3953 |       8460 |                 starlette.datastructures
import time:      1666 |      12477 |               fastapi._compat.shared
import time:      1323 |       1323 |                 fastapi.openapi.constants
import time:      4958 |       6281 |               fastapi._compat.v2
import time:      1381 |      20138 |             fastapi._compat
import time:      1560 |       1560 |             fastapi.logger
import time:       355 |        355 |             email_validator
import time:    113479 |     137152 |           fastapi.openapi.models
import time:      1902 |       1902 |           fastapi.datastructures
import time:      5024 |     320881 |         fastapi.params
import time:      1519 |       1519 |           fastapi.dependencies
import time:      1385 |       1385 |                 fastapi.security.base
import time:      4109 |       4109 |                   http.cookies
import time:      2144 |       2144 |                   starlette._utils
import time:      1507 |       1507 |                           python_multipart.exceptions
import time:      1498 |       3005 |                         python_multipart.decoders
import time:      3027 |       6031 |                       python_multipart.multipart
import time:      1881 |       7911 |                     python_multipart
import time:      2651 |      10562 |                   starlette.formparsers
import time:      1947 |      18760 |                 starlette.requests
import time:      2111 |      22255 |               fastapi.security.api_key
import time:      1211 |       1211 |                 fastapi.security.utils
import time:      4033 |       5243 |               fastapi.security.http
import time:      3444 |       3444 |                 fastapi.param_functions
import time:      3371 |       6815 |               fastapi.security.oauth2
import time:      1557 |       1557 |               fastapi.security.open_id_connect_url
import time:      1609 |      37478 |             fastapi.security
import time:        77 |      37555 |           fastapi.security.base
import time:      4625 |      43698 |         fastapi.dependencies.models
import time:      1882 |       1882 |             starlette.background
import time:      1354 |       3236 |           fastapi.background
import time:      2215 |       2215 |           fastapi.concurrency
import time:      1573 |       1573 |           fastapi.utils
import time:      4499 |       4499 |               _hashlib
import time:       126 |        126 |               _blake2
import time:       886 |       5510 |             hashlib
import time:      1302 |       1302 |             mimetypes
import time:      1085 |       1085 |               hmac
import time:      1065 |       2150 |             secrets
import time:      1954 |      10915 |           starlette.responses
import time:      2795 |       2795 |           starlette.websockets
import time:      3590 |      24321 |         fastapi.dependencies.utils
import time:       848 |        848 |             colorsys
import time:      1673 |       2520 |           pydantic.color
import time:       255 |        255 |             pydantic_extra_types
import time:        37 |        292 |           pydantic_extra_types.color
import time:      1622 |       4433 |         fastapi.encoders
import time:      2848 |       2848 |         fastapi.sse
import time:      1133 |       1133 |           starlette._exception_handler
import time:      1594 |       1594 |           starlette.convertors
import time:      1912 |       1912 |           starlette.middleware
import time:      1893 |       1893 |           starlette.middleware.body_limit
import time:      3003 |       9532 |         starlette.routing
import time:      2195 |       2195 |         starlette.staticfiles
import time:     16576 |     513942 |       fastapi.routing
import time:      1662 |       1662 |         fastapi.websockets
import time:      1549 |       3210 |       fastapi.exception_handlers
import time:      1378 |       1378 |         fastapi.middleware
import time:      1839 |       3217 |       fastapi.middleware.asyncexitstack
import time:      1773 |       1773 |       fastapi.openapi.docs
import time:      7293 |       7293 |             email.feedparser
import time:       772 |       8065 |           email.parser
import time:      1947 |      10012 |         http.client
import time:      1517 |       1517 |           orjson.orjson
import time:      4045 |       5562 |         fastapi.responses
import time:      2965 |      18537 |       fastapi.openapi.utils
import time:      3151 |       3151 |             html.entities
import time:      1710 |       4860 |           html
import time:      1545 |       6405 |         starlette.middleware.errors
import time:      1574 |       1574 |         starlette.middleware.exceptions
import time:      1856 |       9833 |       starlette.applications
import time:      1639 |       1639 |       starlette.middleware.base
import time:      4756 |     563340 |     fastapi.applications
import time:      1495 |       1495 |     fastapi.requests
import time:      3633 |     586949 |   fastapi
import time:      1546 |       1546 |     starlette.middleware.cors
import time:      1553 |       3099 |   fastapi.middleware.cors
import time:      3551 |       3551 |         dotenv.parser
import time:      1824 |       1824 |         dotenv.variables
import time:      3073 |       8447 |       dotenv.main
import time:      1590 |      10037 |     dotenv
import time:      1694 |       1694 |       pydantic_settings.exceptions
import time:      2160 |       2160 |           gettext
import time:      3295 |       5454 |         argparse
import time:      1193 |       1193 |           pydantic._internal._dataclasses
import time:      1400 |       2592 |         pydantic.dataclasses
import time:      1076 |       1076 |             pydantic_settings.utils
import time:      1078 |       1078 |             pydantic_settings.sources.types
import time:      2809 |       2809 |             pydantic_settings.sources.utils
import time:      1756 |       6719 |           pydantic_settings.sources.base
import time:      1007 |       1007 |                 pydantic_settings.sources.providers.env
import time:      1129 |       2135 |               pydantic_settings.sources.providers.aws
import time:       929 |        929 |                 pydantic.alias_generators
import time:      1414 |       2343 |               pydantic_settings.sources.providers.azure
import time:      5418 |       5418 |               pydantic_settings.sources.providers.cli
import time:      1486 |       1486 |               pydantic_settings.sources.providers.dotenv
import time:      2058 |       2058 |               pydantic_settings.sources.providers.gcp
import time:      1616 |       1616 |               pydantic_settings.sources.providers.json
import time:      1303 |       1303 |                 pydantic_settings.sources.providers.toml
import time:      1343 |       2646 |               pydantic_settings.sources.providers.pyproject
import time:      1337 |       1337 |               pydantic_settings.sources.providers.secrets
import time:      1733 |       1733 |               pydantic_settings.sources.providers.yaml
import time:      1210 |      21979 |             pydantic_settings.sources.providers
import time:        54 |      22033 |           pydantic_settings.sources.providers.aws
import time:      1778 |       1778 |           pydantic_settings.sources.providers.nested_secrets
import time:      1407 |      31935 |         pydantic_settings.sources
import time:      3570 |      43551 |       pydantic_settings.main
import time:      1190 |       1190 |       pydantic_settings.version
import time:      1594 |      48026 |     pydantic_settings
import time:      1225 |       1225 |           _compat_pickle
import time:       227 |        227 |           _pickle
import time:      2712 |       4163 |         pickle
import time:      1850 |       1850 |           _queue
import time:      1546 |       3396 |         queue
import time:      2485 |      10043 |       logging.handlers
import time:      1026 |       1026 |             importlib.metadata._text
import time:      1231 |       2257 |           importlib.metadata._adapters
import time:      4173 |       6430 |         portalocker.__about__
import time:      1799 |       1799 |         portalocker.constants
import time:      2025 |       2025 |           portalocker.types
import time:      1694 |       3718 |         portalocker.exceptions
import time:      2634 |       2634 |         portalocker.portalocker
import time:      6050 |       6050 |         portalocker.utils
import time:       354 |        354 |             redis
import time:        70 |        423 |           redis.client
import time:      2049 |       2471 |         portalocker.redis
import time:      2049 |      25148 |       portalocker
import time:       266 |        266 |       grp
import time:      1590 |       1590 |       gzip
import time:      2287 |      39333 |     concurrent_log_handler
import time:     31533 |     128928 |   config
import time:      1253 |       1253 |     services
import time:      1451 |       1451 |               langchain_core._import_utils
import time:      1596 |       3047 |             langchain_core._api
import time:      1467 |       1467 |             langchain_core._api.internal
import time:      1095 |       1095 |             langchain_core.version
import time:      4408 |      10016 |           langchain_core
import time:      1170 |      11186 |         langchain_core.documents
import time:      1254 |       1254 |           langchain_core.runnables
import time:      1064 |       1064 |           concurrent.futures.thread
import time:      1195 |       1195 |             langchain_core.callbacks
import time:      3278 |       3278 |             langchain_core.callbacks.base
import time:      1353 |       1353 |               langchain_core.utils
import time:      3407 |       4760 |             langchain_core.callbacks.stdout
import time:      1291 |       1291 |             langchain_core.globals
import time:      1353 |       1353 |                   packaging
import time:      5538 |       6891 |                 packaging.version
import time:      2770 |       2770 |                     urllib3.exceptions
import time:      1611 |       1611 |                             urllib3.util.timeout
import time:      2743 |       4353 |                           urllib3.util.connection
import time:      1293 |       1293 |                             urllib3.util.util
import time:       361 |        361 |                             brotlicffi
import time:       244 |        244 |                             brotli
import time:       224 |        224 |                             backports
import time:      2850 |       4970 |                           urllib3.util.request
import time:      1619 |       1619 |                           urllib3.util.response
import time:      2350 |       2350 |                           urllib3.util.retry
import time:     11270 |      11270 |                             urllib3.util.url
import time:      1903 |       1903 |                             urllib3.util.ssltransport
import time:      1703 |      14876 |                           urllib3.util.ssl_
import time:      1462 |       1462 |                           urllib3.util.wait
import time:      1796 |      31423 |                         urllib3.util
import time:        73 |      31495 |                       urllib3.util.connection
import time:      2500 |      33995 |                     urllib3._base_connection
import time:      2380 |       2380 |                     urllib3._collections
import time:      1564 |       1564 |                     urllib3._version
import time:      1420 |       1420 |                           urllib3.fields
import time:      1575 |       2994 |                         urllib3.filepost
import time:       338 |        338 |                           brotlicffi
import time:       222 |        222 |                           brotli
import time:      1513 |       1513 |                             urllib3.http2
import time:      1651 |       1651 |                             urllib3.http2.probe
import time:      1352 |       1352 |                             urllib3.util.ssl_match_hostname
import time:      3872 |       8386 |                           urllib3.connection
import time:       643 |        643 |                           backports
import time:      2414 |      12001 |                         urllib3.response
import time:      1834 |      16829 |                       urllib3._request_methods
import time:      2195 |       2195 |                       urllib3.util.proxy
import time:      1997 |      21021 |                     urllib3.connectionpool
import time:      2361 |       2361 |                     urllib3.poolmanager
import time:      2183 |      66271 |                   urllib3
import time:      2472 |       2472 |                             charset_normalizer.constant
import time:      1652 |       1652 |                               unicodedata
import time:      1230 |       2881 |                             charset_normalizer.utils
import time:      1623 |       6975 |                           charset_normalizer.md
import time:      4578 |      11553 |                         charset_normalizer.cd
import time:      1133 |       1133 |                         charset_normalizer.models
import time:      1736 |      14421 |                       charset_normalizer.api
import time:       966 |        966 |                       charset_normalizer.legacy
import time:       677 |        677 |                       charset_normalizer.version
import time:       202 |        202 |                       simplejson
import time:       340 |        340 |                             urllib.response
import time:       366 |        705 |                           urllib.error
import time:       471 |        471 |                           nturl2path
import time:      1573 |       2748 |                         urllib.request
import time:      1630 |       1630 |                         calendar
import time:      2788 |       7164 |                       http.cookiejar
import time:      2140 |      25568 |                     requests.compat
import time:      1659 |      27227 |                   requests.exceptions
import time:       207 |        207 |                   chardet
import time:       808 |        808 |                         idna.idnadata
import time:       667 |        667 |                         idna.intranges
import time:      1575 |       3050 |                       idna.core
import time:       645 |        645 |                       idna.package_data
import time:      1093 |       4786 |                     idna
import time:      1007 |       5793 |                   requests.packages
import time:       978 |        978 |                         certifi.core
import time:       808 |       1786 |                       certifi
import time:       591 |       2377 |                     requests.certs
import time:       641 |        641 |                     requests.__version__
import time:       900 |        900 |                     requests._internal_utils
import time:       921 |        921 |                     requests._types
import time:      1066 |       1066 |                     requests.cookies
import time:       897 |        897 |                     requests.structures
import time:       783 |        783 |                     importlib.resources._adapters
import time:       512 |        512 |                         importlib.resources._itertools
import time:       734 |       1246 |                       importlib.resources.readers
import time:       542 |       1787 |                     importlib.readers
import time:      1260 |      10627 |                   requests.utils
import time:      1282 |       1282 |                         requests.auth
import time:       777 |        777 |                             stringprep
import time:       797 |       1573 |                           encodings.idna
import time:       744 |        744 |                           requests.hooks
import time:       900 |        900 |                           requests.status_codes
import time:      1168 |       4383 |                         requests.models
import time:       725 |        725 |                           urllib3.contrib
import time:       188 |        188 |                           socks
import time:       923 |       1835 |                         urllib3.contrib.socks
import time:      1103 |       8602 |                       requests.adapters
import time:      1149 |       9750 |                     requests.sessions
import time:       934 |      10683 |                   requests.api
import time:      1823 |     122629 |                 requests
import time:      1048 |       1048 |                   pydantic._internal._decorators_v1
import time:      1163 |       1163 |                           pydantic.v1.typing
import time:      2458 |       3621 |                         pydantic.v1.errors
import time:       211 |        211 |                             cython
import time:       823 |       1033 |                           pydantic.v1.version
import time:      1470 |       2502 |                         pydantic.v1.utils
import time:      1132 |       7255 |                       pydantic.v1.class_validators
import time:      1411 |       1411 |                       pydantic.v1.config
import time:      1048 |       1048 |                           pydantic.v1.color
import time:      1681 |       1681 |                               pydantic.v1.datetime_parse
import time:      1126 |       2806 |                             pydantic.v1.validators
import time:      5156 |       7961 |                           pydantic.v1.networks
import time:      4147 |       4147 |                           pydantic.v1.types
import time:      1061 |      14216 |                         pydantic.v1.json
import time:      1426 |      15642 |                       pydantic.v1.error_wrappers
import time:      2311 |       2311 |                       pydantic.v1.fields
import time:      1591 |       1591 |                         pydantic.v1.parse
import time:      2804 |       2804 |                         pydantic.v1.schema
import time:      2785 |       7178 |                       pydantic.v1.main
import time:      1561 |      35355 |                     pydantic.v1.dataclasses
import time:      1839 |       1839 |                     pydantic.v1.annotated_types
import time:      1569 |       1569 |                     pydantic.v1.decorator
import time:      2865 |       2865 |                     pydantic.v1.env_settings
import time:      1829 |       1829 |                     pydantic.v1.tools
import time:      1013 |      44467 |                   pydantic.v1
import time:      3127 |      48642 |                 langchain_core.utils.pydantic
import time:      1601 |     179760 |               langchain_core.utils.utils
import time:      1270 |     181030 |             langchain_core.messages
import time:      3072 |       3072 |                     langchain_core.load.serializable
import time:      1538 |       4609 |                   langchain_core.load._validation
import time:      1596 |       1596 |                   langchain_core.load.mapping
import time:      2779 |       8984 |                 langchain_core.load.load
import time:      1608 |      10591 |               langchain_core.load
import time:        50 |      10641 |             langchain_core.load.serializable
import time:      1525 |       1525 |             langchain_core.utils._merge
import time:      1319 |       1319 |             langchain_core.utils.interactive_env
import time:      1368 |       1368 |                 xml
import time:      1579 |       1579 |                   xml.sax.handler
import time:      1367 |       1367 |                   xml.sax._exceptions
import time:      2189 |       5134 |                 xml.sax.xmlreader
import time:      1403 |       7905 |               xml.sax
import time:      1394 |       9298 |             xml.sax.saxutils
import time:      1934 |       1934 |             langchain_core.exceptions
import time:      8585 |       8585 |               langchain_core.messages.tool
import time:      2506 |       2506 |               langchain_core.utils.json
import time:      1868 |       1868 |               langchain_core.utils.usage
import time:     16512 |      29470 |             langchain_core.messages.ai
import time:      2165 |       2165 |                 langchain_core.messages.block_translators.anthropic
import time:      1364 |       1364 |                 langchain_core.messages.block_translators.bedrock
import time:      1454 |       1454 |                 langchain_core.messages.block_translators.bedrock_converse
import time:      1860 |       1860 |                   filetype
import time:      1960 |       3819 |                 langchain_core.messages.block_translators.google_genai
import time:      1575 |       1575 |                 langchain_core.messages.block_translators.google_vertexai
import time:      1745 |       1745 |                 langchain_core.messages.block_translators.groq
import time:      2123 |       2123 |                       langchain_core.language_models._utils
import time:      1593 |       3716 |                     langchain_core.language_models
import time:        63 |       3779 |                   langchain_core.language_models._utils
import time:      1991 |       5770 |                 langchain_core.messages.block_translators.openai
import time:      1978 |      19867 |               langchain_core.messages.block_translators
import time:        50 |      19917 |             langchain_core.messages.block_translators.openai
import time:      4840 |       4840 |             langchain_core.messages.chat
import time:      6553 |       6553 |             langchain_core.messages.function
import time:      5307 |       5307 |             langchain_core.messages.human
import time:      3243 |       3243 |             langchain_core.messages.modifier
import time:      6163 |       6163 |             langchain_core.messages.system
import time:       178 |        178 |             langchain_text_splitters.TextSplitter
import time:      1801 |       1801 |             langchain_core.utils.env
import time:      1861 |       1861 |                   uuid_utils._uuid_utils
import time:      1563 |       3423 |                 uuid_utils
import time:      1547 |       4969 |               uuid_utils.compat
import time:      1369 |       6338 |             langchain_core.utils.uuid
import time:     17060 |     317133 |           langchain_core.callbacks.manager
import time:      4600 |       4600 |           langchain_core.runnables.utils
import time:      2195 |     326245 |         langchain_core.runnables.config
import time:      1518 |       1518 |             tiktoken._tiktoken
import time:      2420 |       3938 |           tiktoken.core
import time:      1688 |       1688 |               pkgutil
import time:       678 |        678 |               tiktoken_ext
import time:      1910 |       4274 |             tiktoken.registry
import time:      1522 |       5796 |           tiktoken.model
import time:      1798 |      11531 |         tiktoken
import time:      1488 |       1488 |               transformers.dependency_versions_table
import time:      4704 |       4704 |                           regex._regex
import time:     10268 |      14972 |                         regex._regex_core
import time:       172 |        172 |                         regex.DEFAULT_VERSION
import time:      3107 |      18251 |                       regex._main
import time:      1748 |      19998 |                     regex
import time:      1775 |       1775 |                     transformers.utils.doc
import time:      1507 |       1507 |                         numpy.version
import time:      1827 |       1827 |                         numpy._expired_attrs_2_0
import time:      1574 |       1574 |                             numpy._utils._conversions
import time:      1357 |       2931 |                           numpy._utils
import time:      1789 |       4720 |                         numpy._globals
import time:       879 |        879 |                           numpy._distributor_init_local
import time:      1390 |       2269 |                         numpy._distributor_init
import time:      1985 |       1985 |                                   numpy.exceptions
import time:      1102 |       1102 |                                   numpy._core._exceptions
import time:       803 |        803 |                                   numpy._core.printoptions
import time:      1028 |       1028 |                                   numpy.dtypes
import time:      8178 |      13094 |                                 numpy._core._multiarray_umath
import time:       944 |        944 |                                   numpy._utils._inspect
import time:      1081 |       2024 |                                 numpy._core.overrides
import time:      4229 |      19347 |                               numpy._core.multiarray
import time:      1864 |       1864 |                               numpy._core.umath
import time:       793 |        793 |                                 numpy._core._string_helpers
import time:      1058 |       1058 |                                 numpy._core._type_aliases
import time:      1518 |       3369 |                               numpy._core.numerictypes
import time:      1277 |       1277 |                                       numpy._core._methods
import time:      2064 |       3341 |                                     numpy._core.fromnumeric
import time:      1356 |       4697 |                                   numpy._core.shape_base
import time:      1304 |       1304 |                                   numpy._core._ufunc_config
import time:      2074 |       2074 |                                   numpy._core._asarray
import time:      2655 |       2655 |                                   numpy._core.arrayprint
import time:      1943 |      12671 |                                 numpy._core.numeric
import time:      1328 |      13999 |                               numpy._core.einsumfunc
import time:      1756 |       1756 |                               numpy._core.function_base
import time:      1762 |       1762 |                               numpy._core.getlimits
import time:      2014 |       2014 |                               numpy._core.memmap
import time:      2022 |       2022 |                               numpy._core.records
import time:     10146 |      10146 |                               numpy._core._add_newdocs
import time:      1994 |       1994 |                               numpy._core._add_newdocs_scalars
import time:      1104 |       1104 |                               numpy._core._dtype
import time:      1051 |       1051 |                               numpy._core._dtype_ctypes
import time:      7045 |       7045 |                                   _ctypes
import time:      1490 |       1490 |                                   ctypes._endian
import time:      1911 |      10444 |                                 ctypes
import time:      1811 |      12255 |                               numpy._core._internal
import time:       996 |        996 |                               numpy._pytesttester
import time:      2995 |      76667 |                             numpy._core
import time:        61 |      76728 |                           numpy._core._multiarray_umath
import time:      2328 |      79056 |                         numpy.__config__
import time:      1565 |       1565 |                                           numpy._typing._nbit_base
import time:      1665 |       1665 |                                           numpy._typing._nested_sequence
import time:      1205 |       1205 |                                           numpy._typing._shape
import time:      4736 |       9170 |                                         numpy._typing._array_like
import time:      1798 |       1798 |                                         numpy._typing._char_codes
import time:      3589 |       3589 |                                         numpy._typing._dtype_like
import time:      1530 |       1530 |                                         numpy._typing._nbit
import time:       985 |        985 |                                         numpy._typing._scalars
import time:       914 |        914 |                                         numpy._typing._ufunc
import time:      1210 |      19194 |                                       numpy._typing
import time:       690 |        690 |                                           numpy.lib._array_utils_impl
import time:      1005 |       1695 |                                         numpy.lib._stride_tricks_impl
import time:      1115 |       2810 |                                       numpy.lib._twodim_base_impl
import time:       683 |        683 |                                       numpy.lib.array_utils
import time:       792 |        792 |                                       numpy.linalg._umath_linalg
import time:      2529 |      26006 |                                     numpy.linalg._linalg
import time:      1024 |      27030 |                                   numpy.linalg
import time:      1347 |      28377 |                                 numpy.matrixlib.defmatrix
import time:       920 |      29296 |                               numpy.matrixlib
import time:      1066 |       1066 |                                 numpy.lib._histograms_impl
import time:      1661 |       2726 |                               numpy.lib._function_base_impl
import time:      1285 |      33306 |                             numpy.lib._index_tricks_impl
import time:      1251 |      34556 |                           numpy.lib._arraypad_impl
import time:      2151 |       2151 |                           numpy.lib._arraysetops_impl
import time:      1017 |       1017 |                           numpy.lib._arrayterator_impl
import time:      1455 |       1455 |                           numpy.lib._nanfunctions_impl
import time:      1643 |       1643 |                                     _wmi
import time:      1334 |       2977 |                                   platform
import time:       843 |       3820 |                                 numpy.lib._utils_impl
import time:      1029 |       4849 |                               numpy.lib._format_impl
import time:       728 |       5576 |                             numpy.lib.format
import time:       913 |        913 |                             numpy.lib._datasource
import time:      1167 |       1167 |                             numpy.lib._iotools
import time:      1686 |       9341 |                           numpy.lib._npyio_impl
import time:      1114 |       1114 |                               numpy.lib._ufunclike_impl
import time:      1370 |       2484 |                             numpy.lib._type_check_impl
import time:      1426 |       3909 |                           numpy.lib._polynomial_impl
import time:      1958 |       1958 |                           numpy.lib._shape_base_impl
import time:      1170 |       1170 |                           numpy.lib._version
import time:       779 |        779 |                           numpy.lib.introspect
import time:       784 |        784 |                           numpy.lib.mixins
import time:       683 |        683 |                           numpy.lib.npyio
import time:       831 |        831 |                             numpy.lib._scimath_impl
import time:       769 |       1599 |                           numpy.lib.scimath
import time:       680 |        680 |                           numpy.lib.stride_tricks
import time:      1430 |      61508 |                         numpy.lib
import time:       701 |        701 |                         numpy._array_api_info
import time:      3500 |     155084 |                       numpy
import time:      2270 |       2270 |                           huggingface_hub
import time:      2093 |       2093 |                               httpx.__version__
import time:      1506 |       1506 |                                     httpx._exceptions
import time:      2122 |       2122 |                                           httpx._types
import time:      1123 |       1123 |                                           httpx._utils
import time:      1285 |       4529 |                                         httpx._multipart
import time:       884 |       5412 |                                       httpx._content
import time:       326 |        326 |                                         brotli
import time:       167 |        167 |                                         brotlicffi
import time:      1489 |       1489 |                                           zstandard.backend_c
import time:      1553 |       3041 |                                         zstandard
import time:      1410 |       4943 |                                       httpx._decoders
import time:      1695 |       1695 |                                       httpx._status_codes
import time:      2169 |       2169 |                                         httpx._urlparse
import time:      1081 |       3250 |                                       httpx._urls
import time:      1507 |      16805 |                                     httpx._models
import time:      1398 |      19708 |                                   httpx._auth
import time:       964 |        964 |                                   httpx._config
import time:       852 |        852 |                                         httpx._transports.base
import time:      1165 |       2017 |                                       httpx._transports.asgi
import time:      1175 |       1175 |                                       httpx._transports.default
import time:      1015 |       1015 |                                       httpx._transports.mock
import time:      1009 |       1009 |                                       httpx._transports.wsgi
import time:       951 |       6165 |                                     httpx._transports
import time:        59 |       6223 |                                   httpx._transports.base
import time:      1975 |      28869 |                                 httpx._client
import time:       972 |      29840 |                               httpx._api
import time:      1178 |       1178 |                                           ctypes.wintypes
import time:      2326 |       3503 |                                         click._winconsole
import time:      1265 |       4767 |                                       click._compat
import time:       898 |        898 |                                         click.globals
import time:      1031 |       1031 |                                         click.utils
import time:      1260 |       3188 |                                       click.exceptions
import time:      2701 |      10656 |                                     click.types
import time:      1156 |       1156 |                                     click._utils
import time:      1289 |       1289 |                                       click.parser
import time:       965 |       2254 |                                     click.formatting
import time:       937 |        937 |                                     click.termui
import time:      2237 |      17237 |                                   click.core
import time:       954 |        954 |                                   click.decorators
import time:      1191 |      19382 |                                 click
import time:      1003 |       1003 |                                   pygments
import time:      2160 |       2160 |                                   pygments.lexers._mapping
import time:      1280 |       1280 |                                   pygments.modeline
import time:       907 |        907 |                                   pygments.plugin
import time:      1685 |       1685 |                                   pygments.util
import time:      1232 |       8264 |                                 pygments.lexers
import time:      1052 |       1052 |                                     rich._extension
import time:      1152 |       2204 |                                   rich
import time:      1013 |       1013 |                                   rich._null_file
import time:       928 |        928 |                                   rich.errors
import time:      1193 |       1193 |                                               rich.color_triplet
import time:       804 |       1997 |                                             rich.palette
import time:       808 |       2804 |                                           rich._palettes
import time:      1079 |       1079 |                                           rich.repr
import time:       847 |        847 |                                           rich.terminal_theme
import time:      1954 |       6683 |                                         rich.color
import time:      1325 |       8008 |                                       rich.style
import time:      1150 |       9157 |                                     rich.default_styles
import time:       856 |        856 |                                     rich.theme
import time:       824 |      10837 |                                   rich.themes
import time:       893 |        893 |                                   rich._emoji_replace
import time:       719 |        719 |                                   rich._export_format
import time:       650 |        650 |                                   rich._fileno
import time:       771 |        771 |                                       rich._loop
import time:       676 |        676 |                                       rich._pick
import time:      1042 |       1042 |                                             rich._unicode_data._versions
import time:       916 |       1958 |                                           rich._unicode_data
import time:      1338 |       3295 |                                         rich.cells
import time:      1032 |       4326 |                                       rich._wrap
import time:      2021 |       2021 |                                             rich.segment
import time:      1038 |       3059 |                                           rich.jupyter
import time:       900 |        900 |                                             rich.protocol
import time:      1556 |       2456 |                                           rich.measure
import time:      1074 |       6588 |                                         rich.constrain
import time:      1290 |       7878 |                                       rich.align
import time:      1495 |       1495 |                                       rich.containers
import time:      1191 |       1191 |                                       rich.control
import time:      1647 |       1647 |                                       rich.emoji
import time:      2191 |      20172 |                                     rich.text
import time:      1057 |      21228 |                                   rich._log_render
import time:      1614 |       1614 |                                   rich.highlighter
import time:      2952 |       2952 |                                   rich.markup
import time:      1828 |       1828 |                                   rich.pager
import time:      1337 |       1337 |                                   rich.region
import time:      1183 |       1183 |                                   rich.screen
import time:      1143 |       1143 |                                   rich.styled
import time:      5736 |      54260 |                                 rich.console
import time:       152 |        152 |                                   mmap
import time:      1378 |       1378 |                                   rich.filesize
import time:      2038 |       2038 |                                       rich.ansi
import time:      1429 |       3466 |                                     rich.file_proxy
import time:      1304 |       1304 |                                     rich.live_render
import time:      2111 |       6881 |                                   rich.live
import time:      1346 |       1346 |                                   rich.progress_bar
import time:      1439 |       1439 |                                     rich._spinners
import time:      1432 |       1432 |                                       rich.box
import time:      1102 |       1102 |                                       rich._ratio
import time:      1248 |       1248 |                                       rich.padding
import time:      3756 |       7537 |                                     rich.table
import time:      1185 |      10160 |                                   rich.spinner
import time:      3107 |      23021 |                                 rich.progress
import time:       786 |        786 |                                     pygments.filter
import time:       918 |        918 |                                       pygments.token
import time:      1242 |       2159 |                                     pygments.filters
import time:       806 |        806 |                                     pygments.regexopt
import time:      1234 |       4984 |                                   pygments.lexer
import time:       888 |        888 |                                   pygments.style
import time:      1487 |       1487 |                                     pygments.styles._mapping
import time:       741 |       2227 |                                   pygments.styles
import time:      1740 |       9838 |                                 rich.syntax
import time:      1460 |     116221 |                               httpx._main
import time:      4229 |     152383 |                             httpx
import time:      2483 |     154866 |                           huggingface_hub.errors
import time:      1030 |       1030 |                                 tqdm._monitor
import time:       824 |        824 |                                 tqdm._tqdm_pandas
import time:      2547 |       2547 |                                             colorama.ansi
import time:      1716 |       1716 |                                               colorama.win32
import time:      2029 |       3745 |                                             colorama.winterm
import time:      1972 |       8263 |                                           colorama.ansitowin32
import time:      1906 |      10168 |                                         colorama.initialise
import time:      1491 |      11659 |                                       colorama
import time:       365 |        365 |                                       envwrap
import time:      1662 |      13684 |                                     tqdm.utils
import time:      5706 |      19390 |                                   tqdm.std
import time:      3755 |       3755 |                                   tqdm.version
import time:      1352 |      24496 |                                 tqdm.cli
import time:      1050 |       1050 |                                 tqdm.gui
import time:      1212 |      28610 |                               tqdm
import time:      1181 |       1181 |                               tqdm.autonotebook
import time:       878 |        878 |                               tqdm.asyncio
import time:      1234 |      31901 |                             tqdm.auto
import time:      1462 |       1462 |                             huggingface_hub.constants
import time:      1688 |      35050 |                           huggingface_hub.utils.tqdm
import time:      2281 |       2281 |                             configparser
import time:      1544 |       1544 |                                 yaml.error
import time:      1445 |       1445 |                                 yaml.tokens
import time:      1272 |       1272 |                                 yaml.events
import time:      1095 |       1095 |                                 yaml.nodes
import time:      6768 |       6768 |                                   yaml.reader
import time:      1925 |       1925 |                                   yaml.scanner
import time:      1786 |       1786 |                                   yaml.parser
import time:      1413 |       1413 |                                   yaml.composer
import time:      5059 |       5059 |                                   yaml.constructor
import time:      4039 |       4039 |                                   yaml.resolver
import time:      2585 |      23572 |                                 yaml.loader
import time:      1726 |       1726 |                                   yaml.emitter
import time:      1461 |       1461 |                                   yaml.serializer
import time:      1631 |       1631 |                                   yaml.representer
import time:      1822 |       6639 |                                 yaml.dumper
import time:      2141 |       2141 |                                   yaml._yaml
import time:      1956 |       4096 |                                 yaml.cyaml
import time:      1931 |      41591 |                               yaml
import time:      1299 |       1299 |                                   filelock._error
import time:      1243 |       1243 |                                   filelock._util
import time:      6814 |       9355 |                                 filelock._api
import time:      1552 |       1552 |                                   filelock._windows
import time:      1626 |       3178 |                                 filelock._descriptor
import time:      1966 |       1966 |                                   filelock._identity
import time:       955 |        955 |                                       filelock._soft_protocol
import time:      1291 |       2245 |                                     filelock._soft
import time:      1880 |       4124 |                                   filelock._marker
import time:      3471 |       9560 |                                 filelock._lease
import time:      3557 |       3557 |                                       _sqlite3
import time:      1558 |       5115 |                                     sqlite3.dbapi2
import time:      1588 |       6702 |                                   sqlite3
import time:      3187 |       3187 |                                   filelock._async
import time:      2230 |       2230 |                                   filelock._read_write
import time:      1621 |      13739 |                                 filelock._async_read_write
import time:      6933 |       6933 |                                     filelock._soft_rw._sync
import time:      1904 |       8836 |                                   filelock._soft_rw._async
import time:      1454 |      10290 |                                 filelock._soft_rw
import time:     12096 |      12096 |                                 filelock._strict
import time:      2079 |       2079 |                                 filelock._unix
import time:      3899 |       3899 |                                 filelock.asyncio
import time:      1296 |       1296 |                                 filelock.version
import time:      2127 |      67614 |                               filelock
import time:      1140 |       1140 |                               huggingface_hub.utils.logging
import time:      1220 |     111563 |                             huggingface_hub.utils._fixes
import time:       967 |        967 |                                 huggingface_hub.utils._lfs
import time:      1031 |       1031 |                                 huggingface_hub.utils._typing
import time:      4222 |       6220 |                               huggingface_hub.utils._http
import time:      1194 |       7414 |                             huggingface_hub.utils._oauth_device
import time:     27016 |      27016 |                             huggingface_hub.utils._runtime
import time:      1580 |     149852 |                           huggingface_hub.utils._auth
import time:      1507 |       1507 |                           huggingface_hub.utils._cache_assets
import time:      1830 |       1830 |                             huggingface_hub.utils._parsing
import time:      1658 |       1658 |                               huggingface_hub.utils._detect_agent
import time:      2126 |       3784 |                             huggingface_hub.utils._terminal
import time:      9333 |      14945 |                           huggingface_hub.utils._cache_manager
import time:      1589 |       1589 |                           huggingface_hub.utils._chunk_utils
import time:      1609 |       1609 |                           huggingface_hub.utils._datetime
import time:      1048 |       1048 |                           huggingface_hub.utils._experimental
import time:      1356 |       1356 |                             huggingface_hub.utils._subprocess
import time:      1493 |       2848 |                           huggingface_hub.utils._git_credential
import time:      1589 |       1589 |                             huggingface_hub.utils._validators
import time:      1453 |       3041 |                           huggingface_hub.utils._headers
import time:      4524 |       4524 |                           huggingface_hub.utils._hf_uris
import time:      1742 |       1742 |                           huggingface_hub.utils._pagination
import time:      1734 |       1734 |                           huggingface_hub.utils._paths
import time:      3806 |       3806 |                           huggingface_hub.utils._safetensors
import time:      1404 |       1404 |                           huggingface_hub.utils._telemetry
import time:      2692 |       2692 |                           huggingface_hub.utils._xet
import time:      1717 |     386238 |                         huggingface_hub.utils
import time:      1478 |       1478 |                         transformers._typing
import time:      1126 |     388842 |                       transformers.utils.logging
import time:       140 |        140 |                           _csv
import time:      1764 |       1904 |                         csv
import time:    781943 |     783846 |                       transformers.utils.import_utils
import time:      4571 |    1332341 |                     transformers.utils.generic
import time:      6917 |    1361030 |                   transformers.utils.auto_docstring
import time:      1063 |       1063 |                       jinja2.bccache
import time:      1485 |       1485 |                           markupsafe._speedups
import time:      1504 |       2989 |                         markupsafe
import time:      2522 |       2522 |                           jinja2.utils
import time:      2545 |       5066 |                         jinja2.nodes
import time:      1552 |       1552 |                           jinja2.exceptions
import time:      1268 |       1268 |                             jinja2.visitor
import time:      1739 |       3006 |                           jinja2.idtracking
import time:      1175 |       1175 |                           jinja2.optimizer
import time:      2610 |       8342 |                         jinja2.compiler
import time:      1207 |       1207 |                             jinja2.async_utils
import time:      2520 |       2520 |                             jinja2.runtime
import time:      2404 |       6131 |                           jinja2.filters
import time:      1095 |       1095 |                           jinja2.tests
import time:      1162 |       8387 |                         jinja2.defaults
import time:      1796 |       1796 |                           jinja2._identifier
import time:      2632 |       4428 |                         jinja2.lexer
import time:      1298 |       1298 |                         jinja2.parser
import time:      2287 |      32794 |                       jinja2.environment
import time:      1282 |       1282 |                       jinja2.loaders
import time:       988 |      36125 |                     jinja2
import time:       802 |        802 |                       pprint
import time:      1377 |       2179 |                     jinja2.ext
import time:       735 |        735 |                     jinja2.meta
import time:       971 |        971 |                     jinja2.sandbox
import time:      1154 |       1154 |                         PIL._version
import time:      1063 |       2216 |                       PIL
import time:      4280 |       4280 |                       PIL.ExifTags
import time:      1182 |       1182 |                       PIL.ImageMode
import time:      1363 |       1363 |                       PIL.TiffTags
import time:       832 |        832 |                       PIL._binary
import time:       718 |        718 |                       PIL._deprecate
import time:       698 |        698 |                       PIL._util
import time:       201 |        201 |                       defusedxml
import time:      1379 |       1379 |                       PIL._imaging
import time:      2727 |      15593 |                     PIL.Image
import time:      2285 |      57885 |                   transformers.utils.chat_template_utils
import time:       800 |        800 |                   transformers.utils.constants
import time:      3304 |       3304 |                     huggingface_hub._local_folder
import time:      1044 |       1044 |                     huggingface_hub._revision
import time:      1877 |       1877 |                     huggingface_hub._tree_cache
import time:       895 |        895 |                       huggingface_hub.utils.insecure_hashlib
import time:      1024 |       1918 |                     huggingface_hub.utils.sha
import time:      1256 |       1256 |                         httpcore._models
import time:       771 |        771 |                                 httpcore._backends
import time:      1214 |       1214 |                                 httpcore._exceptions
import time:       975 |        975 |                                 httpcore._utils
import time:      1119 |       1119 |                                 httpcore._backends.base
import time:      2568 |       6645 |                               httpcore._backends.sync
import time:       843 |        843 |                               httpcore._ssl
import time:       268 |        268 |                                 trio
import time:      1249 |       1517 |                               httpcore._synchronization
import time:      1033 |       1033 |                               httpcore._trace
import time:      1022 |       1022 |                                       h11._abnf
import time:      1214 |       1214 |                                         h11._util
import time:      1678 |       2892 |                                       h11._headers
import time:      4853 |       8766 |                                     h11._events
import time:       883 |        883 |                                       h11._receivebuffer
import time:      1186 |       1186 |                                       h11._state
import time:      1971 |       4038 |                                     h11._readers
import time:      1114 |       1114 |                                     h11._writers
import time:      1831 |      15749 |                                   h11._connection
import time:      1144 |       1144 |                                   h11._version
import time:      1207 |      18099 |                                 h11
import time:       999 |        999 |                                 httpcore._sync.interfaces
import time:      1419 |      20516 |                               httpcore._sync.http11
import time:      1788 |      32341 |                             httpcore._sync.connection
import time:      1925 |       1925 |                             httpcore._sync.connection_pool
import time:      1395 |       1395 |                             httpcore._sync.http_proxy
import time:       289 |        289 |                                 h2
import time:        54 |        342 |                               h2.config
import time:      1307 |       1649 |                             httpcore._sync.http2
import time:       252 |        252 |                               socksio
import time:      1141 |       1392 |                             httpcore._sync.socks_proxy
import time:      1105 |      39803 |                           httpcore._sync
import time:        40 |      39843 |                         httpcore._sync.connection_pool
import time:      1040 |      42137 |                       httpcore._api
import time:       948 |        948 |                           httpcore._backends.auto
import time:      1055 |       1055 |                             httpcore._async.interfaces
import time:      1348 |       2403 |                           httpcore._async.http11
import time:      1378 |       4729 |                         httpcore._async.connection
import time:      1886 |       1886 |                         httpcore._async.connection_pool
import time:      1851 |       1851 |                         httpcore._async.http_proxy
import time:       576 |        576 |                             h2
import time:        58 |        633 |                           h2.config
import time:      1260 |       1892 |                         httpcore._async.http2
import time:       278 |        278 |                           socksio
import time:      1196 |       1474 |                         httpcore._async.socks_proxy
import time:      1158 |      12988 |                       httpcore._async
import time:      1477 |       1477 |                       httpcore._backends.mock
import time:      1471 |       1471 |                       httpcore._backends.anyio
import time:       341 |        341 |                         trio
import time:      1403 |       1743 |                       httpcore._backends.trio
import time:      1182 |      60997 |                     httpcore
import time:      9786 |       9786 |                     huggingface_hub._buckets
import time:      2414 |       2414 |                       huggingface_hub.lfs
import time:      6486 |       8899 |                     huggingface_hub._commit_api
import time:      4996 |       4996 |                     huggingface_hub._dataset_viewer
import time:      3042 |       3042 |                     huggingface_hub._eval_results
import time:      3749 |       3749 |                     huggingface_hub._inference_endpoints
import time:      8056 |       8056 |                       huggingface_hub._space_api
import time:     16788 |      24844 |                     huggingface_hub._jobs_api
import time:      2535 |       2535 |                     huggingface_hub._upload_large_folder
import time:      2265 |       2265 |                     huggingface_hub._upload_pipeline
import time:      6649 |       6649 |                     huggingface_hub.community
import time:      4280 |       4280 |                     huggingface_hub.repocard_data
import time:      1735 |       1735 |                     huggingface_hub.utils._deprecation
import time:      3360 |       3360 |                     huggingface_hub.utils._verification
import time:      1477 |       1477 |                     huggingface_hub.utils.endpoint_helpers
import time:       872 |        872 |                     huggingface_hub.utils._xet_progress_reporting
import time:     32295 |     179914 |                   transformers.utils.hub
import time:       775 |        775 |                   transformers.utils.kernel_config
import time:       666 |        666 |                   transformers.utils.peft_utils
import time:      1803 |    1602870 |                 transformers.utils
import time:       699 |    1603569 |               transformers.utils.versions
import time:     13345 |    1618400 |             transformers.dependency_versions_check
import time:      1135 |       1135 |             transformers.utils.dummy_sentencepiece_and_tokenizers_objects
import time:      1313 |       1313 |             transformers.utils.dummy_mistral_common_objects
import time:       676 |        676 |             transformers.utils.dummy_torchvision_objects
import time:   1576017 |    3197541 |           transformers
import time:      2050 |       2050 |             filecmp
import time:      2254 |       4303 |           transformers.dynamic_module_utils
import time:      1663 |       1663 |               transformers.utils.chat_parsing.content_parsers
import time:      3902 |       3902 |               transformers.utils.chat_parsing.response_templates
import time:      2343 |       7906 |             transformers.utils.chat_parsing.response_parser
import time:      1944 |       9850 |           transformers.utils.chat_parsing
import time:      3426 |       3426 |             tokenizers.tokenizers
import time:      1420 |       1420 |                 tokenizers.decoders
import time:      1367 |       1367 |                 tokenizers.models
import time:      1295 |       1295 |                 tokenizers.normalizers
import time:      2219 |       2219 |                 tokenizers.pre_tokenizers
import time:      1397 |       1397 |                 tokenizers.processors
import time:      2441 |      10135 |               tokenizers.implementations.base_tokenizer
import time:      1724 |       1724 |               tokenizers.implementations.bert_wordpiece
import time:      1604 |       1604 |               tokenizers.implementations.byte_level_bpe
import time:      1533 |       1533 |               tokenizers.implementations.char_level_bpe
import time:      1383 |       1383 |               tokenizers.implementations.sentencepiece_bpe
import time:      1884 |       1884 |               tokenizers.implementations.sentencepiece_unigram
import time:      1625 |      19884 |             tokenizers.implementations
import time:      2415 |      25724 |           tokenizers
import time:      4579 |    3241995 |         transformers.tokenization_utils_base
import time:     12128 |    3603082 |       langchain_text_splitters.base
import time:      2338 |       2338 |       langchain_text_splitters.character
import time:       361 |        361 |         nltk
import time:       246 |        246 |         bs4
import time:       245 |        245 |         lxml
import time:      2300 |       3151 |       langchain_text_splitters.html
import time:      1710 |       1710 |       langchain_text_splitters.json
import time:      1499 |       1499 |       langchain_text_splitters.jsx
import time:       385 |        385 |         konlpy
import time:      1316 |       1701 |       langchain_text_splitters.konlpy
import time:      1242 |       1242 |       langchain_text_splitters.latex
import time:      1674 |       1674 |       langchain_text_splitters.markdown
import time:       408 |        408 |         nltk
import time:      1409 |       1817 |       langchain_text_splitters.nltk
import time:      1274 |       1274 |       langchain_text_splitters.python
import time:      1718 |       1718 |                 huggingface_hub.dataclasses
import time:      1642 |       1642 |                   transformers.generation
import time:      3438 |       3438 |                       torch._utils
import time:      1333 |       1333 |                           torch._strobelight
import time:       116 |        116 |                               gc
import time:      1078 |       1193 |                             timeit
import time:      1966 |       3159 |                           torch._strobelight.cli_function_profiler
import time:      1751 |       6241 |                         torch._strobelight.compile_time_profiler
import time:      1596 |       7837 |                       torch._utils_internal
import time:      1102 |       1102 |                             torch._vendor
import time:      1100 |       2202 |                           torch._vendor.packaging
import time:       925 |        925 |                           torch._vendor.packaging._structures
import time:      3710 |       6836 |                         torch._vendor.packaging.version
import time:      1240 |       1240 |                         torch.version
import time:      1194 |       9270 |                       torch.torch_version
import time:       194 |        194 |                       torch._rocm_init
import time:      2003 |       2003 |                         torch._opaque_base
import time:     65031 |      67033 |                       torch._C
import time:      4479 |       4479 |                         torch.overrides
import time:      3678 |       8156 |                       torch._tensor
import time:      2958 |       2958 |                         torch.types
import time:      3355 |       6313 |                       torch.storage
import time:      1891 |       1891 |                         torch.amp.autocast_mode
import time:      1920 |       1920 |                         torch.amp.grad_scaler
import time:      1593 |       5403 |                       torch.amp
import time:      1539 |       1539 |                       torch.random
import time:      2653 |       2653 |                         difflib
import time:       405 |        405 |                           pwd
import time:       310 |        310 |                           grp
import time:      3700 |       4414 |                         tarfile
import time:      2454 |       2454 |                         torch._weights_only_unpickler
import time:      2337 |       2337 |                         torch._sources
import time:      4528 |      16385 |                       torch.serialization
import time:      3028 |       3028 |                       torch._tensor_str
import time:      1987 |       1987 |                         torch.cuda._device_limits
import time:      1439 |       1439 |                         torch.cuda.gds
import time:       378 |        378 |                             cuda
import time:        54 |        432 |                           cuda.bindings
import time:      1753 |       2185 |                         torch.cuda._utils
import time:       372 |        372 |                             cuda
import time:       260 |        632 |                           cuda.bindings
import time:      2924 |       3556 |                         torch.cuda.graphs
import time:      2494 |       2494 |                         torch.cuda.green_contexts
import time:      1743 |       1743 |                         torch.cuda.streams
import time:       364 |        364 |                         pynvml
import time:      1919 |       1919 |                           torch.cuda._memory_viz
import time:      2774 |       4693 |                         torch.cuda.memory
import time:      1592 |       1592 |                         torch.cuda.random
import time:      1756 |       1756 |                           torch.cuda.amp.autocast_mode
import time:      1177 |       1177 |                           torch.cuda.amp.common
import time:      2064 |       2064 |                           torch.cuda.amp.grad_scaler
import time:      1473 |       6468 |                         torch.cuda.amp
import time:      1757 |       1757 |                         torch.cuda.jiterator
import time:      1609 |       1609 |                         torch.cuda.nvtx
import time:      1312 |       1312 |                         torch.cuda.profiler
import time:      1693 |       1693 |                         torch.cuda.sparse
import time:      1157 |       1157 |                               multiprocessing.process
import time:       894 |        894 |                               multiprocessing.reduction
import time:      2034 |       4084 |                             multiprocessing.context
import time:      1101 |       5185 |                           multiprocessing
import time:      1243 |       6428 |                         torch.cuda.tunable
import time:     27153 |      66467 |                       torch.cuda
import time:       786 |        786 |                           torch.sparse._semi_structured_conversions
import time:       807 |        807 |                           torch.sparse._semi_structured_ops
import time:      1583 |       3176 |                         torch.sparse.semi_structured
import time:      1073 |       4248 |                       torch.sparse
import time:       973 |        973 |                       torch._compile
import time:       776 |        776 |                       torch._VF
import time:      1181 |       1181 |                             torch.nn.parameter
import time:      1970 |       1970 |                                 torch._prims_common
import time:       957 |        957 |                                     torch.utils.backcompat
import time:      1256 |       1256 |                                     torch.utils.collect_env
import time:      1465 |       1465 |                                                   torch.distributed._pycute.typing
import time:      1767 |       3232 |                                                 torch.distributed._pycute.int_tuple
import time:      1982 |       1982 |                                                 torch.distributed._pycute.layout
import time:      1371 |       6584 |                                               torch.distributed._pycute
import time:      4396 |      10979 |                                             torch.distributed._mesh_layout
import time:      1958 |       1958 |                                             torch.utils._typing_utils
import time:      1089 |       1089 |                                                     unittest.util
import time:      1420 |       2508 |                                                   unittest.result
import time:      2223 |       2223 |                                                   unittest.case
import time:      1560 |       1560 |                                                   unittest.suite
import time:      1803 |       1803 |                                                   unittest.loader
import time:       798 |        798 |                                                       unittest.signals
import time:      1222 |       2020 |                                                     unittest.runner
import time:       998 |       3017 |                                                   unittest.main
import time:      1400 |      12509 |                                                 unittest
import time:      3849 |      16357 |                                               torch.utils._config_module
import time:      2829 |      19186 |                                             torch.distributed.config
import time:       771 |        771 |                                               torch.monitor
import time:       650 |        650 |                                                 torch.distributed.logging_handlers
import time:       793 |       1443 |                                               torch.distributed.c10d_logger
import time:       925 |        925 |                                               torch.distributed.constants
import time:       829 |        829 |                                               torch.distributed.rendezvous
import time:       186 |        186 |                                                 torchcomms
import time:        23 |        209 |                                               torchcomms._comms
import time:       134 |        134 |                                                 torchcomms
import time:        18 |        152 |                                               torchcomms._backend_wrapper
import time:      6117 |      10443 |                                             torch.distributed.distributed_c10d
import time:      3822 |      46387 |                                           torch.distributed.device_mesh
import time:      2096 |       2096 |                                           torch.distributed.remote_device
import time:      9627 |      58109 |                                         torch.distributed
import time:      1329 |       1329 |                                                         torch.utils.data.datapipes._hook_iterator
import time:      1395 |       2724 |                                                       torch.utils.data.datapipes._typing
import time:      1455 |       1455 |                                                         torch.utils._import_utils
import time:      1767 |       1767 |                                                           torch.utils.data.datapipes.utils
import time:      2738 |       4505 |                                                         torch.utils.data.datapipes.utils.common
import time:      2047 |       2047 |                                                         torch.utils.data.dataset
import time:      1784 |       1784 |                                                           dill.__info__
import time:      3234 |       3234 |                                                             dill.logger
import time:      8676 |       8676 |                                                             _pyio
import time:      2349 |       2349 |                                                             dill._shims
import time:      1846 |       1846 |                                                             dill.settings
import time:     80522 |      96624 |                                                           dill._dill
import time:      2542 |       2542 |                                                           dill.session
import time:      1525 |       1525 |                                                             dill.pointers
import time:      1562 |       3086 |                                                           dill.detect
import time:      1665 |       1665 |                                                           dill.source
import time:      1347 |       1347 |                                                           dill.temp
import time:      1387 |       1387 |                                                           dill.objtypes
import time:      2229 |     110660 |                                                         dill
import time:      2731 |     121396 |                                                       torch.utils.data.datapipes.datapipe
import time:      1445 |     125564 |                                                     torch.utils.data.datapipes._decorator
import time:      1290 |       1290 |                                                       torch.utils.data.datapipes.dataframe.dataframe_wrapper
import time:      1525 |       2814 |                                                     torch.utils.data.datapipes.dataframe.structures
import time:      2577 |     130954 |                                                   torch.utils.data.datapipes.dataframe.dataframes
import time:      2411 |       2411 |                                                   torch.utils.data.datapipes.dataframe.datapipes
import time:      1802 |     135166 |                                                 torch.utils.data.datapipes.dataframe
import time:      1824 |       1824 |                                                         torch.utils.data._utils.collate
import time:      1377 |       1377 |                                                         torch.utils.data._utils.fetch
import time:      1777 |       1777 |                                                         torch.utils.data._utils.pin_memory
import time:      1845 |       1845 |                                                         torch.utils.data._utils.signal_handling
import time:      5766 |       5766 |                                                         torch.utils.data._utils.worker
import time:      1580 |      14166 |                                                       torch.utils.data._utils
import time:        44 |      14210 |                                                     torch.utils.data._utils.collate
import time:      1932 |      16142 |                                                   torch.utils.data.datapipes.iter.callable
import time:      2205 |       2205 |                                                     torch.utils.data.sampler
import time:      2508 |       4713 |                                                   torch.utils.data.datapipes.iter.combinatorics
import time:      3185 |       3185 |                                                   torch.utils.data.datapipes.iter.combining
import time:      1518 |       1518 |                                                     torch.utils.data.datapipes.iter.utils
import time:      1619 |       3136 |                                                   torch.utils.data.datapipes.iter.filelister
import time:      1858 |       1858 |                                                   torch.utils.data.datapipes.iter.fileopener
import time:      1945 |       1945 |                                                   torch.utils.data.datapipes.iter.grouping
import time:      1474 |       1474 |                                                     torch.utils.data.datapipes.utils.decoder
import time:      1569 |       3043 |                                                   torch.utils.data.datapipes.iter.routeddecoder
import time:      1496 |       1496 |                                                   torch.utils.data.datapipes.iter.selecting
import time:      1473 |       1473 |                                                   torch.utils.data.datapipes.iter.sharding
import time:      1382 |       1382 |                                                   torch.utils.data.datapipes.iter.streamreader
import time:      1788 |      40156 |                                                 torch.utils.data.datapipes.iter
import time:      1996 |       1996 |                                                   torch.utils.data.datapipes.map.callable
import time:      1522 |       1522 |                                                   torch.utils.data.datapipes.map.combinatorics
import time:      1398 |       1398 |                                                   torch.utils.data.datapipes.map.combining
import time:      1118 |       1118 |                                                   torch.utils.data.datapipes.map.grouping
import time:      1016 |       1016 |                                                   torch.utils.data.datapipes.map.utils
import time:      1239 |       8286 |                                                 torch.utils.data.datapipes.map
import time:      1050 |     184657 |                                               torch.utils.data.datapipes
import time:        24 |     184681 |                                             torch.utils.data.datapipes.iter
import time:        28 |     184708 |                                           torch.utils.data.datapipes.iter.sharding
import time:       876 |        876 |                                           torch.utils.data.graph
import time:      1418 |     187002 |                                         torch.utils.data.graph_settings
import time:      2124 |     247233 |                                       torch.utils.data.dataloader
import time:      1140 |       1140 |                                       torch.utils.data.distributed
import time:       995 |     249367 |                                     torch.utils.data
import time:       815 |        815 |                                     torch.utils.deterministic
import time:       847 |        847 |                                     torch.utils.hooks
import time:       954 |        954 |                                     torch.utils.backend_registration
import time:       653 |        653 |                                     torch.utils.cpp_backtrace
import time:       696 |        696 |                                     torch.utils.throughput_benchmark
import time:      1003 |     256544 |                                   torch.utils
import time:       844 |        844 |                                   torchgen
import time:      1187 |       1187 |                                       torchgen.code_template
import time:      1284 |       2470 |                                     torchgen.utils
import time:     22172 |      24642 |                                   torchgen.model
import time:      2876 |     284904 |                                 torch.utils._python_dispatch
import time:      2034 |     288906 |                               torch.nn.modules.module
import time:       859 |        859 |                                     torch.distributed.rpc
import time:      1318 |       1318 |                                                 pickletools
import time:       858 |        858 |                                                 torch.package._digraph
import time:       775 |        775 |                                                 torch.package._importlib
import time:       945 |        945 |                                                 torch.package._mangling
import time:       851 |        851 |                                                   torch.package.importer
import time:       774 |       1624 |                                                 torch.package._package_pickler
import time:       666 |        666 |                                                 torch.package._stdlib
import time:       734 |        734 |                                                 torch.package.find_file_dependencies
import time:       675 |        675 |                                                 torch.package.glob_group
import time:      2631 |      10224 |                                               torch.package.package_exporter
import time:      1189 |      11412 |                                             torch.package.analyze.find_first_use_of_broken_modules
import time:       737 |        737 |                                             torch.package.analyze.trace_dependencies
import time:       837 |      12985 |                                           torch.package.analyze
import time:       645 |      13630 |                                         torch.package.analyze.is_from_package
import time:       670 |        670 |                                         torch.package.file_structure_representation
import time:       713 |        713 |                                           torch.package._directory_reader
import time:       647 |        647 |                                           torch.package._package_unpickler
import time:      1085 |       2443 |                                         torch.package.package_importer
import time:       834 |      17576 |                                       torch.package
import time:        28 |      17603 |                                     torch.package._mangling
import time:      2356 |       2356 |                                     torch._awaits
import time:      1525 |       1525 |                                     torch.futures
import time:      1353 |      23694 |                                   torch._jit_internal
import time:      3355 |       3355 |                                   torch._torch_docs
import time:      1180 |       1180 |                                   torch.nn._reduction
import time:       738 |        738 |                                     torch.nn.modules.utils
import time:      1059 |       1797 |                                   torch.nn.grad
import time:      7428 |      37452 |                                 torch.nn.functional
import time:       932 |        932 |                                 torch.nn.init
import time:      1049 |       1049 |                                 torch.nn.modules.lazy
import time:      1520 |      40951 |                               torch.nn.modules.linear
import time:      1557 |       1557 |                               torch.nn.modules.activation
import time:      1433 |       1433 |                                 torch.nn.modules.container
import time:      1024 |       2457 |                               torch.nn.modules.adaptive
import time:       793 |        793 |                                                     torch._functorch
import time:       801 |        801 |                                                         torch.utils._contextlib
import time:       960 |       1761 |                                                       torch.autograd.grad_mode
import time:      1154 |       2914 |                                                     torch.autograd.forward_ad
import time:      1637 |       5343 |                                                   torch._functorch.pyfunctorch
import time:      1934 |       7277 |                                                 torch._ops
import time:      1406 |       1406 |                                                 torch._library.utils
import time:      2515 |      11197 |                                               torch._library.autograd
import time:       910 |        910 |                                               torch._library.fake_impl
import time:      1398 |       1398 |                                                 torch.utils._ordered_set
import time:      1218 |       1218 |                                                 torch._library.effects
import time:       822 |       3438 |                                               torch._library.simple_registry
import time:      1069 |       1069 |                                               torch._library.fake_class_registry
import time:       816 |        816 |                                                 torch.utils._exposed_in
import time:      1499 |       1499 |                                                 torch._library.custom_ops
import time:      1827 |       1827 |                                                   torch._library.opaque_object
import time:      1374 |       3201 |                                                 torch._library.infer_schema
import time:      1210 |       6726 |                                               torch._library.triton
import time:      1993 |      25331 |                                             torch._library
import time:        65 |      25396 |                                           torch._library.opaque_object
import time:      8039 |      33434 |                                         torch.utils._pytree
import time:       856 |      34289 |                                       torch._vmap_internals
import time:      1104 |       1104 |                                       torch.autograd.functional
import time:      1163 |       1163 |                                         torch.autograd.variable
import time:      1380 |       2543 |                                       torch.autograd.graph
import time:       950 |        950 |                                       torch.autograd.anomaly_mode
import time:       639 |        639 |                                             torch._functorch.utils
import time:       872 |        872 |                                               torch._functorch.predispatch
import time:      1009 |       1881 |                                             torch._functorch.vmap
import time:       702 |       3220 |                                           torch._functorch.apis
import time:      1362 |       4582 |                                         torch._functorch.autograd_function
import time:      1403 |       5985 |                                       torch.autograd.function
import time:       806 |        806 |                                           torch.testing._utils
import time:        79 |         79 |                                             cmath
import time:      1183 |       1262 |                                           torch.testing._comparison
import time:       779 |        779 |                                           torch.testing._creation
import time:       762 |       3607 |                                         torch.testing
import time:      1611 |       5218 |                                       torch.autograd.gradcheck
import time:      1876 |       1876 |                                         torch.autograd.profiler_util
import time:      2617 |       4492 |                                       torch.autograd.profiler
import time:      2543 |      57121 |                                     torch.autograd
import time:        43 |      57163 |                                   torch.autograd.function
import time:       953 |      58116 |                                 torch.nn.modules._functions
import time:      1343 |      59459 |                               torch.nn.modules.batchnorm
import time:      1002 |       1002 |                               torch.nn.modules.channelshuffle
import time:      1856 |       1856 |                                 torch.nn.common_types
import time:      4782 |       6638 |                               torch.nn.modules.conv
import time:      1027 |       1027 |                               torch.nn.modules.distance
import time:       840 |        840 |                               torch.nn.modules.dropout
import time:       758 |        758 |                               torch.nn.modules.flatten
import time:       714 |        714 |                               torch.nn.modules.fold
import time:      1530 |       1530 |                               torch.nn.modules.instancenorm
import time:      2014 |       2014 |                               torch.nn.modules.linear_cross_entropy_options
import time:      1663 |       1663 |                               torch.nn.modules.loss
import time:       957 |        957 |                               torch.nn.modules.normalization
import time:      1038 |       1038 |                               torch.nn.modules.padding
import time:       810 |        810 |                               torch.nn.modules.pixelshuffle
import time:      1748 |       1748 |                               torch.nn.modules.pooling
import time:       633 |        633 |                                         torch.__future__
import time:       857 |       1490 |                                       torch.nn.utils.parametrize
import time:      1195 |       2685 |                                     torch.nn.utils.parametrizations
import time:      1146 |       1146 |                                     torch.nn.utils.rnn
import time:       871 |        871 |                                       torch.nn.utils._named_member_accessor
import time:       896 |       1767 |                                     torch.nn.utils.stateless
import time:       692 |        692 |                                       torch.utils._foreach_utils
import time:       942 |       1633 |                                     torch.nn.utils.clip_grad
import time:       687 |        687 |                                     torch.nn.utils.convert_parameters
import time:       763 |        763 |                                     torch.nn.utils.fusion
import time:       670 |        670 |                                     torch.nn.utils.init
import time:       710 |        710 |                                     torch.nn.utils.memory_format
import time:       807 |        807 |                                     torch.nn.utils.spectral_norm
import time:       814 |        814 |                                     torch.nn.utils.weight_norm
import time:      1012 |      12689 |                                   torch.nn.utils
import time:        26 |      12714 |                                 torch.nn.utils.rnn
import time:      3880 |      16594 |                               torch.nn.modules.rnn
import time:       964 |        964 |                               torch.nn.modules.sparse
import time:      1038 |       1038 |                               torch.nn.modules.transformer
import time:      1186 |       1186 |                               torch.nn.modules.upsampling
import time:      1199 |     435039 |                             torch.nn.modules
import time:      1281 |       1281 |                                   torch.backends.cpu
import time:       993 |        993 |                                   torch.backends.cuda
import time:      1168 |       1168 |                                     torch.backends.cudnn.rnn
import time:      1434 |       2602 |                                   torch.backends.cudnn
import time:       770 |        770 |                                   torch.backends.cusparselt
import time:       838 |        838 |                                   torch.backends.kleidiai
import time:       706 |        706 |                                   torch.backends.mha
import time:       758 |        758 |                                   torch.backends.miopen
import time:       741 |        741 |                                   torch.backends.mkl
import time:      1411 |       1411 |                                   torch.backends.mkldnn
import time:      1643 |       1643 |                                     torch.library
import time:      1039 |       2681 |                                   torch.backends.mps
import time:       979 |        979 |                                   torch.backends.nnpack
import time:       709 |        709 |                                   torch.backends.openmp
import time:       218 |        218 |                                     opt_einsum
import time:      1054 |       1272 |                                   torch.backends.opt_einsum
import time:      1042 |       1042 |                                   torch.backends.python_native
import time:       812 |        812 |                                   torch.backends.quantized
import time:      1708 |      19296 |                                 torch.backends
import time:        34 |      19329 |                               torch.backends.cuda
import time:      1052 |       1052 |                               torch.nn.attention._registry
import time:      1469 |       1469 |                               torch.nn.attention._fa3
import time:      1191 |       1191 |                               torch.nn.attention._fa4
import time:      1115 |      24154 |                             torch.nn.attention
import time:       699 |        699 |                                 torch.nn.parallel.parallel_apply
import time:       939 |        939 |                                     torch.cuda.nccl
import time:       715 |       1654 |                                   torch.nn.parallel.comm
import time:       968 |       2622 |                                 torch.nn.parallel.replicate
import time:       851 |        851 |                                   torch.nn.parallel._functions
import time:       990 |       1840 |                                 torch.nn.parallel.scatter_gather
import time:      1016 |       6175 |                               torch.nn.parallel.data_parallel
import time:      1244 |       1244 |                                     torch.distributed.algorithms.join
import time:       919 |       2163 |                                   torch.distributed.algorithms
import time:        67 |       2229 |                                 torch.distributed.algorithms.join
import time:      1012 |       1012 |                                 torch.distributed.utils
import time:      3463 |       6704 |                               torch.nn.parallel.distributed
import time:       800 |      13678 |                             torch.nn.parallel
import time:      1035 |     475086 |                           torch.nn
import time:        26 |     475111 |                         torch.nn.functional
import time:       718 |        718 |                           torch._linalg_utils
import time:       821 |       1539 |                         torch._lowrank
import time:      3735 |     480384 |                       torch.functional
import time:       689 |        689 |                       torch.__config__
import time:       783 |        783 |                         torch.accelerator._utils
import time:      1135 |       1135 |                         torch.accelerator.graphs
import time:      1148 |       1148 |                         torch.accelerator.memory
import time:       838 |       3903 |                       torch.accelerator
import time:       902 |        902 |                           torch.cpu.amp.autocast_mode
import time:       649 |        649 |                           torch.cpu.amp.grad_scaler
import time:      1677 |       3227 |                         torch.cpu.amp
import time:      1040 |       4267 |                       torch.cpu
import time:      1125 |       1125 |                           torch.distributions.constraints
import time:       987 |        987 |                             torch.distributions.utils
import time:       969 |       1955 |                           torch.distributions.distribution
import time:      1762 |       4841 |                         torch.distributions.transforms
import time:       790 |        790 |                           torch.distributions.exp_family
import time:       970 |       1760 |                         torch.distributions.bernoulli
import time:       838 |        838 |                           torch.distributions.dirichlet
import time:       734 |       1572 |                         torch.distributions.beta
import time:       734 |        734 |                         torch.distributions.binomial
import time:       751 |        751 |                         torch.distributions.categorical
import time:      1071 |       1071 |                         torch.distributions.cauchy
import time:       789 |        789 |                           torch.distributions.gamma
import time:      1090 |       1879 |                         torch.distributions.chi2
import time:       830 |        830 |                         torch.distributions.constraint_registry
import time:       874 |        874 |                         torch.distributions.continuous_bernoulli
import time:       765 |        765 |                         torch.distributions.exponential
import time:       714 |        714 |                         torch.distributions.fishersnedecor
import time:       741 |        741 |                         torch.distributions.generalized_pareto
import time:       755 |        755 |                         torch.distributions.geometric
import time:       781 |        781 |                             torch.distributions.independent
import time:       742 |       1523 |                           torch.distributions.transformed_distribution
import time:       704 |        704 |                           torch.distributions.uniform
import time:       796 |       3023 |                         torch.distributions.gumbel
import time:       875 |        875 |                         torch.distributions.half_cauchy
import time:       756 |        756 |                           torch.distributions.normal
import time:       828 |       1584 |                         torch.distributions.half_normal
import time:       740 |        740 |                         torch.distributions.inverse_gamma
import time:       978 |        978 |                           torch.distributions.laplace
import time:      1109 |       1109 |                             torch.distributions.multivariate_normal
import time:      1758 |       2867 |                           torch.distributions.lowrank_multivariate_normal
import time:       960 |        960 |                           torch.distributions.one_hot_categorical
import time:       980 |        980 |                           torch.distributions.pareto
import time:       749 |        749 |                           torch.distributions.poisson
import time:      1119 |       7649 |                         torch.distributions.kl
import time:       812 |        812 |                         torch.distributions.kumaraswamy
import time:       750 |        750 |                         torch.distributions.lkj_cholesky
import time:       736 |        736 |                         torch.distributions.log_normal
import time:       692 |        692 |                         torch.distributions.logistic_normal
import time:       804 |        804 |                         torch.distributions.mixture_same_family
import time:       754 |        754 |                         torch.distributions.multinomial
import time:       763 |        763 |                         torch.distributions.negative_binomial
import time:       868 |        868 |                         torch.distributions.relaxed_bernoulli
import time:       746 |        746 |                         torch.distributions.relaxed_categorical
import time:       742 |        742 |                         torch.distributions.studentT
import time:      1202 |       1202 |                               torch.jit._builtins
import time:      1049 |       1049 |                               torch.distributed.autograd
import time:      2531 |       4781 |                             torch.jit._async
import time:       804 |        804 |                             torch.jit._await
import time:       687 |        687 |                             torch.jit._decomposition_utils
import time:       742 |        742 |                                 torch._classes
import time:       735 |        735 |                                 torch.jit._fuser
import time:       198 |        198 |                                   monkeytype
import time:       817 |       1015 |                                 torch.jit._monkeytype_config
import time:       758 |        758 |                                   torch.jit._check
import time:       802 |        802 |                                   torch.jit._state
import time:       879 |        879 |                                     torch.jit.annotations
import time:       765 |        765 |                                     torch.jit._dataclass_impls
import time:      1398 |       3041 |                                   torch.jit.frontend
import time:      1203 |       5803 |                                 torch.jit._recursive
import time:       754 |        754 |                                 torch.jit._serialization
import time:      2044 |      11091 |                               torch.jit._script
import time:       710 |      11801 |                             torch.jit._freeze
import time:      1272 |       1272 |                             torch.jit._ir_utils
import time:      1798 |       1798 |                             torch.jit._trace
import time:       946 |      22086 |                           torch.jit
import time:       860 |      22946 |                         torch.distributions.von_mises
import time:       879 |        879 |                         torch.distributions.weibull
import time:      1054 |       1054 |                         torch.distributions.wishart
import time:      1269 |      64956 |                       torch.distributions
import time:      1030 |       1030 |                       torch.fft
import time:      1054 |       1054 |                       torch.hub
import time:       910 |        910 |                       torch.linalg
import time:       842 |        842 |                         torch.mps.profiler
import time:       685 |        685 |                         torch.mps.event
import time:       787 |       2313 |                       torch.mps
import time:       943 |        943 |                         torch._environment
import time:       782 |        782 |                         torch.mtia._utils
import time:       678 |        678 |                         torch.mtia.memory
import time:      1202 |       1202 |                         torch.mtia.mtia_graph
import time:       993 |       4596 |                       torch.mtia
import time:       986 |        986 |                           multiprocessing.util
import time:       715 |        715 |                           multiprocessing.resource_sharer
import time:      1032 |       2733 |                         torch.multiprocessing.reductions
import time:       867 |        867 |                             _multiprocessing
import time:       983 |       1850 |                           multiprocessing.connection
import time:      1020 |       2869 |                         torch.multiprocessing.spawn
import time:       191 |        191 |                             runpy
import time:       705 |        896 |                           multiprocessing.spawn
import time:       824 |       1720 |                         multiprocessing.resource_tracker
import time:       933 |       8254 |                       torch.multiprocessing
import time:       909 |        909 |                           torch.nested._internal
import time:       645 |        645 |                                     torch.fx._compatibility
import time:       995 |       1640 |                                   torch.fx.immutable_collections
import time:      1252 |       1252 |                                         torch.fx.experimental
import time:      2871 |       2871 |                                         torch.fx.experimental._config
import time:      1003 |       1003 |                                           torch.utils._dtype_abbrs
import time:      1134 |       1134 |                                             torch.return_types
import time:       807 |       1940 |                                           torch.fx._pytree
import time:       757 |        757 |                                               torch.utils._inspect
import time:      1346 |       2103 |                                             torch.fx.operator_schemas
import time:     11954 |      14056 |                                           torch.fx.node
import time:       813 |        813 |                                                           torch.fx.experimental.unification.multipledispatch.utils
import time:       839 |        839 |                                                           torch.fx.experimental.unification.multipledispatch.variadic
import time:       967 |       2618 |                                                         torch.fx.experimental.unification.multipledispatch.conflict
import time:      1337 |       3955 |                                                       torch.fx.experimental.unification.multipledispatch.dispatcher
import time:       833 |       4788 |                                                     torch.fx.experimental.unification.multipledispatch.core
import time:       729 |       5517 |                                                   torch.fx.experimental.unification.multipledispatch
import time:       633 |       6149 |                                                 torch.fx.experimental.unification.dispatch
import time:       844 |        844 |                                                 torch.fx.experimental.unification.unification_tools
import time:      1025 |       1025 |                                                 torch.fx.experimental.unification.utils
import time:      1079 |       1079 |                                                 torch.fx.experimental.unification.variable
import time:      1191 |      10287 |                                               torch.fx.experimental.unification.core
import time:       941 |        941 |                                               torch.fx.experimental.unification.more
import time:       886 |      12114 |                                             torch.fx.experimental.unification
import time:      1354 |      13467 |                                           torch.fx.tensor_type
import time:      7622 |      38086 |                                         torch.fx.graph
import time:      1575 |      43783 |                                       torch.fx.graph_module
import time:      1566 |      45348 |                                     torch.fx._lazy_graph_module
import time:      1680 |       1680 |                                       torch.fx.traceback
import time:      1574 |       1574 |                                             torch._logging.structured
import time:      4186 |       4186 |                                               unittest.mock
import time:      1679 |       1679 |                                               torch.utils._traceback
import time:      1390 |       1390 |                                               torch.utils.weak
import time:     14610 |      21864 |                                             torch._guards
import time:      4923 |      28360 |                                           torch._logging._internal
import time:       963 |      29323 |                                         torch._logging._registrations
import time:       904 |      30227 |                                       torch._logging
import time:      2924 |      34831 |                                     torch.fx.proxy
import time:      2368 |      82546 |                                   torch.fx._symbolic_trace
import time:      1317 |       1317 |                                     torch.fx.config
import time:      2256 |       3573 |                                   torch.fx.interpreter
import time:      3343 |       3343 |                                   torch.fx.subgraph_rewriter
import time:       893 |      91992 |                                 torch.fx
import time:        44 |      92036 |                               torch.fx.experimental
import time:      1659 |      93694 |                             torch.fx.experimental._constant_symnode
import time:       895 |      94588 |                           torch.nested._internal.nested_int
import time:      1530 |      97027 |                         torch.nested._internal.nested_tensor
import time:      1010 |      98036 |                       torch.nested
import time:      2539 |       2539 |                           torch.optim.optimizer
import time:      4658 |       7196 |                         torch.optim.lr_scheduler
import time:      2084 |       2084 |                         torch.optim.swa_utils
import time:      2770 |       2770 |                         torch.optim._adafactor
import time:      3024 |       3024 |                         torch.optim._muon
import time:      2217 |       2217 |                         torch.optim._stateless
import time:      4374 |       4374 |                         torch.optim.adadelta
import time:      2127 |       2127 |                         torch.optim.adagrad
import time:      2029 |       2029 |                         torch.optim.adam
import time:      2241 |       2241 |                         torch.optim.adamax
import time:      1476 |       1476 |                         torch.optim.adamw
import time:      1222 |       1222 |                         torch.optim.asgd
import time:      1075 |       1075 |                         torch.optim.lbfgs
import time:      2120 |       2120 |                         torch.optim.nadam
import time:      1098 |       1098 |                         torch.optim.radam
import time:      1029 |       1029 |                         torch.optim.rmsprop
import time:      1258 |       1258 |                         torch.optim.rprop
import time:      1306 |       1306 |                         torch.optim.sgd
import time:       890 |        890 |                           torch.optim._functional
import time:      2078 |       2968 |                         torch.optim.sparse_adam
import time:      3129 |      44734 |                       torch.optim
import time:      2721 |       2721 |                             torch.profiler._utils
import time:      4563 |       7283 |                           torch.profiler._memory_profiler
import time:      2284 |       9567 |                         torch.profiler.profiler
import time:      1067 |       1067 |                         torch.profiler.itt
import time:      1001 |      11633 |                       torch.profiler
import time:      1015 |       1015 |                       torch.special
import time:      1172 |       1172 |                         torch.xpu._utils
import time:      1196 |       1196 |                         torch.xpu.graphs
import time:       820 |        820 |                         torch.xpu.streams
import time:      1252 |       1252 |                         torch.xpu.memory
import time:       859 |        859 |                         torch.xpu.random
import time:      2244 |       7541 |                       torch.xpu
import time:      1078 |       1078 |                           torch.signal.windows.windows
import time:       846 |       1924 |                         torch.signal.windows
import time:       760 |       2683 |                       torch.signal
import time:       965 |        965 |                       torch.ao
import time:      1163 |       1163 |                           torch.ao.nn
import time:      1521 |       1521 |                             torch.ao.nn.intrinsic.modules.fused
import time:      1595 |       3116 |                           torch.ao.nn.intrinsic.modules
import time:      1943 |       6221 |                         torch.ao.nn.intrinsic
import time:       879 |        879 |                           torch.nn.intrinsic.modules.fused
import time:       978 |       1857 |                         torch.nn.intrinsic.modules
import time:      1090 |       1090 |                                         torch.ao.nn.qat.modules.conv
import time:       856 |        856 |                                         torch.ao.nn.qat.modules.embedding_ops
import time:       882 |        882 |                                         torch.ao.nn.qat.modules.linear
import time:       964 |       3792 |                                       torch.ao.nn.qat.modules
import time:       957 |       4748 |                                     torch.ao.nn.qat
import time:      1746 |       6493 |                                   torch.ao.nn.intrinsic.qat.modules.conv_fused
import time:      1042 |       1042 |                                   torch.ao.nn.intrinsic.qat.modules.linear_fused
import time:       903 |        903 |                                   torch.ao.nn.intrinsic.qat.modules.linear_relu
import time:       868 |       9304 |                                 torch.ao.nn.intrinsic.qat.modules
import time:       715 |      10019 |                               torch.ao.nn.intrinsic.qat
import time:      1101 |      11120 |                             torch.nn.intrinsic.qat.modules.conv_fused
import time:       726 |        726 |                             torch.nn.intrinsic.qat.modules.linear_fused
import time:       774 |        774 |                             torch.nn.intrinsic.qat.modules.linear_relu
import time:       912 |      13529 |                           torch.nn.intrinsic.qat.modules
import time:       758 |      14287 |                         torch.nn.intrinsic.qat
import time:      1916 |       1916 |                                                     torch.ao.nn.quantizable.modules.activation
import time:      1723 |       1723 |                                                     torch.ao.nn.quantizable.modules.rnn
import time:      1407 |       5045 |                                                   torch.ao.nn.quantizable.modules
import time:      1454 |       6499 |                                                 torch.ao.nn.quantizable
import time:      1909 |       1909 |                                                 torch.ao.nn.quantized.modules.activation
import time:      1779 |       1779 |                                                 torch.ao.nn.quantized.modules.batchnorm
import time:      1151 |       1151 |                                                   torch.ao.nn.quantized.modules.utils
import time:      2734 |       3884 |                                                 torch.ao.nn.quantized.modules.conv
import time:      1237 |       1237 |                                                 torch.ao.nn.quantized.modules.dropout
import time:      1500 |       1500 |                                                 torch.ao.nn.quantized.modules.embedding_ops
import time:      1467 |       1467 |                                                 torch.ao.nn.quantized.modules.functional_modules
import time:      1456 |       1456 |                                                 torch.ao.nn.quantized.modules.linear
import time:      1633 |       1633 |                                                 torch.ao.nn.quantized.modules.normalization
import time:      1487 |       1487 |                                                 torch.ao.nn.quantized.modules.rnn
import time:      1568 |      24414 |                                               torch.ao.nn.quantized.modules
import time:        39 |      24452 |                                             torch.ao.nn.quantized.modules.utils
import time:      1294 |      25746 |                                           torch.ao.nn.quantized.functional
import time:      1267 |      27013 |                                         torch.ao.nn.quantized
import time:      1978 |      28991 |                                       torch.ao.nn.intrinsic.quantized.modules.bn_relu
import time:      2412 |       2412 |                                       torch.ao.nn.intrinsic.quantized.modules.conv_add
import time:      2304 |       2304 |                                       torch.ao.nn.intrinsic.quantized.modules.conv_relu
import time:      2137 |       2137 |                                       torch.ao.nn.intrinsic.quantized.modules.linear_relu
import time:      1417 |      37259 |                                     torch.ao.nn.intrinsic.quantized.modules
import time:      1588 |      38846 |                                   torch.ao.nn.intrinsic.quantized
import time:      2384 |       2384 |                                           torch.ao.nn.quantized.dynamic.modules.conv
import time:      2817 |       2817 |                                           torch.ao.nn.quantized.dynamic.modules.linear
import time:      2481 |       2481 |                                           torch.ao.nn.quantized.dynamic.modules.rnn
import time:      1736 |       9417 |                                         torch.ao.nn.quantized.dynamic.modules
import time:      1397 |      10814 |                                       torch.ao.nn.quantized.dynamic
import time:      1807 |      12620 |                                     torch.ao.nn.intrinsic.quantized.dynamic.modules.linear_relu
import time:      1902 |      14522 |                                   torch.ao.nn.intrinsic.quantized.dynamic.modules
import time:      2047 |      55414 |                                 torch.ao.nn.intrinsic.quantized.dynamic
import time:       911 |      56325 |                               torch.nn.intrinsic.quantized.dynamic.modules.linear_relu
import time:       893 |      57217 |                             torch.nn.intrinsic.quantized.dynamic.modules
import time:       855 |      58072 |                           torch.nn.intrinsic.quantized.dynamic
import time:      1758 |       1758 |                             torch.nn.intrinsic.quantized.modules.bn_relu
import time:      1542 |       1542 |                             torch.nn.intrinsic.quantized.modules.conv_relu
import time:      1445 |       1445 |                             torch.nn.intrinsic.quantized.modules.linear_relu
import time:      1803 |       6546 |                           torch.nn.intrinsic.quantized.modules
import time:       982 |      65598 |                         torch.nn.intrinsic.quantized
import time:       942 |      88903 |                       torch.nn.intrinsic
import time:      1819 |       1819 |                                       torch.ao.nn.qat.dynamic.modules.linear
import time:      1605 |       3424 |                                     torch.ao.nn.qat.dynamic.modules
import time:      1337 |       4760 |                                   torch.ao.nn.qat.dynamic
import time:        44 |       4804 |                                 torch.ao.nn.qat.dynamic.modules
import time:        66 |       4870 |                               torch.ao.nn.qat.dynamic.modules.linear
import time:      1966 |       6835 |                             torch.nn.qat.dynamic.modules.linear
import time:      2082 |       8917 |                           torch.nn.qat.dynamic.modules
import time:      1517 |      10434 |                         torch.nn.qat.dynamic
import time:      1547 |       1547 |                           torch.nn.qat.modules.conv
import time:      1239 |       1239 |                           torch.nn.qat.modules.embedding_ops
import time:      1179 |       1179 |                           torch.nn.qat.modules.linear
import time:      1627 |       5590 |                         torch.nn.qat.modules
import time:      1443 |      17466 |                       torch.nn.qat
import time:      1756 |       1756 |                         torch.nn.quantizable.modules
import time:      1432 |       3188 |                       torch.nn.quantizable
import time:      1612 |       1612 |                         torch.nn.quantized.dynamic
import time:      1250 |       1250 |                         torch.nn.quantized.functional
import time:      1475 |       1475 |                         torch.nn.quantized.modules
import time:      1957 |       6293 |                       torch.nn.quantized
import time:      1250 |       1250 |                       torch._size_docs
import time:      1150 |       1150 |                       torch._storage_docs
import time:      2324 |       2324 |                       torch._tensor_docs
import time:      1319 |       1319 |                                     torch.ao.quantization.quant_type
import time:      1741 |       3060 |                                   torch.ao.quantization.utils
import time:      6613 |       9672 |                                 torch.ao.quantization.observer
import time:      1540 |      11212 |                               torch.ao.quantization.fake_quantize
import time:      1430 |       1430 |                                 torch.ao.quantization.fuser_method_mappings
import time:      1710 |       3139 |                               torch.ao.quantization.fuse_modules
import time:      2453 |       2453 |                               torch.ao.quantization.qconfig
import time:      1829 |       1829 |                               torch.ao.quantization.qconfig_mapping
import time:      1571 |       1571 |                                       torch.ao.nn.quantized.reference.modules.utils
import time:      2191 |       3762 |                                     torch.ao.nn.quantized.reference.modules.conv
import time:      1442 |       1442 |                                     torch.ao.nn.quantized.reference.modules.linear
import time:      2235 |       2235 |                                     torch.ao.nn.quantized.reference.modules.rnn
import time:      2446 |       2446 |                                     torch.ao.nn.quantized.reference.modules.sparse
import time:      1942 |      11824 |                                   torch.ao.nn.quantized.reference.modules
import time:      1237 |      13060 |                                 torch.ao.nn.quantized.reference
import time:      2715 |       2715 |                                         torch.ao.nn.sparse.quantized.linear
import time:      3938 |       3938 |                                         torch.ao.nn.sparse.quantized.utils
import time:      1927 |       8579 |                                       torch.ao.nn.sparse.quantized.dynamic.linear
import time:      1856 |      10434 |                                     torch.ao.nn.sparse.quantized.dynamic
import time:      2128 |      12562 |                                   torch.ao.nn.sparse.quantized
import time:      2139 |      14700 |                                 torch.ao.nn.sparse
import time:      2016 |       2016 |                                 torch.ao.quantization.stubs
import time:      2635 |      32410 |                               torch.ao.quantization.quantization_mappings
import time:      2552 |       2552 |                               torch.ao.quantization.quantize
import time:      1931 |       1931 |                               torch.ao.quantization.quantize_jit
import time:      1809 |      57333 |                             torch.ao.quantization
import time:        63 |      57396 |                           torch.ao.quantization.fake_quantize
import time:      1148 |      58543 |                         torch.quantization.fake_quantize
import time:      1353 |       1353 |                         torch.quantization.fuse_modules
import time:      1407 |       1407 |                         torch.quantization.fuser_method_mappings
import time:      1667 |       1667 |                         torch.quantization.observer
import time:      2278 |       2278 |                         torch.quantization.qconfig
import time:      1582 |       1582 |                         torch.quantization.quant_type
import time:      1323 |       1323 |                         torch.quantization.quantization_mappings
import time:      1258 |       1258 |                         torch.quantization.quantize
import time:      1219 |       1219 |                         torch.quantization.quantize_jit
import time:      1477 |       1477 |                         torch.quantization.stubs
import time:      1431 |      73532 |                       torch.quantization
import time:      1657 |       1657 |                       torch.quasirandom
import time:      1478 |       1478 |                       torch.multiprocessing._atfork
import time:      2205 |       2205 |                       torch._lobpcg
import time:      1441 |       1441 |                           torch.masked._docs
import time:      2321 |       2321 |                                 torch.masked.maskedtensor.core
import time:      8113 |      10434 |                               torch.masked.maskedtensor.binary
import time:      4241 |       4241 |                               torch.masked.maskedtensor.passthrough
import time:      1251 |       1251 |                                 torch.masked.maskedtensor.creation
import time:      3968 |       5219 |                               torch.masked.maskedtensor.reductions
import time:      9329 |       9329 |                               torch.masked.maskedtensor.unary
import time:      2146 |      31367 |                             torch.masked.maskedtensor
import time:        82 |      31448 |                           torch.masked.maskedtensor.core
import time:      2686 |      35574 |                         torch.masked._ops
import time:      2232 |      37806 |                       torch.masked
import time:      2789 |       2789 |                       torch.utils.dlpack
import time:      1224 |       1224 |                                     torch._dispatch
import time:      2044 |       3268 |                                   torch._dispatch.python
import time:      4670 |       4670 |                                         torch._library.fake_profile
import time:      1454 |       1454 |                                           torch.utils._mode_utils
import time:     15342 |      16795 |                                         torch._subclasses.meta_utils
import time:      2411 |       2411 |                                         torch.utils._stats
import time:      8924 |       8924 |                                           torch.fx.experimental.sym_node
import time:      8643 |      17567 |                                         torch._subclasses._fake_tensor_utils
import time:      1956 |       1956 |                                           torch._custom_op
import time:     16586 |      18541 |                                         torch._subclasses.fake_impls
import time:     16954 |      76936 |                                       torch._subclasses.fake_tensor
import time:      2305 |       2305 |                                       torch._subclasses.fake_utils
import time:      1409 |      80649 |                                     torch._subclasses
import time:        64 |      80712 |                                   torch._subclasses.meta_utils
import time:      2336 |      86316 |                                 torch.fx.passes.shape_prop
import time:       746 |        746 |                                 pydot
import time:      2293 |      89355 |                               torch.fx.passes.graph_drawer
import time:      2921 |       2921 |                               torch.fx.passes.graph_manipulation
import time:      3080 |       3080 |                                       torch.fx.passes.utils.matcher_utils
import time:      2099 |       5179 |                                     torch.fx.passes.utils.common
import time:      2744 |       7922 |                                   torch.fx.passes.utils
import time:      2839 |       2839 |                                   torch.fx.passes.tools_common
import time:      5258 |      16018 |                                 torch.fx.passes.split_utils
import time:      3217 |      19235 |                               torch.fx.passes.net_min_base
import time:      2169 |       2169 |                               torch.fx.passes.operator_support
import time:      2584 |       2584 |                               torch.fx.passes.param_fetch
import time:      2275 |       2275 |                               torch.fx.passes.regional_inductor
import time:      2902 |       2902 |                               torch.fx.passes.reinplace
import time:      1149 |       1149 |                                 torch.fx._utils
import time:      5500 |       5500 |                                   torch._subclasses.functional_tensor
import time:      2251 |       2251 |                                   torch.utils._thunk
import time:      1485 |       1485 |                                   torch.fx.experimental._backward_state
import time:      5505 |      14739 |                                 torch.fx.experimental.proxy_tensor
import time:      2494 |      18382 |                               torch.fx.passes.runtime_assert
import time:      2281 |       2281 |                               torch.fx.passes.split_module
import time:      2888 |       2888 |                               torch.fx.passes.splitter_base
import time:      3184 |     148172 |                             torch.fx.passes
import time:      1157 |       1157 |                               torch.fx.passes.infra.pass_base
import time:      1544 |       2700 |                             torch.fx.passes.infra.pass_manager
import time:      1309 |     152180 |                           torch.fx.passes.infra
import time:        33 |     152213 |                         torch.fx.passes.infra.pass_base
import time:      1314 |       1314 |                         torch.export.custom_ops
import time:       775 |        775 |                         torch.export._state_dict_utils
import time:       676 |        676 |                               torch.export._tree_utils
import time:      5595 |       5595 |                               torch.export.graph_signature
import time:       764 |        764 |                                     torch._custom_op.autograd
import time:      1525 |       2288 |                                   torch._custom_op.impl
import time:       698 |       2986 |                                 torch._custom_ops
import time:      1916 |       1916 |                                 torch._export.utils
import time:      1621 |       1621 |                                             torch._higher_order_ops.schema
import time:      1560 |       3181 |                                           torch._higher_order_ops.utils
import time:      3806 |       6987 |                                         torch._higher_order_ops.auto_functionalize
import time:       967 |       7953 |                                       torch._higher_order_ops.base_hop
import time:      2917 |      10870 |                                     torch._higher_order_ops._invoke_quant
import time:      2704 |       2704 |                                     torch._higher_order_ops.aoti_call_delegate
import time:      1820 |       1820 |                                     torch._higher_order_ops.associative_scan
import time:      1146 |       1146 |                                     torch._higher_order_ops.cond
import time:      1813 |       1813 |                                       torch._higher_order_ops.invoke_leaf_function
import time:       924 |        924 |                                       torch._higher_order_ops.print
import time:       693 |        693 |                                           torch._functorch._aot_autograd
import time:      1245 |       1937 |                                         torch._functorch._aot_autograd.utils
import time:       869 |       2805 |                                       torch._higher_order_ops.torchbind
import time:      1303 |       6844 |                                     torch._higher_order_ops.effects
import time:       950 |        950 |                                     torch._higher_order_ops.executorch_call_delegate
import time:      4058 |       4058 |                                     torch._higher_order_ops.flat_apply
import time:      1295 |       1295 |                                           torch.testing._internal
import time:      1185 |       2479 |                                         torch.testing._internal.logging_tensor
import time:      2281 |       4759 |                                       torch.utils.checkpoint
import time:      2284 |       7043 |                                     torch._higher_order_ops.flex_attention
import time:      1400 |       1400 |                                     torch._higher_order_ops.foreach_map
import time:      1772 |       1772 |                                     torch._higher_order_ops.hints_wrap
import time:      1917 |       1917 |                                     torch._higher_order_ops.inline_asm_elementwise
import time:       874 |        874 |                                           torch.utils._debug_mode._utils
import time:      1222 |       2095 |                                         torch.utils._debug_mode._calls
import time:   1386659 |    1386659 |                                         torch.utils._debug_mode._mode
import time:       934 |    1389688 |                                       torch.utils._debug_mode
import time:      3910 |    1393597 |                                     torch._higher_order_ops.invoke_subgraph
import time:      3129 |       3129 |                                     torch._higher_order_ops.local_map
import time:      2929 |       2929 |                                     torch._higher_order_ops.map
import time:      3867 |       3867 |                                     torch._higher_order_ops.out_dtype
import time:      2529 |       2529 |                                     torch._higher_order_ops.run_const_graph
import time:      2750 |       2750 |                                       torch._higher_order_ops.partitioner
import time:      3823 |       6572 |                                     torch._higher_order_ops.scan
import time:      2593 |       2593 |                                     torch._higher_order_ops.strict_mode
import time:      2630 |       2630 |                                     torch._higher_order_ops.while_loop
import time:      3684 |       3684 |                                     torch._higher_order_ops.wrap
import time:      1614 |    1463658 |                                   torch._higher_order_ops
import time:        55 |    1463713 |                                 torch._higher_order_ops.flat_apply
import time:      1246 |    1469859 |                               torch._export.wrappers
import time:      3381 |       3381 |                               torch._export.config
import time:      1852 |    1481361 |                             torch._export
import time:        70 |    1481431 |                           torch._export.utils
import time:      1500 |    1482930 |                         torch.export.decomp_utils
import time:      1708 |       1708 |                             torch._export.verifier
import time:      4223 |       5931 |                           torch.export.exported_program
import time:      6767 |      12697 |                         torch.export.dynamic_shapes
import time:      2098 |       2098 |                           torch.export._remove_effect_tokens_pass
import time:      7047 |       9144 |                         torch.export.unflatten
import time:      2645 |    1661716 |                       torch.export
import time:      1707 |       1707 |                         torch._functorch.batch_norm_replacement
import time:      1409 |       1409 |                           torch.fx.experimental.const_fold
import time:      2115 |       3524 |                         torch._functorch.eager_transforms
import time:      1402 |       1402 |                         torch._functorch.einops
import time:      1132 |       1132 |                         torch._functorch.functional_call
import time:      1526 |       9289 |                       torch.func
import time:      2190 |       2190 |                       torch.distributed._meta_registrations
import time:      1701 |       1701 |                                 torch.utils._content_store
import time:      2622 |       4322 |                               torch._prims.debug_prims
import time:      2641 |       2641 |                               torch._prims.rng_prims
import time:      7560 |       7560 |                               torch._prims_common.wrappers
import time:    276396 |     290918 |                             torch._prims
import time:     64908 |     355826 |                           torch._decomp.decompositions
import time:      2418 |       2418 |                             torch.testing._internal.common_dtype
import time:      4713 |       4713 |                             torch._refs._conversions
import time:     17180 |      17180 |                             torch._refs.fft
import time:      5456 |       5456 |                             torch._refs.linalg
import time:      2361 |       2361 |                               torch._refs.nn
import time:     20936 |      23296 |                             torch._refs.nn.functional
import time:     10304 |      10304 |                             torch._refs.special
import time:    123115 |     186478 |                           torch._refs
import time:      2411 |     544714 |                         torch._decomp
import time:    213636 |     758349 |                       torch._meta_registrations
import time:      6676 |       6676 |                         torch.compiler.config
import time:      2544 |       2544 |                           torch.utils._appending_byte_serializer
import time:      6688 |       9232 |                         torch.compiler._cache
import time:      3381 |      19288 |                       torch.compiler
import time:      1935 |       1935 |                           torch._native.common_utils
import time:      5307 |       5307 |                             torch._native.registry
import time:      3159 |       8466 |                           torch._native.dsl_registry
import time:      2769 |      13168 |                         torch._native.cutedsl_utils
import time:      2002 |       2002 |                               torch._native.triton_utils
import time:      2590 |       4591 |                             torch._native.ops.bmm_outer_product.triton_impl
import time:      2613 |       7203 |                           torch._native.ops.bmm_outer_product
import time:      2645 |       2645 |                             torch._native.ops.foreach_mm.impl
import time:      1962 |       4606 |                           torch._native.ops.foreach_mm
import time:      2468 |       2468 |                             torch._native.ops.norm.rmsnorm_impl
import time:      1896 |       4364 |                           torch._native.ops.norm
import time:      2384 |       2384 |                               torch._tensor_iterator
import time:      2758 |       5141 |                             torch._native.ops.scatter_add.cutedsl_impl
import time:      1995 |       7136 |                           torch._native.ops.scatter_add
import time:      2094 |       2094 |                               torch._native.ops.topk._common
import time:      2768 |       4862 |                             torch._native.ops.topk.cutedsl_impl
import time:      2178 |       7039 |                           torch._native.ops.topk
import time:      2052 |      32398 |                         torch._native.ops
import time:     70979 |     116544 |                       torch._native
import time:    616627 |    4364042 |                     torch
import time:      2868 |    4366910 |                   transformers.generation.logits_process
import time:      7516 |    4376066 |                 transformers.generation.configuration_utils
import time:      2593 |       2593 |                   transformers.integrations
import time:      4214 |       4214 |                   transformers.integrations.heterogeneity.configuration_utils
import time:      2483 |       9289 |                 transformers.integrations.heterogeneity
import time:       322 |        322 |                   array
import time:      2006 |       2006 |                       transformers.integrations.mistral
import time:      1577 |       3582 |                     transformers.integrations.mistral.constants
import time:      3924 |       7506 |                   transformers.convert_slow_tokenizer
import time:      7081 |      14907 |                 transformers.modeling_gguf_pytorch_utils
import time:      2808 |       2808 |                 transformers.modeling_rope_utils
import time:      4299 |    4409086 |               transformers.configuration_utils
import time:      2231 |       2231 |               sentence_transformers.backend.utils
import time:      1599 |    4412916 |             sentence_transformers.backend.load
import time:      1538 |       1538 |             sentence_transformers.backend.optimize
import time:      2330 |       2330 |                 sentence_transformers.util.decorators
import time:      1865 |       1865 |                   sentence_transformers.util.environment
import time:      1342 |       3207 |                 sentence_transformers.util.distributed
import time:      1942 |       1942 |                 sentence_transformers.util.file_io
import time:      2184 |       2184 |                 sentence_transformers.util.hard_negatives
import time:      2013 |       2013 |                 sentence_transformers.util.logging
import time:      1370 |       1370 |                 sentence_transformers.util.misc
import time:      1211 |       1211 |                 sentence_transformers.util.quantization
import time:      2502 |       2502 |                         sklearn._config
import time:      1978 |       1978 |                           sklearn.__check_build._check_build
import time:      1859 |       3836 |                         sklearn.__check_build
import time:      5616 |       5616 |                         sklearn._distributor_init
import time:      1964 |       1964 |                           sklearn.exceptions
import time:      1496 |       1496 |                                   sklearn.utils._bunch
import time:      2505 |       4001 |                                 sklearn.utils._metadata_requests
import time:      1744 |       5745 |                               sklearn.utils.metadata_routing
import time:      1528 |       1528 |                                       scipy.__config__
import time:      1234 |       1234 |                                       scipy.version
import time:       124 |        124 |                                         scipy._distributor_init_local
import time:      1178 |       1302 |                                       scipy._distributor_init
import time:       259 |        259 |                                           scipy._external
import time:       541 |        800 |                                         scipy._external.packaging_version
import time:      1377 |       1377 |                                         scipy._external.packaging_version._structures
import time:      3196 |       5372 |                                       scipy._external.packaging_version.version
import time:       392 |        392 |                                             cython
import time:      2554 |       2946 |                                           scipy._lib._testutils
import time:      2860 |       5805 |                                         scipy._lib
import time:      1689 |       1689 |                                           scipy._cyutility
import time:      1910 |       3599 |                                         scipy._lib._ccallback_c
import time:      1702 |      11105 |                                       scipy._lib._ccallback
import time:      1819 |      22358 |                                     scipy
import time:      2438 |       2438 |                                       scipy.sparse._sputils
import time:      1647 |       1647 |                                       scipy._lib._sparse
import time:      1209 |       1209 |                                       scipy.sparse._matrix
import time:      2936 |       8229 |                                     scipy.sparse._base
import time:      1148 |       1148 |                                       scipy.sparse._sparsetools
import time:      3255 |       3255 |                                               numpy._typing._add_docstring
import time:      2488 |       5743 |                                             numpy.typing
import time:      3411 |       3411 |                                                   scipy._external.array_api_compat.common._typing
import time:      2447 |       5858 |                                                 scipy._external.array_api_compat.common._helpers
import time:      1954 |       7812 |                                               scipy._external.array_api_compat.common
import time:      2043 |       9854 |                                             scipy._external.array_api_compat
import time:      1491 |       1491 |                                               scipy._external.array_api_compat._internal
import time:      1098 |       1098 |                                                   numpy.polynomial.polyutils
import time:      1344 |       1344 |                                                   numpy.polynomial._polybase
import time:      1806 |       4247 |                                                 numpy.polynomial.chebyshev
import time:      1112 |       1112 |                                                 numpy.polynomial.hermite
import time:       962 |        962 |                                                 numpy.polynomial.hermite_e
import time:       972 |        972 |                                                 numpy.polynomial.laguerre
import time:      1018 |       1018 |                                                 numpy.polynomial.legendre
import time:      1194 |       1194 |                                                 numpy.polynomial.polynomial
import time:      1354 |      10856 |                                               numpy.polynomial
import time:      1046 |       1046 |                                                   numpy._core.strings
import time:       747 |        747 |                                                   numpy.strings
import time:      1000 |       2792 |                                                 numpy._core.defchararray
import time:       895 |       3687 |                                               numpy.char
import time:       718 |        718 |                                               numpy.rec
import time:      1430 |       1430 |                                                     numpy.random._common
import time:      1554 |       2984 |                                                   numpy.random.bit_generator
import time:      1033 |       4016 |                                                 numpy.random._bounded_integers
import time:       717 |        717 |                                                     numpy.random._pcg64
import time:      1921 |       2638 |                                                   numpy.random._generator
import time:       626 |        626 |                                                   numpy.random._mt19937
import time:       694 |        694 |                                                   numpy.random._philox
import time:       917 |        917 |                                                   numpy.random._sfc64
import time:      1960 |       1960 |                                                   numpy.random.mtrand
import time:       900 |       7732 |                                                 numpy.random._pickle
import time:       926 |      12674 |                                               numpy.random
import time:       882 |        882 |                                                 numpy.f2py.diagnose
import time:       830 |        830 |                                                   numpy.f2py._backends
import time:       763 |        763 |                                                   numpy.f2py.__version__
import time:      1031 |       1031 |                                                     numpy.f2py.cfuncs
import time:      2177 |       3208 |                                                   numpy.f2py.auxfuncs
import time:      1990 |       1990 |                                                     numpy.f2py.cb_rules
import time:       803 |        803 |                                                     numpy.f2py._isocbind
import time:       989 |        989 |                                                       fileinput
import time:      1806 |       1806 |                                                       numpy.f2py.symbolic
import time:     11858 |      14652 |                                                     numpy.f2py.crackfortran
import time:      1139 |      18583 |                                                   numpy.f2py.capi_maps
import time:       791 |        791 |                                                     numpy.f2py.func2subr
import time:      1272 |       2063 |                                                   numpy.f2py.f90mod_rules
import time:       733 |        733 |                                                     numpy.f2py.common_rules
import time:       657 |        657 |                                                     numpy.f2py.use_rules
import time:      6113 |       7501 |                                                   numpy.f2py.rules
import time:       981 |      33926 |                                                 numpy.f2py.f2py2e
import time:       865 |      35673 |                                               numpy.f2py
import time:      7546 |       7546 |                                                 numpy.ma.core
import time:      1638 |       1638 |                                                 numpy.ma.extras
import time:      1412 |      10596 |                                               numpy.ma
import time:       841 |        841 |                                                 numpy.fft._helper
import time:       725 |        725 |                                                   numpy.fft._pocketfft_umath
import time:       874 |       1598 |                                                 numpy.fft._pocketfft
import time:       958 |       3396 |                                               numpy.fft
import time:      1237 |       1237 |                                                 numpy.ctypeslib._ctypeslib
import time:       846 |       2083 |                                               numpy.ctypeslib
import time:       877 |        877 |                                                 numpy.core._utils
import time:       715 |       1592 |                                               numpy.core
import time:      1190 |       1190 |                                                 numpy.testing._private
import time:       682 |        682 |                                                 numpy.testing.overrides
import time:      2239 |       2239 |                                                   numpy.testing._private.utils
import time:      1316 |       3555 |                                                 numpy.testing._private.extbuild
import time:       759 |       6185 |                                               numpy.testing
import time:      1302 |       1302 |                                                 scipy._external.array_api_compat.common._aliases
import time:       763 |        763 |                                                 scipy._external.array_api_compat.numpy._typing
import time:      1758 |       3822 |                                               scipy._external.array_api_compat.numpy._aliases
import time:       736 |        736 |                                               scipy._external.array_api_compat.numpy._info
import time:      1470 |       1470 |                                                 scipy._external.array_api_compat.common._linalg
import time:      1090 |       2560 |                                               scipy._external.array_api_compat.numpy.linalg
import time:       718 |        718 |                                                 scipy._external.array_api_compat.common._fft
import time:      1303 |       2021 |                                               scipy._external.array_api_compat.numpy.fft
import time:      2544 |     100626 |                                             scipy._external.array_api_compat.numpy
import time:       872 |        872 |                                                   scipy._external.array_api_extra._lib
import time:      1176 |       1176 |                                                       scipy._external.array_api_extra._lib._utils
import time:       845 |        845 |                                                           scipy._lib._array_api_override
import time:       627 |       1472 |                                                         scipy._external._array_api_compat_vendor
import time:      1092 |       2563 |                                                       scipy._external.array_api_extra._lib._utils._compat
import time:       651 |        651 |                                                         scipy._external.array_api_extra._lib._utils._typing
import time:       951 |       1602 |                                                       scipy._external.array_api_extra._lib._utils._helpers
import time:      1015 |       6354 |                                                     scipy._external.array_api_extra._lib._at
import time:      1165 |       7519 |                                                   scipy._external.array_api_extra._lib._funcs
import time:      1326 |       9715 |                                                 scipy._external.array_api_extra._delegation
import time:       773 |        773 |                                                 scipy._external.array_api_extra._lib._lazy
import time:       907 |      11394 |                                               scipy._external.array_api_extra
import time:       957 |      12350 |                                             scipy._external.array_api_extra.testing
import time:       609 |        609 |                                                   _pyrepl
import time:       737 |       1346 |                                                 _pyrepl.pager
import time:      1913 |       3259 |                                               pydoc
import time:      1813 |       5071 |                                             scipy._lib._docscrape
import time:      7420 |     141062 |                                           scipy._lib._array_api
import time:      2186 |     143247 |                                         scipy._lib._util
import time:      1019 |       1019 |                                         scipy.sparse._data
import time:      2230 |       2230 |                                         scipy.sparse._index
import time:      1846 |     148342 |                                       scipy.sparse._compressed
import time:      1628 |     151116 |                                     scipy.sparse._csr
import time:      1203 |       1203 |                                     scipy.sparse._csc
import time:      1013 |       1013 |                                       scipy.sparse._csparsetools
import time:       981 |       1993 |                                     scipy.sparse._lil
import time:      1086 |       1086 |                                     scipy.sparse._dok
import time:      1222 |       1222 |                                     scipy.sparse._coo
import time:       918 |        918 |                                     scipy.sparse._dia
import time:      1210 |       1210 |                                     scipy.sparse._bsr
import time:       795 |        795 |                                       scipy._lib.deprecation
import time:      2663 |       3457 |                                     scipy.sparse._construct
import time:       717 |        717 |                                     scipy.sparse._extract
import time:       967 |        967 |                                     scipy.sparse._matrix_io
import time:      1691 |       1691 |                                     scipy.sparse.base
import time:       857 |        857 |                                     scipy.sparse.bsr
import time:       896 |        896 |                                     scipy.sparse.compressed
import time:       763 |        763 |                                     scipy.sparse.construct
import time:      1163 |       1163 |                                     scipy.sparse.coo
import time:      1241 |       1241 |                                     scipy.sparse.csc
import time:      1245 |       1245 |                                     scipy.sparse.csr
import time:       904 |        904 |                                     scipy.sparse.data
import time:       681 |        681 |                                     scipy.sparse.dia
import time:       619 |        619 |                                     scipy.sparse.dok
import time:       663 |        663 |                                     scipy.sparse.extract
import time:       630 |        630 |                                     scipy.sparse.lil
import time:       628 |        628 |                                     scipy.sparse.sparsetools
import time:       632 |        632 |                                     scipy.sparse.sputils
import time:      2502 |     209579 |                                   scipy.sparse
import time:       842 |        842 |                                         joblib._multiprocessing_helpers
import time:       876 |        876 |                                           joblib.externals
import time:       819 |        819 |                                           joblib.externals.loky._base
import time:       831 |        831 |                                               multiprocessing.synchronize
import time:       685 |        685 |                                                   multiprocessing.queues
import time:       886 |       1570 |                                                 concurrent.futures.process
import time:       767 |        767 |                                                 joblib.externals.loky.backend.process
import time:      1014 |       3351 |                                               joblib.externals.loky.backend.context
import time:       739 |       4920 |                                             joblib.externals.loky.backend
import time:        35 |       4954 |                                           joblib.externals.loky.backend.context
import time:       675 |        675 |                                             joblib.externals.loky.backend._win_reduction
import time:      1385 |       1385 |                                               joblib.externals.cloudpickle.cloudpickle
import time:       723 |       2108 |                                             joblib.externals.cloudpickle
import time:       796 |       3578 |                                           joblib.externals.loky.backend.reduction
import time:       601 |        601 |                                               faulthandler
import time:      1517 |       1517 |                                               joblib.externals.loky.backend.queues
import time:       288 |        288 |                                                 psutil
import time:      1363 |       1651 |                                               joblib.externals.loky.backend.utils
import time:       886 |        886 |                                               joblib.externals.loky.initializers
import time:       184 |        184 |                                               psutil
import time:      1534 |       6370 |                                             joblib.externals.loky.process_executor
import time:       824 |       7194 |                                           joblib.externals.loky.reusable_executor
import time:       917 |        917 |                                           joblib.externals.loky.cloudpickle_wrapper
import time:      1027 |      19362 |                                         joblib.externals.loky
import time:      1683 |      21886 |                                       joblib._cloudpickle_wrapper
import time:      1408 |       1408 |                                         joblib._utils
import time:      1232 |       1232 |                                         multiprocessing.pool
import time:       854 |        854 |                                             joblib.backports
import time:       706 |        706 |                                             joblib.disk
import time:       685 |        685 |                                               joblib.externals.loky.backend.spawn
import time:       796 |       1480 |                                             joblib.externals.loky.backend.resource_tracker
import time:       193 |        193 |                                                 lz4
import time:      1003 |       1195 |                                               joblib.compressor
import time:       745 |        745 |                                                 joblib.numpy_pickle_utils
import time:      1060 |       1804 |                                               joblib.numpy_pickle_compat
import time:      1083 |       4082 |                                             joblib.numpy_pickle
import time:      1165 |       8286 |                                           joblib._memmapping_reducer
import time:       960 |       9245 |                                         joblib.executor
import time:      1463 |       1463 |                                         joblib.pool
import time:      1174 |      14520 |                                       joblib._parallel_backends
import time:       894 |        894 |                                         joblib.logger
import time:      1108 |       2002 |                                       joblib._store_backends
import time:       836 |        836 |                                       joblib.hashing
import time:       923 |        923 |                                         joblib.func_inspect
import time:      1053 |       1975 |                                       joblib.memory
import time:      1293 |       1293 |                                       joblib.parallel
import time:      1092 |      43602 |                                     joblib
import time:       654 |        654 |                                             narwhals._exceptions
import time:      1086 |       1740 |                                           narwhals.dependencies
import time:      1051 |       1051 |                                               narwhals._enum
import time:       828 |        828 |                                               narwhals._typing_compat
import time:      1467 |       1467 |                                               narwhals.exceptions
import time:      3036 |       6381 |                                             narwhals._utils
import time:      1660 |       8041 |                                           narwhals.dtypes
import time:      1340 |       1340 |                                             narwhals._expression_parsing
import time:      1068 |       1068 |                                               narwhals.expr_cat
import time:       880 |        880 |                                               narwhals.expr_dt
import time:      1365 |       1365 |                                               narwhals.expr_list
import time:      1019 |       1019 |                                               narwhals.expr_name
import time:       926 |        926 |                                               narwhals.expr_str
import time:       841 |        841 |                                               narwhals.expr_struct
import time:      1450 |       1450 |                                                       narwhals._compliant.typing
import time:      2664 |       2664 |                                                       narwhals._translate
import time:      3118 |       7232 |                                                     narwhals._compliant.dataframe
import time:      1185 |       1185 |                                                       narwhals._compliant.any_namespace
import time:      1358 |       1358 |                                                       narwhals._compliant.column
import time:      2403 |       4944 |                                                     narwhals._compliant.expr
import time:      1306 |       1306 |                                                     narwhals._compliant.group_by
import time:      1268 |       1268 |                                                     narwhals._compliant.namespace
import time:      1810 |       1810 |                                                     narwhals._compliant.selectors
import time:      1809 |       1809 |                                                     narwhals._compliant.series
import time:       818 |        818 |                                                     narwhals._compliant.window
import time:      1268 |      20452 |                                                   narwhals._compliant
import time:      1068 |      21520 |                                                 narwhals.plugins
import time:       732 |        732 |                                                 narwhals._constants
import time:      1337 |       1337 |                                                 narwhals._native
import time:       933 |      24520 |                                               narwhals.translate
import time:      3876 |      34491 |                                             narwhals.expr
import time:      1051 |      36881 |                                           narwhals.selectors
import time:      1626 |       1626 |                                             narwhals._typing
import time:      1298 |       1298 |                                               narwhals.schema
import time:      1658 |       2955 |                                             narwhals.functions
import time:      1289 |       1289 |                                                 narwhals.typing
import time:      1029 |       2318 |                                               narwhals.series_cat
import time:      1071 |       1071 |                                               narwhals.series_dt
import time:      1288 |       1288 |                                               narwhals.series_list
import time:       863 |        863 |                                               narwhals.series_str
import time:       795 |        795 |                                               narwhals.series_struct
import time:      1579 |       7912 |                                             narwhals.series
import time:      1672 |      14163 |                                           narwhals.dataframe
import time:      1069 |      61892 |                                         narwhals
import time:       875 |        875 |                                           narwhals.stable.v1.dependencies
import time:      1294 |       1294 |                                             narwhals.stable.v1._dtypes
import time:       723 |       2017 |                                           narwhals.stable.v1.dtypes
import time:       814 |        814 |                                           narwhals.stable.v1.selectors
import time:      1013 |       1013 |                                           narwhals.stable.v1.typing
import time:      2226 |       6943 |                                         narwhals.stable.v1
import time:      1055 |       1055 |                                           narwhals.stable.v2.dependencies
import time:       681 |        681 |                                           narwhals.stable.v2.dtypes
import time:       655 |        655 |                                           narwhals.stable.v2.selectors
import time:       702 |        702 |                                           narwhals.stable.v2.typing
import time:      1630 |       4722 |                                         narwhals.stable.v2
import time:       875 |      74431 |                                       narwhals.stable
import time:        22 |      74452 |                                     narwhals.stable.v2
import time:       967 |        967 |                                         scipy.special._sf_error
import time:       938 |        938 |                                           scipy.special._ufuncs_cxx
import time:      2502 |       2502 |                                                     scipy.linalg._fblas
import time:       978 |       3479 |                                                   scipy.linalg.blas
import time:      2492 |       2492 |                                                     scipy.linalg._flapack
import time:      1853 |       4345 |                                                   scipy.linalg.lapack
import time:       865 |        865 |                                                   scipy.linalg._batched_linalg
import time:      1032 |       9720 |                                                 scipy.linalg._misc
import time:      2066 |       2066 |                                                 scipy.linalg._cythonized_array_utils
import time:      5876 |       5876 |                                                   scipy.linalg._decomp
import time:      2222 |       2222 |                                                   scipy.linalg._decomp_svd
import time:       847 |        847 |                                                   scipy.linalg._solve_toeplitz
import time:      3035 |      11979 |                                                 scipy.linalg._basic
import time:      1414 |       1414 |                                                 scipy.linalg._decomp_lu
import time:      5576 |       5576 |                                                 scipy.linalg._decomp_ldl
import time:      2443 |       2443 |                                                 scipy.linalg._decomp_cholesky
import time:      4620 |       4620 |                                                 scipy.linalg._decomp_qr
import time:      2984 |       2984 |                                                 scipy.linalg._decomp_qz
import time:      2104 |       2104 |                                                 scipy.linalg._decomp_schur
import time:      1731 |       1731 |                                                 scipy.linalg._decomp_polar
import time:      1531 |       1531 |                                                   scipy.linalg._expm_frechet
import time:      1605 |       1605 |                                                   scipy.linalg._internal_matfuncs
import time:       832 |        832 |                                                   scipy.linalg._linalg_pythran
import time:      3312 |       7279 |                                                 scipy.linalg._matfuncs
import time:      2121 |       2121 |                                                 scipy.linalg._special_matrices
import time:      2739 |       2739 |                                                 scipy.linalg._solvers
import time:      1702 |       1702 |                                                 scipy.linalg._procrustes
import time:      1434 |       1434 |                                                   scipy.linalg.cython_blas
import time:      3355 |       3355 |                                                   scipy.linalg.cython_lapack
import time:      4076 |       8864 |                                                 scipy.linalg._decomp_update
import time:      1520 |       1520 |                                                 scipy.linalg._sketches
import time:       896 |        896 |                                                 scipy.linalg._decomp_cossin
import time:       697 |        697 |                                                 scipy.linalg.decomp
import time:       675 |        675 |                                                 scipy.linalg.decomp_cholesky
import time:       915 |        915 |                                                 scipy.linalg.decomp_lu
import time:       813 |        813 |                                                 scipy.linalg.decomp_qr
import time:       995 |        995 |                                                 scipy.linalg.decomp_svd
import time:      1150 |       1150 |                                                 scipy.linalg.decomp_schur
import time:       730 |        730 |                                                 scipy.linalg.basic
import time:       796 |        796 |                                                 scipy.linalg.misc
import time:      1210 |       1210 |                                                 scipy.linalg.special_matrices
import time:      1264 |       1264 |                                                 scipy.linalg.matfuncs
import time:      1894 |      80886 |                                               scipy.linalg
import time:        34 |      80920 |                                             scipy.linalg.cython_lapack
import time:       695 |      81614 |                                           scipy.special._ellip_harm_2
import time:      1590 |       1590 |                                           scipy.special._special_ufuncs
import time:       956 |        956 |                                           scipy.special._gufuncs
import time:      1822 |      86918 |                                         scipy.special._ufuncs
import time:       718 |        718 |                                           scipy.special._input_validation
import time:       936 |        936 |                                           scipy.special._specfun
import time:       616 |        616 |                                           scipy.special._comb
import time:      1166 |       3435 |                                         scipy.special._basic
import time:      1141 |       1141 |                                             scipy.special._ufunc_tools
import time:      2023 |       3164 |                                           scipy.special._spfun_stats
import time:     51106 |      54269 |                                         scipy.special._support_alternative_backends
import time:      4497 |       4497 |                                         scipy.special._logsumexp
import time:      2164 |       2164 |                                         scipy.special._multiufuncs
import time:      2619 |       2619 |                                         scipy.special._orthogonal
import time:      1438 |       1438 |                                         scipy.special._ellip_harm
import time:      1002 |       1002 |                                         scipy.special._lambertw
import time:      1272 |       1272 |                                         scipy.special._spherical_bessel
import time:      1793 |       1793 |                                         scipy.special.add_newdocs
import time:      2060 |       2060 |                                         scipy.special.basic
import time:      1233 |       1233 |                                         scipy.special.orthogonal
import time:      1057 |       1057 |                                         scipy.special.specfun
import time:      1470 |       1470 |                                         scipy.special.sf_error
import time:      1520 |       1520 |                                         scipy.special.spfun_stats
import time:      1635 |     169343 |                                       scipy.special
import time:      1259 |       1259 |                                       sklearn.externals
import time:      3617 |       3617 |                                             sklearn.externals.array_api_compat.common._typing
import time:      2073 |       5689 |                                           sklearn.externals.array_api_compat.common._helpers
import time:      1415 |       7104 |                                         sklearn.externals.array_api_compat.common
import time:      1676 |       8779 |                                       sklearn.externals.array_api_compat
import time:      1953 |       1953 |                                           sklearn.externals.array_api_extra._lib
import time:      1069 |       1069 |                                               sklearn.externals.array_api_extra._lib._utils
import time:       878 |        878 |                                                 sklearn.externals._array_api_compat_vendor
import time:      1231 |       2108 |                                               sklearn.externals.array_api_extra._lib._utils._compat
import time:       829 |        829 |                                                 sklearn.externals.array_api_extra._lib._utils._typing
import time:      1821 |       2650 |                                               sklearn.externals.array_api_extra._lib._utils._helpers
import time:      1579 |       7404 |                                             sklearn.externals.array_api_extra._lib._at
import time:      1723 |       9127 |                                           sklearn.externals.array_api_extra._lib._funcs
import time:      1989 |      13069 |                                         sklearn.externals.array_api_extra._delegation
import time:       971 |        971 |                                         sklearn.externals.array_api_extra._lib._lazy
import time:      2028 |      16067 |                                       sklearn.externals.array_api_extra
import time:       750 |        750 |                                         sklearn.externals.array_api_compat._internal
import time:      1316 |       1316 |                                           sklearn.externals.array_api_compat.common._aliases
import time:       790 |        790 |                                           sklearn.externals.array_api_compat.numpy._typing
import time:      1790 |       3896 |                                         sklearn.externals.array_api_compat.numpy._aliases
import time:       804 |        804 |                                         sklearn.externals.array_api_compat.numpy._info
import time:      1689 |       1689 |                                           sklearn.externals.array_api_compat.common._linalg
import time:      1323 |       3011 |                                         sklearn.externals.array_api_compat.numpy.linalg
import time:      1659 |       1659 |                                           sklearn.externals.array_api_compat.common._fft
import time:      1549 |       3208 |                                         sklearn.externals.array_api_compat.numpy.fft
import time:      1676 |      13343 |                                       sklearn.externals.array_api_compat.numpy
import time:       832 |        832 |                                       sklearn.utils._dataframe
import time:      2940 |       2940 |                                               scipy.sparse.linalg._interface
import time:      1083 |       1083 |                                               scipy.sparse.linalg._isolve.utils
import time:      3990 |       8012 |                                             scipy.sparse.linalg._isolve.iterative
import time:      2271 |       2271 |                                             scipy.sparse.linalg._isolve.minres
import time:      1346 |       1346 |                                               scipy.sparse.linalg._isolve._gcrotmk
import time:      1483 |       2828 |                                             scipy.sparse.linalg._isolve.lgmres
import time:       792 |        792 |                                             scipy.sparse.linalg._isolve.lsqr
import time:       873 |        873 |                                             scipy.sparse.linalg._isolve.lsmr
import time:      1346 |       1346 |                                             scipy.sparse.linalg._isolve.tfqmr
import time:      1244 |      17364 |                                           scipy.sparse.linalg._isolve
import time:       785 |        785 |                                               scipy.sparse.linalg._dsolve._superlu
import time:       226 |        226 |                                                 scikits
import time:        40 |        265 |                                               scikits.umfpack
import time:      1028 |       2078 |                                             scipy.sparse.linalg._dsolve.linsolve
import time:       913 |        913 |                                             scipy.sparse.linalg._dsolve._add_newdocs
import time:       821 |       3810 |                                           scipy.sparse.linalg._dsolve
import time:       683 |        683 |                                                 scipy.sparse.linalg._eigen.arpack._arpacklib
import time:      1294 |       1976 |                                               scipy.sparse.linalg._eigen.arpack.arpack
import time:       935 |       2910 |                                             scipy.sparse.linalg._eigen.arpack
import time:      1569 |       1569 |                                               scipy.sparse.linalg._eigen.lobpcg.lobpcg
import time:       735 |       2304 |                                             scipy.sparse.linalg._eigen.lobpcg
import time:       988 |        988 |                                                 scipy.sparse.linalg._propack
import time:       875 |       1862 |                                               scipy.sparse.linalg._svdp
import time:      2485 |       4347 |                                             scipy.sparse.linalg._eigen._svds
import time:       944 |      10504 |                                           scipy.sparse.linalg._eigen
import time:      1290 |       1290 |                                               scipy.sparse.linalg._onenormest
import time:      1228 |       2518 |                                             scipy.sparse.linalg._expm_multiply
import time:      1410 |       3927 |                                           scipy.sparse.linalg._matfuncs
import time:      1358 |       1358 |                                           scipy.sparse.linalg._norm
import time:      1822 |       1822 |                                           scipy.sparse.linalg._funm_multiply_krylov
import time:      1429 |       1429 |                                           scipy.sparse.linalg._special_sparse_arrays
import time:      1327 |       1327 |                                           scipy.sparse.linalg.isolve
import time:      1190 |       1190 |                                           scipy.sparse.linalg.dsolve
import time:      1060 |       1060 |                                           scipy.sparse.linalg.interface
import time:      1238 |       1238 |                                           scipy.sparse.linalg.eigen
import time:       970 |        970 |                                           scipy.sparse.linalg.matfuncs
import time:      1145 |      47139 |                                         scipy.sparse.linalg
import time:      1687 |       1687 |                                           scipy.stats._warnings_errors
import time:      1632 |       1632 |                                                   scipy.spatial._ckdtree
import time:      1296 |       1296 |                                                     scipy.spatial._hausdorff
import time:      1086 |       1086 |                                                     scipy.spatial._distance_pybind
import time:       734 |        734 |                                                     scipy.spatial._distance_wrap
import time:      3511 |       6626 |                                                   scipy.spatial.distance
import time:      1779 |      10036 |                                                 scipy.spatial._kdtree
import time:      4552 |       4552 |                                                   scipy._lib.messagestream
import time:      1818 |       6370 |                                                 scipy.spatial._qhull
import time:       722 |        722 |                                                   scipy.spatial._voronoi
import time:      1114 |       1836 |                                                 scipy.spatial._spherical_voronoi
import time:      1210 |       1210 |                                                 scipy.spatial._plotutils
import time:      1176 |       1176 |                                                 scipy.spatial._procrustes
import time:       807 |        807 |                                                 scipy.spatial._geometric_slerp
import time:       732 |        732 |                                                 scipy.spatial.ckdtree
import time:       904 |        904 |                                                 scipy.spatial.kdtree
import time:       634 |        634 |                                                 scipy.spatial.qhull
import time:      1277 |       1277 |                                                     scipy.spatial.transform._rotation_cy
import time:      1012 |       1012 |                                                     scipy.spatial.transform._rotation_xp
import time:      6467 |       6467 |                                                         scipy.constants._codata
import time:      3105 |       3105 |                                                         scipy.constants._constants
import time:      1397 |       1397 |                                                         scipy.constants.codata
import time:      1250 |       1250 |                                                         scipy.constants.constants
import time:      2205 |      14423 |                                                       scipy.constants
import time:       719 |      15142 |                                                     scipy.spatial.transform._rotation_groups
import time:      3717 |      21146 |                                                   scipy.spatial.transform._rotation
import time:      1224 |       1224 |                                                     scipy.spatial.transform._rigid_transform_cy
import time:      1030 |       1030 |                                                     scipy.spatial.transform._rigid_transform_xp
import time:      2938 |       5192 |                                                   scipy.spatial.transform._rigid_transform
import time:      2457 |       2457 |                                                   scipy.spatial.transform._rotation_spline
import time:       901 |        901 |                                                   scipy.spatial.transform.rotation
import time:       803 |      30496 |                                                 scipy.spatial.transform
import time:      1389 |      55585 |                                               scipy.spatial
import time:        45 |      55629 |                                             scipy.spatial.distance
import time:       912 |        912 |                                                   scipy.optimize._dcsrch
import time:       884 |       1796 |                                                 scipy.optimize._linesearch
import time:       825 |        825 |                                                   scipy.optimize._group_columns
import time:      1020 |       1845 |                                                 scipy.optimize._numdiff
import time:      1002 |       1002 |                                                   scipy.optimize._hessian_update_strategy
import time:      1038 |       2039 |                                                 scipy.optimize._differentiable_functions
import time:      3407 |       9086 |                                               scipy.optimize._optimize
import time:      1011 |       1011 |                                                   scipy.optimize._trustregion
import time:      1602 |       2612 |                                                 scipy.optimize._trustregion_dogleg
import time:       806 |        806 |                                                 scipy.optimize._trustregion_ncg
import time:      1042 |       1042 |                                                     scipy.optimize._trlib._trlib
import time:       699 |       1741 |                                                   scipy.optimize._trlib
import time:       671 |       2412 |                                                 scipy.optimize._trustregion_krylov
import time:       898 |        898 |                                                 scipy.optimize._trustregion_exact
import time:       828 |        828 |                                                     scipy.optimize._constraints
import time:       182 |        182 |                                                           sksparse
import time:        34 |        216 |                                                         sksparse.cholmod
import time:       731 |        947 |                                                       scipy.optimize._trustregion_constr.projections
import time:       854 |        854 |                                                       scipy.optimize._trustregion_constr.qp_subproblem
import time:       752 |       2552 |                                                     scipy.optimize._trustregion_constr.equality_constrained_sqp
import time:       806 |        806 |                                                     scipy.optimize._trustregion_constr.canonical_constraint
import time:       870 |        870 |                                                     scipy.optimize._trustregion_constr.tr_interior_point
import time:       827 |        827 |                                                     scipy.optimize._trustregion_constr.report
import time:      1069 |       6950 |                                                   scipy.optimize._trustregion_constr.minimize_trustregion_constr
import time:       683 |       7632 |                                                 scipy.optimize._trustregion_constr
import time:      1043 |       1043 |                                                   scipy.optimize._lbfgsb
import time:       880 |       1922 |                                                 scipy.optimize._lbfgsb_py
import time:      1108 |       1108 |                                                   scipy.optimize._moduleTNC
import time:      1159 |       2266 |                                                 scipy.optimize._tnc
import time:      1386 |       1386 |                                                 scipy.optimize._cobyla_py
import time:       797 |        797 |                                                 scipy.optimize._cobyqa_py
import time:      1846 |       1846 |                                                   scipy.optimize._slsqplib
import time:      1621 |       3467 |                                                 scipy.optimize._slsqp_py
import time:      1445 |      25639 |                                               scipy.optimize._minimize
import time:       811 |        811 |                                                   scipy.optimize._minpack
import time:      1223 |       1223 |                                                         scipy.optimize._lsq.common
import time:       811 |       2034 |                                                       scipy.optimize._lsq.trf
import time:      1180 |       1180 |                                                       scipy.optimize._lsq.dogbox
import time:      1141 |       4354 |                                                     scipy.optimize._lsq.least_squares
import time:       791 |        791 |                                                         scipy.optimize._lsq.givens_elimination
import time:       865 |       1655 |                                                       scipy.optimize._lsq.trf_linear
import time:       869 |        869 |                                                       scipy.optimize._lsq.bvls
import time:       926 |       3449 |                                                     scipy.optimize._lsq.lsq_linear
import time:       799 |       8602 |                                                   scipy.optimize._lsq
import time:       967 |      10380 |                                                 scipy.optimize._minpack_py
import time:       906 |        906 |                                                 scipy.optimize._spectral
import time:      2950 |       2950 |                                                 scipy.optimize._nonlin
import time:      1395 |      15629 |                                               scipy.optimize._root
import time:       683 |        683 |                                                   scipy.optimize._zeros
import time:       939 |       1622 |                                                 scipy.optimize._zeros_py
import time:      1061 |       2682 |                                               scipy.optimize._root_scalar
import time:       703 |        703 |                                               scipy.optimize._nnls
import time:      2088 |       2088 |                                               scipy.optimize._basinhopping
import time:      1205 |       1205 |                                                     scipy.optimize._highspy
import time:      8301 |       8301 |                                                     scipy.optimize._highspy._core
import time:      2481 |       2481 |                                                     scipy.optimize._highspy._highs_options
import time:      1793 |      13778 |                                                   scipy.optimize._highspy._highs_wrapper
import time:       848 |      14626 |                                                 scipy.optimize._linprog_highs
import time:       298 |        298 |                                                                 uarray
import time:      1055 |       1055 |                                                                     scipy._lib._uarray._uarray
import time:      1761 |       2815 |                                                                   scipy._lib._uarray._backend
import time:      1117 |       3932 |                                                                 scipy._lib._uarray
import time:      1098 |       5327 |                                                               scipy._lib.uarray
import time:     19776 |      25103 |                                                             scipy.fft._basic
import time:     10459 |      10459 |                                                             scipy.fft._realtransforms
import time:      2698 |       2698 |                                                               scipy.fft._fftlog_backend
import time:      4689 |       7386 |                                                             scipy.fft._fftlog
import time:      2036 |       2036 |                                                                   scipy.fft._duccfft.pyduccfft
import time:      2116 |       2116 |                                                                   scipy.fft._duccfft.helper
import time:      1940 |       6091 |                                                                 scipy.fft._duccfft.basic
import time:      1915 |       1915 |                                                                 scipy.fft._duccfft.realtransforms
import time:      1752 |       9758 |                                                               scipy.fft._duccfft
import time:      5081 |      14838 |                                                             scipy.fft._helper
import time:      1365 |       1365 |                                                               scipy.fft._basic_backend
import time:      1247 |       1247 |                                                               scipy.fft._realtransforms_backend
import time:      3073 |       5684 |                                                             scipy.fft._backend
import time:      1511 |      64979 |                                                           scipy.fft
import time:      2406 |      67384 |                                                         scipy.linalg._decomp_interpolative
import time:      1114 |      68498 |                                                       scipy.linalg.interpolative
import time:      1255 |      69753 |                                                     scipy.optimize._remove_redundancy
import time:      1936 |      71689 |                                                   scipy.optimize._linprog_util
import time:       380 |        380 |                                                   sksparse
import time:       240 |        240 |                                                     scikits
import time:        37 |        277 |                                                   scikits.umfpack
import time:      2065 |      74410 |                                                 scipy.optimize._linprog_ip
import time:      1773 |       1773 |                                                 scipy.optimize._linprog_simplex
import time:      1936 |       1936 |                                                   scipy.optimize._bglu_dense
import time:      1507 |       3443 |                                                 scipy.optimize._linprog_rs
import time:      1501 |       1501 |                                                 scipy.optimize._linprog_doc
import time:       888 |      96638 |                                               scipy.optimize._linprog
import time:      1306 |       1306 |                                               scipy.optimize._lsap
import time:      6046 |       6046 |                                               scipy.optimize._differentialevolution
import time:      1705 |       1705 |                                                 scipy.optimize._pava_pybind
import time:      1522 |       3226 |                                               scipy.optimize._isotonic
import time:      1495 |       1495 |                                                   scipy.optimize._shgo_lib
import time:      1743 |       1743 |                                                   scipy.optimize._shgo_lib._vertex
import time:      2122 |       5358 |                                                 scipy.optimize._shgo_lib._complex
import time:      2749 |       8107 |                                               scipy.optimize._shgo
import time:      2999 |       2999 |                                               scipy.optimize._dual_annealing
import time:      1378 |       1378 |                                               scipy.optimize._qap
import time:       987 |        987 |                                                 scipy.optimize._direct
import time:      1663 |       2649 |                                               scipy.optimize._direct_py
import time:      1183 |       1183 |                                               scipy.optimize._milp
import time:       875 |        875 |                                               scipy.optimize.cobyla
import time:      1092 |       1092 |                                               scipy.optimize.lbfgsb
import time:       882 |        882 |                                               scipy.optimize.linesearch
import time:       733 |        733 |                                               scipy.optimize.minpack
import time:       867 |        867 |                                               scipy.optimize.minpack2
import time:       689 |        689 |                                               scipy.optimize.moduleTNC
import time:       725 |        725 |                                               scipy.optimize.nonlin
import time:       624 |        624 |                                               scipy.optimize.optimize
import time:       638 |        638 |                                               scipy.optimize.slsqp
import time:       626 |        626 |                                               scipy.optimize.tnc
import time:       620 |        620 |                                               scipy.optimize.zeros
import time:      1766 |     189486 |                                             scipy.optimize
import time:       704 |        704 |                                                   scipy._lib._elementwise_iterative_method
import time:       769 |       1473 |                                                 scipy.optimize._bracket
import time:       710 |        710 |                                                 scipy.optimize._chandrupatla
import time:      4347 |       6529 |                                               scipy.optimize._elementwise
import time:       645 |       7174 |                                             scipy.optimize.elementwise
import time:       987 |        987 |                                                 scipy._lib.doccer
import time:       853 |        853 |                                                 scipy.stats._distr_params
import time:      4553 |       4553 |                                                 scipy.integrate._quadrature
import time:       896 |        896 |                                                   scipy.integrate._odepack
import time:      2516 |       3412 |                                                 scipy.integrate._odepack_py
import time:      1668 |       1668 |                                                   scipy.integrate._quadpack
import time:      5604 |       7272 |                                                 scipy.integrate._quadpack_py
import time:       897 |        897 |                                                   scipy.integrate._vode
import time:       701 |        701 |                                                   scipy.integrate._dop
import time:      2089 |       3686 |                                                 scipy.integrate._ode
import time:      2185 |       2185 |                                                 scipy.integrate._bvp
import time:       774 |        774 |                                                       scipy.integrate._ivp.common
import time:      1308 |       1308 |                                                       scipy.integrate._ivp.base
import time:       800 |       2881 |                                                     scipy.integrate._ivp.bdf
import time:      1011 |       1011 |                                                     scipy.integrate._ivp.radau
import time:      1187 |       1187 |                                                       scipy.integrate._ivp.dop853_coefficients
import time:      1248 |       2435 |                                                     scipy.integrate._ivp.rk
import time:       814 |        814 |                                                     scipy.integrate._ivp.lsoda
import time:      2769 |       9908 |                                                   scipy.integrate._ivp.ivp
import time:       881 |      10789 |                                                 scipy.integrate._ivp
import time:      1806 |       1806 |                                                 scipy.integrate._quad_vec
import time:      3515 |       3515 |                                                 scipy.integrate._tanhsinh
import time:       893 |        893 |                                                     scipy.integrate._rules._base
import time:      1004 |       1004 |                                                     scipy.integrate._rules._genz_malik
import time:       709 |        709 |                                                       scipy.integrate._rules._gauss_legendre
import time:       843 |       1551 |                                                     scipy.integrate._rules._gauss_kronrod
import time:       749 |       4197 |                                                   scipy.integrate._rules
import time:      3276 |       7472 |                                                 scipy.integrate._cubature
import time:      1522 |       1522 |                                                 scipy.integrate._lebedev
import time:       743 |        743 |                                                 scipy.integrate.dop
import time:       613 |        613 |                                                 scipy.integrate.lsoda
import time:       653 |        653 |                                                 scipy.integrate.vode
import time:       604 |        604 |                                                 scipy.integrate.odepack
import time:       590 |        590 |                                                 scipy.integrate.quadpack
import time:       615 |        615 |                                                 scipy.stats._finite_differences
import time:       659 |        659 |                                                 scipy.stats._constants
import time:       842 |        842 |                                                 scipy.stats._censored_data
import time:      4821 |      58183 |                                               scipy.stats._distn_infrastructure
import time:       684 |        684 |                                                         scipy.interpolate._fitpack
import time:      2032 |       2716 |                                                       scipy.interpolate._fitpack_impl
import time:       782 |        782 |                                                         scipy.interpolate._dierckx
import time:      3695 |       4477 |                                                       scipy.interpolate._bsplines
import time:      6161 |      13353 |                                                     scipy.interpolate._fitpack_py
import time:      1754 |       1754 |                                                     scipy.interpolate._polyint
import time:      1284 |       1284 |                                                     scipy.interpolate._ppoly
import time:      1289 |       1289 |                                                     scipy.interpolate._interpnd
import time:      3572 |      21250 |                                                   scipy.interpolate._interpolate
import time:      6403 |       6403 |                                                   scipy.interpolate._fitpack2
import time:      1504 |       1504 |                                                   scipy.interpolate._rbf
import time:       715 |        715 |                                                       scipy.interpolate._rbfinterp_common
import time:       718 |        718 |                                                       scipy.interpolate._rbfinterp_pythran
import time:       898 |       2330 |                                                     scipy.interpolate._rbfinterp_np
import time:       871 |        871 |                                                     scipy.interpolate._rbfinterp_xp
import time:      2097 |       5297 |                                                   scipy.interpolate._rbfinterp
import time:      4575 |       4575 |                                                   scipy.interpolate._cubic
import time:      1366 |       1366 |                                                   scipy.interpolate._ndgriddata
import time:      3281 |       3281 |                                                   scipy.interpolate._fitpack_repro
import time:      1390 |       1390 |                                                   scipy.interpolate._pade
import time:       963 |        963 |                                                     scipy.interpolate._rgi_cython
import time:      1379 |       1379 |                                                     scipy.interpolate._ndbspline
import time:      2180 |       4521 |                                                   scipy.interpolate._rgi
import time:      1426 |       1426 |                                                   scipy.interpolate._bary_rational
import time:      1078 |       1078 |                                                   scipy.interpolate.fitpack
import time:       982 |        982 |                                                   scipy.interpolate.fitpack2
import time:       679 |        679 |                                                   scipy.interpolate.interpolate
import time:       680 |        680 |                                                   scipy.interpolate.ndgriddata
import time:       612 |        612 |                                                   scipy.interpolate.polyint
import time:       680 |        680 |                                                   scipy.interpolate.rbf
import time:       583 |        583 |                                                   scipy.interpolate.interpnd
import time:      1358 |      57657 |                                                 scipy.interpolate
import time:      1980 |       1980 |                                                   scipy.special.cython_special
import time:       982 |       2962 |                                                 scipy.stats._stats
import time:      1036 |       1036 |                                                 scipy.stats._tukeylambda_stats
import time:      1500 |       1500 |                                                 scipy.stats._ksstats
import time:     81489 |     144641 |                                               scipy.stats._continuous_distns
import time:      2170 |       2170 |                                                 scipy.stats._biasedurn
import time:     28821 |      30991 |                                               scipy.stats._discrete_distns
import time:      2169 |       2169 |                                                 scipy.stats._levy_stable.levyst
import time:      5699 |       7868 |                                               scipy.stats._levy_stable
import time:      2417 |       2417 |                                                 scipy.stats._axis_nan_policy
import time:      6212 |       8628 |                                               scipy.stats._entropy
import time:      2024 |     252333 |                                             scipy.stats.distributions
import time:      1881 |       1881 |                                               scipy._lib._bunch
import time:      1894 |       1894 |                                               scipy.stats._stats_pythran
import time:      2978 |       2978 |                                               scipy.stats._stats_mstats_common
import time:      4992 |      11744 |                                             scipy.stats._mstats_basic
import time:      1921 |       1921 |                                               scipy.stats._common
import time:     22890 |      24811 |                                             scipy.stats._resampling
import time:      3157 |       3157 |                                             scipy.stats._binomtest
import time:      6210 |       6210 |                                             scipy.stats._quantile
import time:    104420 |     654959 |                                           scipy.stats._stats_py
import time:      3296 |       3296 |                                           scipy.stats._variation
import time:      1382 |       1382 |                                             scipy.stats._ansari_swilk_statistics
import time:     16384 |      16384 |                                               scipy.stats._hypotests
import time:      1935 |      18319 |                                             scipy.stats._wilcoxon
import time:     10757 |      10757 |                                             scipy.stats._fit
import time:      3118 |       3118 |                                               scipy.stats._relative_risk
import time:      2364 |       2364 |                                               scipy.stats._crosstab
import time:      1621 |       1621 |                                               scipy.stats._odds_ratio
import time:      6092 |      13194 |                                             scipy.stats.contingency
import time:     55402 |      99052 |                                           scipy.stats._morestats
import time:      2323 |       2323 |                                                 scipy.sparse.csgraph._laplacian
import time:      2505 |       2505 |                                                     scipy.sparse.csgraph._tools
import time:      3042 |       5547 |                                                   scipy.sparse.csgraph._validation
import time:      2733 |       8280 |                                                 scipy.sparse.csgraph._shortest_path
import time:      2589 |       2589 |                                                 scipy.sparse.csgraph._traversal
import time:      3128 |       3128 |                                                 scipy.sparse.csgraph._min_spanning_tree
import time:      1792 |       1792 |                                                 scipy.sparse.csgraph._flow
import time:      1626 |       1626 |                                                 scipy.sparse.csgraph._matching
import time:      1563 |       1563 |                                                 scipy.sparse.csgraph._reordering
import time:      3524 |      24821 |                                               scipy.sparse.csgraph
import time:      1724 |       1724 |                                               scipy.stats._sobol
import time:      1899 |       1899 |                                               scipy.stats._qmc_cy
import time:      4829 |      33272 |                                             scipy.stats._qmc
import time:      7054 |      40325 |                                           scipy.stats._multicomp
import time:      8336 |       8336 |                                           scipy.stats._binned_statistic
import time:      2697 |       2697 |                                               scipy.stats._covariance
import time:      2088 |       2088 |                                                 scipy.stats._rcont.rcont
import time:      1905 |       3993 |                                               scipy.stats._rcont
import time:      1573 |       1573 |                                                 scipy.stats._qmvnt_cy
import time:      2106 |       3678 |                                               scipy.stats._qmvnt
import time:      9719 |      20086 |                                             scipy.stats._multivariate
import time:      3433 |      23519 |                                           scipy.stats._kde
import time:      1293 |       1293 |                                             scipy.stats._mstats_extras
import time:      1657 |       2950 |                                           scipy.stats.mstats
import time:       944 |        944 |                                           scipy.stats.qmc
import time:      2948 |       2948 |                                           scipy.stats._page_trend_test
import time:      6690 |       6690 |                                           scipy.stats._mannwhitneyu
import time:      2110 |       2110 |                                           scipy.stats._bws_test
import time:      5091 |       5091 |                                           scipy.stats._sensitivity_analysis
import time:      5970 |       5970 |                                           scipy.stats._survival
import time:      3093 |       3093 |                                             scipy.stats._probability_distribution
import time:     19103 |      22195 |                                           scipy.stats._distribution_infrastructure
import time:     59258 |      59258 |                                           scipy.stats._new_distributions
import time:      1729 |       1729 |                                                     scipy.ndimage._ni_support
import time:      1234 |       1234 |                                                     scipy.ndimage._nd_image
import time:      1154 |       1154 |                                                     scipy.ndimage._ni_docstrings
import time:      1237 |       1237 |                                                     scipy.ndimage._rank_filter_1d
import time:      4897 |      10248 |                                                   scipy.ndimage._filters
import time:      1626 |       1626 |                                                   scipy.ndimage._fourier
import time:      1932 |       1932 |                                                   scipy.ndimage._interpolation
import time:      1221 |       1221 |                                                     scipy.ndimage._ni_label
import time:      1704 |       1704 |                                                     scipy.ndimage._morphology
import time:      1935 |       4859 |                                                   scipy.ndimage._measurements
import time:      2904 |      21567 |                                                 scipy.ndimage._ndimage_api
import time:      1438 |       1438 |                                                 scipy.ndimage._delegators
import time:     77490 |     100494 |                                               scipy.ndimage._support_alternative_backends
import time:      1840 |       1840 |                                               scipy.ndimage.filters
import time:      1738 |       1738 |                                               scipy.ndimage.fourier
import time:      2135 |       2135 |                                               scipy.ndimage.interpolation
import time:      2327 |       2327 |                                               scipy.ndimage.measurements
import time:      1178 |       1178 |                                               scipy.ndimage.morphology
import time:      3289 |     112999 |                                             scipy.ndimage
import time:      5195 |     118193 |                                           scipy.stats._mgc
import time:      9223 |       9223 |                                           scipy.stats._correlation
import time:      1708 |       1708 |                                           scipy.stats.biasedurn
import time:      1718 |       1718 |                                           scipy.stats.kde
import time:      1342 |       1342 |                                           scipy.stats.morestats
import time:      2148 |       2148 |                                           scipy.stats.mstats_basic
import time:      3944 |       3944 |                                           scipy.stats.mstats_extras
import time:      1634 |       1634 |                                           scipy.stats.mvn
import time:      1365 |       1365 |                                           scipy.stats.stats
import time:      3795 |    1084390 |                                         scipy.stats
import time:      1560 |       1560 |                                             dateutil._version
import time:      1710 |       3270 |                                           dateutil
import time:      2377 |       2377 |                                             pandas.compat._constants
import time:      1343 |       1343 |                                                 pandas.util
import time:      3114 |       4456 |                                               pandas.util.version
import time:      1935 |       6391 |                                             pandas.compat.numpy
import time:      3383 |       3383 |                                                 pyarrow._generated_version
import time:       374 |        374 |                                                   cloudpickle
import time:      2000 |       2000 |                                                   pyarrow.util
import time:     24122 |      26496 |                                                 pyarrow.lib
import time:      2116 |       2116 |                                                 pyarrow.ipc
import time:      2373 |       2373 |                                                 pyarrow.types
import time:      2349 |      36715 |                                               pyarrow
import time:      1567 |      38282 |                                             pandas.compat.pyarrow
import time:      3974 |      51023 |                                           pandas.compat
import time:      6470 |       6470 |                                               pandas._typing
import time:      1010 |       1010 |                                               pandas.util._exceptions
import time:      2136 |       9615 |                                             pandas._config.config
import time:      1157 |       1157 |                                             pandas._config.dates
import time:       771 |        771 |                                             pandas._config.display
import time:      1944 |      13486 |                                           pandas._config
import time:       705 |        705 |                                             pandas.core
import time:      1238 |       1238 |                                                   pandas._libs.pandas_parser
import time:      1279 |       1279 |                                                   pandas._libs.pandas_datetime
import time:      2635 |       2635 |                                                                 pandas._libs._cyutility
import time:      2653 |       5288 |                                                               pandas._libs.tslibs.ccalendar
import time:      2717 |       2717 |                                                               pandas._libs.tslibs.np_datetime
import time:      5004 |      13008 |                                                             pandas._libs.tslibs.dtypes
import time:      1827 |       1827 |                                                               pandas._libs.tslibs.base
import time:      2472 |       2472 |                                                                   pandas._libs.tslibs.nattype
import time:      2100 |       2100 |                                                                       zoneinfo._zoneinfo
import time:      1631 |       1631 |                                                                       pandas.compat._optional
import time:      3076 |       3076 |                                                                           six
import time:        93 |         93 |                                                                           six.moves
import time:      2224 |       2224 |                                                                           dateutil.tz._common
import time:      2042 |       2042 |                                                                           dateutil.tz._factories
import time:      2071 |       2071 |                                                                           dateutil.tz.win
import time:      2976 |      12480 |                                                                         dateutil.tz.tz
import time:      2098 |      14578 |                                                                       dateutil.tz
import time:      5720 |      24027 |                                                                     pandas._libs.tslibs.timezones
import time:      1393 |       1393 |                                                                       pandas._libs.properties
import time:      1517 |       2910 |                                                                     pandas.util._decorators
import time:      2342 |       2342 |                                                                       _strptime
import time:      1780 |       1780 |                                                                       pandas._config.localization
import time:      1790 |       5911 |                                                                     pandas._libs.tslibs.fields
import time:      4456 |      37303 |                                                                   pandas._libs.tslibs.timedeltas
import time:      1896 |       1896 |                                                                   pandas._libs.tslibs.tzconversion
import time:      3568 |      45238 |                                                                 pandas._libs.tslibs.timestamps
import time:      1544 |       1544 |                                                                 dateutil.easter
import time:      4800 |      51580 |                                                               pandas._libs.tslibs.offsets
import time:      1137 |       1137 |                                                                     dateutil._common
import time:      4691 |       5828 |                                                                   dateutil.parser._parser
import time:      1984 |       1984 |                                                                   dateutil.parser.isoparser
import time:      1380 |       9191 |                                                                 dateutil.parser
import time:      2943 |       2943 |                                                                 pandas._libs.tslibs.strptime
import time:      1790 |      13923 |                                                               pandas._libs.tslibs.parsing
import time:      2789 |      70117 |                                                             pandas._libs.tslibs.conversion
import time:      2468 |       2468 |                                                             pandas._libs.tslibs.period
import time:      1764 |       1764 |                                                             pandas._libs.tslibs.vectorized
import time:      2856 |      90211 |                                                           pandas._libs.tslibs
import time:       102 |      90313 |                                                         pandas._libs.tslibs.nattype
import time:      1858 |       1858 |                                                         pandas._libs.ops_dispatch
import time:    160156 |     252326 |                                                       pandas._libs.missing
import time:      4560 |     256886 |                                                     pandas._libs.hashtable
import time:      3301 |       3301 |                                                     pandas._libs.algos
import time:      2870 |     263055 |                                                   pandas._libs.interval
import time:      1045 |     266617 |                                                 pandas._libs
import time:       240 |     266856 |                                               pandas._libs.tslibs
import time:      2150 |     269005 |                                             pandas.errors
import time:      2803 |     272512 |                                           pandas.core.config_init
import time:      1530 |       1530 |                                               pandas.core.dtypes
import time:      2597 |       2597 |                                               pandas._libs.lib
import time:      1443 |       1443 |                                                 pandas.core.dtypes.generic
import time:      1738 |       3181 |                                               pandas.core.dtypes.base
import time:      1227 |       1227 |                                               pandas.core.dtypes.inference
import time:      3184 |      11716 |                                             pandas.core.dtypes.dtypes
import time:      1467 |       1467 |                                               pandas.core.dtypes.common
import time:      1351 |       2818 |                                             pandas.core.dtypes.missing
import time:       731 |        731 |                                                   pandas.io
import time:      1188 |       1919 |                                                 pandas.io._util
import time:      1298 |       3217 |                                               pandas.core.dtypes.cast
import time:       836 |        836 |                                                 pandas.core.dtypes.astype
import time:       785 |       1621 |                                               pandas.core.dtypes.concat
import time:       971 |        971 |                                                 pandas.core.array_algos
import time:       884 |        884 |                                                     pandas.core.col
import time:       919 |       1803 |                                                   pandas.core.common
import time:      1038 |       2840 |                                                 pandas.core.construction
import time:      1648 |       5459 |                                               pandas.core.array_algos.take
import time:       953 |        953 |                                                 pandas.core.indexers.utils
import time:       745 |       1697 |                                               pandas.core.indexers
import time:      1127 |      13119 |                                             pandas.core.algorithms
import time:      9425 |       9425 |                                                     pyarrow._compute
import time:      1452 |       1452 |                                                     pyarrow._compute_docstrings
import time:      1533 |       1533 |                                                     pyarrow.vendored
import time:      2465 |       2465 |                                                     pyarrow.vendored.docscrape
import time:     48104 |      62977 |                                                   pyarrow.compute
import time:      1892 |      64868 |                                                 pandas.core.arrays.arrow.accessors
import time:      2320 |       2320 |                                                   pandas.core.missing
import time:      2197 |       2197 |                                                       pandas._libs.ops
import time:      1535 |       1535 |                                                       pandas.core.roperator
import time:      1322 |       1322 |                                                       pandas.core.computation
import time:      1743 |       1743 |                                                         pandas.core.computation.check
import time:      2486 |       4228 |                                                       pandas.core.computation.expressions
import time:      1261 |       1261 |                                                       pandas.core.ops.missing
import time:      1227 |       1227 |                                                       pandas.core.ops.dispatch
import time:      1095 |       1095 |                                                       pandas.core.ops.invalid
import time:      2660 |      15522 |                                                     pandas.core.ops.array_ops
import time:      1085 |       1085 |                                                     pandas.core.ops.common
import time:      1155 |       1155 |                                                     pandas.core.ops.docstrings
import time:       972 |        972 |                                                     pandas.core.ops.mask_ops
import time:      2457 |      21191 |                                                   pandas.core.ops
import time:      1330 |       1330 |                                                   pandas.core.arraylike
import time:      1140 |       1140 |                                                   pandas.core.arrays._arrow_string_mixins
import time:       900 |        900 |                                                   pandas.core.arrays._utils
import time:       952 |        952 |                                                       pandas.util._validators
import time:      1827 |       2778 |                                                     pandas.compat.numpy.function
import time:       795 |        795 |                                                     pandas.core.array_algos.quantile
import time:       886 |        886 |                                                     pandas.core.sorting
import time:      1636 |       6093 |                                                   pandas.core.arrays.base
import time:      1816 |       1816 |                                                     pandas.core.nanops
import time:       701 |        701 |                                                     pandas.core.array_algos.masked_accumulations
import time:       735 |        735 |                                                     pandas.core.array_algos.masked_reductions
import time:       730 |        730 |                                                     pandas.core.array_algos.transforms
import time:       627 |        627 |                                                       pandas.core.util
import time:       779 |        779 |                                                       pandas._libs.hashing
import time:       880 |       2285 |                                                     pandas.core.util.hashing
import time:      1325 |       7590 |                                                   pandas.core.arrays.masked
import time:       706 |        706 |                                                     pandas._libs.arrays
import time:       873 |        873 |                                                       pandas.core.arrays.numeric
import time:       821 |       1693 |                                                     pandas.core.arrays.floating
import time:      1051 |       1051 |                                                     pandas.core.arrays.integer
import time:      1090 |       1090 |                                                       pandas.core.arrays._mixins
import time:       715 |        715 |                                                         pandas.core.strings
import time:      1100 |       1815 |                                                       pandas.core.strings.object_array
import time:      1454 |       4358 |                                                     pandas.core.arrays.numpy_
import time:       766 |        766 |                                                     pandas.io.formats
import time:       768 |        768 |                                                       pandas.io.formats.console
import time:      1208 |       1975 |                                                     pandas.io.formats.printing
import time:      1388 |      11934 |                                                   pandas.core.arrays.string_
import time:       856 |        856 |                                                     pandas.tseries
import time:      1091 |       1947 |                                                   pandas.tseries.frequencies
import time:      4432 |      58873 |                                                 pandas.core.arrays.arrow.array
import time:      1540 |     125281 |                                               pandas.core.arrays.arrow
import time:       865 |        865 |                                               pandas.core.arrays.boolean
import time:       946 |        946 |                                                 pandas.core.accessor
import time:      1160 |       1160 |                                                 pandas.core.base
import time:      1365 |       3470 |                                               pandas.core.arrays.categorical
import time:      1085 |       1085 |                                                 pandas._libs.tslib
import time:      1061 |       1061 |                                                   pandas.core.array_algos.datetimelike_accumulations
import time:      4271 |       5332 |                                                 pandas.core.arrays.datetimelike
import time:       900 |        900 |                                                 pandas.core.arrays._ranges
import time:       708 |        708 |                                                 pandas.tseries.offsets
import time:      1515 |       9539 |                                               pandas.core.arrays.datetimes
import time:      1242 |       1242 |                                                 pandas.core.arrays.timedeltas
import time:      1386 |       2627 |                                               pandas.core.arrays.interval
import time:      1093 |       1093 |                                               pandas.core.arrays.period
import time:       931 |        931 |                                                     pandas._libs.sparse
import time:      1337 |       2267 |                                                   pandas.core.arrays.sparse.array
import time:       929 |       3196 |                                                 pandas.core.arrays.sparse.accessor
import time:       689 |       3885 |                                               pandas.core.arrays.sparse
import time:       996 |        996 |                                               pandas.core.arrays.string_arrow
import time:       985 |     148736 |                                             pandas.core.arrays
import time:       786 |        786 |                                             pandas.core.flags
import time:      1114 |       1114 |                                                   pandas._libs.internals
import time:      1088 |       1088 |                                                     pandas.core._numba
import time:       801 |        801 |                                                     pandas.core.util.numba_
import time:      1041 |       2929 |                                                   pandas.core._numba.executor
import time:      1470 |       5512 |                                                 pandas.core.apply
import time:      1159 |       1159 |                                                   pandas.errors.cow
import time:       776 |        776 |                                                       pandas._libs.indexing
import time:       952 |        952 |                                                         pandas.core.indexes
import time:      2039 |       2039 |                                                           pandas._libs.index
import time:       805 |        805 |                                                           pandas._libs.writers
import time:      1057 |       1057 |                                                           pandas._libs.join
import time:       792 |        792 |                                                           pandas.core.array_algos.putmask
import time:      1068 |       1068 |                                                           pandas.core.indexes.frozen
import time:      1428 |       1428 |                                                           pandas.core.strings.accessor
import time:      2966 |      10152 |                                                         pandas.core.indexes.base
import time:       904 |        904 |                                                           pandas.core.indexes.extension
import time:      1128 |       2031 |                                                         pandas.core.indexes.category
import time:      1180 |       1180 |                                                             pandas.core.indexes.range
import time:      1112 |       1112 |                                                               pandas.core.tools
import time:      1083 |       2195 |                                                             pandas.core.tools.timedeltas
import time:      1187 |       4561 |                                                           pandas.core.indexes.datetimelike
import time:      1088 |       1088 |                                                           pandas.core.tools.times
import time:      1492 |       7140 |                                                         pandas.core.indexes.datetimes
import time:      1686 |       1686 |                                                           pandas.core.indexes.multi
import time:      1062 |       1062 |                                                           pandas.core.indexes.timedeltas
import time:      1436 |       4183 |                                                         pandas.core.indexes.interval
import time:      1204 |       1204 |                                                         pandas.core.indexes.period
import time:      1575 |      27234 |                                                       pandas.core.indexes.api
import time:      1662 |      29671 |                                                     pandas.core.indexing
import time:       771 |        771 |                                                     pandas.core.sample
import time:       716 |        716 |                                                     pandas.core.array_algos.replace
import time:      1817 |       1817 |                                                         pandas.core.internals.blocks
import time:       907 |       2723 |                                                       pandas.core.internals.api
import time:      1371 |       1371 |                                                           pandas.core.internals.ops
import time:      2316 |       3687 |                                                         pandas.core.internals.managers
import time:      1109 |       4795 |                                                       pandas.core.internals.concat
import time:       803 |       8321 |                                                     pandas.core.internals
import time:       716 |        716 |                                                       pandas.core.methods
import time:       711 |        711 |                                                         pandas.core.reshape
import time:      1050 |       1760 |                                                       pandas.core.reshape.concat
import time:      2849 |       2849 |                                                         pandas.io.common
import time:      1768 |       4616 |                                                       pandas.io.formats.format
import time:      1150 |       8240 |                                                     pandas.core.methods.describe
import time:       898 |        898 |                                                     pandas.core.shared_docs
import time:       743 |        743 |                                                           pandas._libs.window
import time:      1169 |       1912 |                                                         pandas._libs.window.aggregations
import time:      1740 |       1740 |                                                           pandas._libs.window.indexers
import time:       981 |       2720 |                                                         pandas.core.indexers.objects
import time:      1096 |       1096 |                                                         pandas.core.window.common
import time:      1160 |       1160 |                                                         pandas.core.window.numba_
import time:       935 |        935 |                                                         pandas.core.window.online
import time:      1503 |       1503 |                                                         pandas.core.window.rolling
import time:      1151 |      10476 |                                                       pandas.core.window.ewm
import time:       910 |        910 |                                                       pandas.core.window.expanding
import time:       693 |      12078 |                                                     pandas.core.window
import time:      2603 |      63293 |                                                   pandas.core.generic
import time:      1065 |       1065 |                                                   pandas.core.internals.construction
import time:       919 |        919 |                                                   pandas.core.methods.selectn
import time:       864 |        864 |                                                     pandas.core.tools.numeric
import time:       797 |       1661 |                                                   pandas.core.reshape.melt
import time:       912 |        912 |                                                     pandas._libs.reshape
import time:      1300 |       1300 |                                                     pandas.core.indexes.accessors
import time:       922 |        922 |                                                       pandas.arrays
import time:      1257 |       2179 |                                                     pandas.core.tools.datetimes
import time:      1354 |       1354 |                                                     pandas.io.formats.info
import time:      1032 |       1032 |                                                       pandas.plotting._core
import time:      1013 |       1013 |                                                       pandas.plotting._misc
import time:       909 |       2953 |                                                     pandas.plotting
import time:      6599 |      15294 |                                                   pandas.core.series
import time:      9653 |      93042 |                                                 pandas.core.frame
import time:      3448 |       3448 |                                                 pandas.core.groupby.base
import time:      1700 |       1700 |                                                   pandas._libs.groupby
import time:      1085 |       1085 |                                                   pandas.core.groupby.numba_
import time:       786 |        786 |                                                       pandas.core.groupby.categorical
import time:      1065 |       1851 |                                                     pandas.core.groupby.grouper
import time:      1743 |       3594 |                                                   pandas.core.groupby.ops
import time:      1217 |       1217 |                                                   pandas.core.groupby.indexing
import time:      2383 |       9977 |                                                 pandas.core.groupby.groupby
import time:      2703 |     114681 |                                               pandas.core.groupby.generic
import time:       733 |     115414 |                                             pandas.core.groupby
import time:      2070 |     294656 |                                           pandas.core.api
import time:       697 |        697 |                                           pandas.tseries.api
import time:       936 |        936 |                                                   pandas.core.computation.common
import time:       805 |       1740 |                                                 pandas.core.computation.align
import time:       840 |        840 |                                                   pandas.core.computation.scope
import time:      1063 |       1902 |                                                 pandas.core.computation.ops
import time:       906 |       4548 |                                               pandas.core.computation.engines
import time:       823 |        823 |                                                 pandas.core.computation.parsing
import time:      1691 |       2514 |                                               pandas.core.computation.expr
import time:       748 |       7808 |                                             pandas.core.computation.eval
import time:       619 |       8427 |                                           pandas.core.computation.api
import time:       760 |        760 |                                             pandas.core.reshape.encoding
import time:      3633 |       3633 |                                             pandas.core.reshape.merge
import time:      1418 |       1418 |                                             pandas.core.reshape.pivot
import time:      1305 |       1305 |                                             pandas.core.reshape.tile
import time:       830 |       7943 |                                           pandas.core.reshape.api
import time:      1065 |       1065 |                                             pandas.api.executors
import time:       734 |        734 |                                             pandas.api.extensions
import time:       651 |        651 |                                             pandas.api.indexers
import time:       646 |        646 |                                                 pandas.core.interchange
import time:      1593 |       2239 |                                               pandas.core.interchange.dataframe_protocol
import time:       794 |        794 |                                                 pandas.core.interchange.utils
import time:      1218 |       2012 |                                               pandas.core.interchange.from_dataframe
import time:       656 |       4907 |                                             pandas.api.interchange
import time:       676 |        676 |                                               pandas.core.dtypes.api
import time:       693 |       1368 |                                             pandas.api.types
import time:      1416 |       1416 |                                               pandas.core.resample
import time:      1227 |       1227 |                                                     pandas._libs.json
import time:      1151 |       1151 |                                                     pandas.io.json._normalize
import time:       821 |        821 |                                                     pandas.io.json._table_schema
import time:      1144 |       1144 |                                                           pandas._libs.parsers
import time:      1138 |       1138 |                                                             pandas.io.parsers.base_parser
import time:      1099 |       2237 |                                                           pandas.io.parsers.arrow_parser_wrapper
import time:       801 |        801 |                                                           pandas.io.parsers.c_parser_wrapper
import time:      1015 |       1015 |                                                           pandas.io.parsers.python_parser
import time:      1348 |       6542 |                                                         pandas.io.parsers.readers
import time:      1061 |       7603 |                                                       pandas.io.parsers
import time:        31 |       7634 |                                                     pandas.io.parsers.readers
import time:      1531 |      12362 |                                                   pandas.io.json._json
import time:       898 |      13260 |                                                 pandas.io.json
import time:        34 |      13294 |                                               pandas.io.json._json
import time:       865 |        865 |                                                   pandas.io.sas.sasreader
import time:       799 |       1664 |                                                 pandas.io.sas
import time:        30 |       1693 |                                               pandas.io.sas.sasreader
import time:      2351 |       2351 |                                               pandas.io.stata
import time:       716 |      19468 |                                             pandas.api.typing
import time:      1580 |      29772 |                                           pandas.api
import time:       874 |        874 |                                               pandas._testing._io
import time:       713 |        713 |                                               pandas._testing._warnings
import time:       836 |        836 |                                                 pandas._libs.testing
import time:      1038 |       1873 |                                               pandas._testing.asserters
import time:       686 |        686 |                                               pandas._testing.compat
import time:       719 |        719 |                                               pandas._testing.contexts
import time:      1209 |       6072 |                                             pandas._testing
import time:       829 |       6901 |                                           pandas.testing
import time:       737 |        737 |                                           pandas.util._print_versions
import time:       795 |        795 |                                             pandas.io.clipboards
import time:       786 |        786 |                                                 pandas.io.excel._util
import time:       832 |        832 |                                                 pandas.io.excel._calamine
import time:       848 |        848 |                                                 pandas.io.excel._odfreader
import time:       932 |        932 |                                                 pandas.io.excel._openpyxl
import time:       744 |        744 |                                                 pandas.io.excel._pyxlsb
import time:       782 |        782 |                                                 pandas.io.excel._xlrd
import time:      1582 |       6502 |                                               pandas.io.excel._base
import time:       747 |        747 |                                               pandas.io.excel._odswriter
import time:       773 |        773 |                                               pandas.io.excel._xlsxwriter
import time:       763 |       8785 |                                             pandas.io.excel
import time:       684 |        684 |                                             pandas.io.feather_format
import time:      1139 |       1139 |                                             pandas.io.html
import time:       881 |        881 |                                             pandas.io.iceberg
import time:       649 |        649 |                                             pandas.io.orc
import time:       868 |        868 |                                             pandas.io.parquet
import time:       764 |        764 |                                               pandas.compat.pickle_compat
import time:       764 |       1527 |                                             pandas.io.pickle
import time:      1185 |       1185 |                                               pandas.core.computation.pytables
import time:      2473 |       3657 |                                             pandas.io.pytables
import time:       721 |        721 |                                             pandas.io.spss
import time:      1363 |       1363 |                                             pandas.io.sql
import time:      1799 |       1799 |                                             pandas.io.xml
import time:       786 |      23648 |                                           pandas.io.api
import time:       757 |        757 |                                           pandas.util._tester
import time:       694 |        694 |                                           pandas._version_meson
import time:      3143 |     717660 |                                         pandas
import time:       738 |        738 |                                           sklearn.externals._packaging
import time:       881 |        881 |                                           sklearn.externals._packaging._structures
import time:      3231 |       4849 |                                         sklearn.externals._packaging.version
import time:       866 |        866 |                                             ctypes.util
import time:      1803 |       2669 |                                           threadpoolctl
import time:      1146 |       3814 |                                         sklearn.utils.parallel
import time:      1371 |    1859221 |                                       sklearn.utils.fixes
import time:      1479 |    2070321 |                                     sklearn.utils._array_api
import time:       941 |        941 |                                       sklearn._cyutility
import time:      1068 |       2008 |                                     sklearn.utils._isfinite
import time:      3650 |       3650 |                                     sklearn.utils._tags
import time:      1451 |    2195482 |                                   sklearn.utils.validation
import time:      2527 |    2407588 |                                 sklearn.utils._param_validation
import time:      2629 |    2410216 |                               sklearn.utils._chunking
import time:      1006 |       1006 |                                   sklearn.utils.deprecation
import time:      1064 |       1064 |                                     sklearn.utils.sparsefuncs_fast
import time:       961 |       2025 |                                   sklearn.utils.sparsefuncs
import time:      1090 |       4121 |                                 sklearn.utils.extmath
import time:      1089 |       5209 |                               sklearn.utils._indexing
import time:       671 |        671 |                                 sklearn.utils._missing
import time:       971 |        971 |                                 sklearn.utils._sparse
import time:       824 |       2466 |                               sklearn.utils._mask
import time:       845 |        845 |                                 sklearn.utils._repr_html
import time:      1108 |       1953 |                               sklearn.utils._repr_html.base
import time:       643 |        643 |                                 sklearn.utils._repr_html.features
import time:      1572 |       2214 |                               sklearn.utils._repr_html.estimator
import time:       743 |        743 |                               sklearn.utils.class_weight
import time:      1521 |       1521 |                               sklearn.utils.discovery
import time:      1209 |       1209 |                               sklearn.utils.murmurhash
import time:      1626 |    2432898 |                             sklearn.utils
import time:        56 |    2432954 |                           sklearn.utils._metadata_requests
import time:       178 |        178 |                               sklearn.externals._numpydoc
import time:      1397 |       1397 |                               sklearn.externals._numpydoc.docscrape
import time:       809 |       2383 |                             sklearn.utils._repr_html.common
import time:      1066 |       3449 |                           sklearn.utils._repr_html.fitted_attributes
import time:       802 |        802 |                           sklearn.utils._repr_html.params
import time:       719 |        719 |                             sklearn.utils._available_if
import time:       940 |       1658 |                           sklearn.utils._set_output
import time:      2206 |    2443030 |                         sklearn.base
import time:       632 |        632 |                           sklearn.utils._openmp_helpers
import time:       717 |       1349 |                         sklearn.utils._show_versions
import time:      2409 |    2458740 |                       sklearn
import time:       823 |        823 |                         sklearn.metrics.cluster._bicluster
import time:       772 |        772 |                           sklearn.metrics.cluster._expected_mutual_info_fast
import time:       814 |        814 |                             sklearn.utils._unique
import time:       922 |       1736 |                           sklearn.utils.multiclass
import time:       883 |       3389 |                         sklearn.metrics.cluster._supervised
import time:      1116 |       1116 |                                 sklearn.metrics._dist_metrics
import time:       907 |        907 |                                     sklearn.metrics._pairwise_distances_reduction._datasets_pair
import time:      1180 |       1180 |                                     sklearn.utils._cython_blas
import time:       940 |       3026 |                                   sklearn.metrics._pairwise_distances_reduction._base
import time:       876 |        876 |                                   sklearn.metrics._pairwise_distances_reduction._middle_term_computer
import time:       672 |        672 |                                   sklearn.utils._heap
import time:       899 |        899 |                                   sklearn.utils._sorting
import time:      1618 |       7088 |                                 sklearn.metrics._pairwise_distances_reduction._argkmin
import time:       848 |        848 |                                 sklearn.metrics._pairwise_distances_reduction._argkmin_classmode
import time:       743 |        743 |                                   sklearn.utils._vector_sentinel
import time:       936 |       1678 |                                 sklearn.metrics._pairwise_distances_reduction._radius_neighbors
import time:      1013 |       1013 |                                 sklearn.metrics._pairwise_distances_reduction._radius_neighbors_classmode
import time:      1159 |      12900 |                               sklearn.metrics._pairwise_distances_reduction._dispatcher
import time:       734 |      13633 |                             sklearn.metrics._pairwise_distances_reduction
import time:       747 |        747 |                             sklearn.metrics._pairwise_fast
import time:       942 |        942 |                                   sklearn.callback._base
import time:       806 |        806 |                                   sklearn.callback._callback_context
import time:       706 |        706 |                                   sklearn.callback._callback_support
import time:       845 |        845 |                                     sklearn.callback._transport
import time:       673 |        673 |                                     sklearn.utils._optional_dependencies
import time:       948 |       2465 |                                   sklearn.callback._progressbar
import time:      1176 |       1176 |                                   sklearn.callback._scoring_monitor
import time:      1010 |       7102 |                                 sklearn.callback
import time:      1321 |       1321 |                                   sklearn.utils._encode
import time:      2217 |       3538 |                                 sklearn.preprocessing._encoders
import time:      3168 |      13807 |                               sklearn.preprocessing._data
import time:       751 |        751 |                                 sklearn.utils.stats
import time:      1431 |       2182 |                               sklearn.preprocessing._discretization
import time:       772 |        772 |                                 sklearn.utils.metaestimators
import time:      1068 |       1840 |                               sklearn.preprocessing._function_transformer
import time:      1354 |       1354 |                               sklearn.preprocessing._label
import time:       998 |        998 |                                 sklearn.preprocessing._csr_polynomial_expansion
import time:      1346 |       2343 |                               sklearn.preprocessing._polynomial
import time:       705 |        705 |                                 sklearn.preprocessing._target_encoder_fast
import time:      1146 |       1850 |                               sklearn.preprocessing._target_encoder
import time:       897 |      24270 |                             sklearn.preprocessing
import time:      1262 |      39911 |                           sklearn.metrics.pairwise
import time:      1013 |      40924 |                         sklearn.metrics.cluster._unsupervised
import time:      1026 |      46161 |                       sklearn.metrics.cluster
import time:      1295 |       1295 |                       sklearn.metrics._classification
import time:       685 |        685 |                         sklearn.metrics._plot
import time:      1040 |       1040 |                           sklearn.utils._response
import time:      1044 |       2084 |                         sklearn.utils._plotting
import time:       894 |       3662 |                       sklearn.metrics._plot.confusion_matrix
import time:       863 |        863 |                           sklearn.metrics._base
import time:      1104 |       1966 |                         sklearn.metrics._ranking
import time:       885 |       2851 |                       sklearn.metrics._plot.det_curve
import time:       794 |        794 |                       sklearn.metrics._plot.precision_recall_curve
import time:       802 |        802 |                       sklearn.metrics._plot.regression
import time:      1006 |       1006 |                       sklearn.metrics._plot.roc_curve
import time:      1184 |       1184 |                       sklearn.metrics._regression
import time:      3789 |       3789 |                       sklearn.metrics._scorer
import time:      1228 |    2521505 |                     sklearn.metrics
import time:       983 |        983 |                     sentence_transformers.util.tensor
import time:      1774 |    2524261 |                   sentence_transformers.util.similarity
import time:      1279 |    2525539 |                 sentence_transformers.util.retrieval
import time:      2572 |    2542365 |               sentence_transformers.util
import time:      1798 |    2544163 |             sentence_transformers.backend.quantize
import time:      1614 |    6960229 |           sentence_transformers.backend
import time:      1489 |       1489 |               sentence_transformers.base.data_collator
import time:      1419 |       1419 |                 huggingface_hub.serialization._base
import time:      1202 |       1202 |                 huggingface_hub.serialization._torch
import time:      1465 |       1465 |                   safetensors._safetensors_rust
import time:       874 |       2338 |                 safetensors
import time:      1165 |       1165 |                 safetensors.torch
import time:       969 |        969 |                 transformers.initialization
import time:       776 |        776 |                       transformers.distributed
import time:       778 |        778 |                                   torch.distributed._functional_collectives_impl
import time:       876 |        876 |                                   torch.utils._cxx_pytree
import time:    708533 |     710186 |                                 torch.distributed._functional_collectives
import time:      3373 |       3373 |                                   torch.distributed._local_tensor._c10d
import time:      6736 |      10109 |                                 torch.distributed._local_tensor
import time:      4129 |       4129 |                                         mpmath.usertools
import time:       369 |        369 |                                                     gmpy2
import time:       260 |        260 |                                                     gmpy
import time:      1453 |       2082 |                                                   mpmath.libmp.backend
import time:      1931 |       1931 |                                                   mpmath.libmp.libintmath
import time:      2542 |       6554 |                                                 mpmath.libmp.libmpf
import time:      2772 |       2772 |                                                   mpmath.libmp.libelefun
import time:      3173 |       5944 |                                                 mpmath.libmp.libmpc
import time:      3256 |       3256 |                                                   mpmath.libmp.gammazeta
import time:      1992 |       5248 |                                                 mpmath.libmp.libhyper
import time:      1734 |       1734 |                                                 mpmath.libmp.libmpi
import time:      1875 |      21353 |                                               mpmath.libmp
import time:        71 |      21424 |                                             mpmath.libmp.backend
import time:      1578 |       1578 |                                                 mpmath.functions.functions
import time:      1542 |       1542 |                                                 mpmath.functions.factorials
import time:      1351 |       1351 |                                                 mpmath.functions.hypergeometric
import time:      2050 |       2050 |                                                 mpmath.functions.expintegrals
import time:      1643 |       1643 |                                                 mpmath.functions.bessel
import time:      1263 |       1263 |                                                 mpmath.functions.orthogonal
import time:      1422 |       1422 |                                                 mpmath.functions.theta
import time:      1359 |       1359 |                                                 mpmath.functions.elliptic
import time:      1095 |       1095 |                                                 mpmath.functions.signals
import time:      1532 |       1532 |                                                 mpmath.functions.zeta
import time:      1220 |       1220 |                                                 mpmath.functions.rszeta
import time:      1732 |       1732 |                                                 mpmath.functions.zetazeros
import time:      1034 |       1034 |                                                 mpmath.functions.qfunctions
import time:      1888 |      20704 |                                               mpmath.functions
import time:        33 |      20736 |                                             mpmath.functions.functions
import time:      1405 |       1405 |                                                 mpmath.calculus.calculus
import time:      1142 |       1142 |                                                 mpmath.calculus.approximation
import time:       949 |        949 |                                                 mpmath.calculus.differentiation
import time:      1049 |       1049 |                                                 mpmath.calculus.extrapolation
import time:       754 |        754 |                                                 mpmath.calculus.polynomials
import time:      1448 |       6744 |                                               mpmath.calculus
import time:       916 |       7659 |                                             mpmath.calculus.quadrature
import time:       922 |        922 |                                             mpmath.calculus.inverselaplace
import time:       950 |        950 |                                             mpmath.calculus.optimization
import time:       788 |        788 |                                             mpmath.calculus.odes
import time:       882 |        882 |                                                 mpmath.matrices.eigen
import time:       800 |        800 |                                                 mpmath.matrices.eigen_symmetric
import time:       736 |       2418 |                                               mpmath.matrices
import time:       929 |       3346 |                                             mpmath.matrices.matrices
import time:       879 |        879 |                                             mpmath.matrices.calculus
import time:       896 |        896 |                                             mpmath.matrices.linalg
import time:       836 |        836 |                                             mpmath.identification
import time:      1025 |       1025 |                                             mpmath.visualization
import time:      1948 |      61405 |                                           mpmath.ctx_base
import time:       841 |        841 |                                           mpmath.math2
import time:      1119 |       1119 |                                           mpmath.function_docs
import time:      2390 |      65754 |                                         mpmath.ctx_fp
import time:       831 |        831 |                                           mpmath.rational
import time:      3441 |       3441 |                                           mpmath.ctx_mp_python
import time:      1857 |       6128 |                                         mpmath.ctx_mp
import time:      1604 |       1604 |                                         mpmath.ctx_iv
import time:      5052 |      82665 |                                       mpmath
import time:      1043 |       1043 |                                       sympy.release
import time:       889 |        889 |                                                     sympy.utilities.enumerative
import time:      1058 |       1058 |                                                     sympy.utilities.misc
import time:       781 |        781 |                                                       sympy.utilities.exceptions
import time:       762 |       1542 |                                                     sympy.utilities.decorator
import time:      1343 |       4831 |                                                   sympy.utilities.iterables
import time:       881 |        881 |                                                       sympy.external.importtools
import time:       712 |       1593 |                                                     sympy.external
import time:       988 |       2581 |                                                   sympy.utilities.lambdify
import time:       735 |        735 |                                                   sympy.utilities.timeutils
import time:       712 |       8857 |                                                 sympy.utilities
import time:        38 |       8894 |                                               sympy.utilities.iterables
import time:       849 |       9742 |                                             sympy.core.random
import time:       821 |        821 |                                               sympy.core.cache
import time:       713 |       1534 |                                             sympy.core.parameters
import time:       950 |        950 |                                                   sympy.core.logic
import time:      1156 |       2106 |                                                 sympy.core.facts
import time:      1043 |       1043 |                                                 sympy.core.assumptions_generated
import time:      1646 |       4794 |                                               sympy.core.assumptions
import time:       832 |        832 |                                               sympy.core.sorting
import time:       722 |        722 |                                                           sympy.multipledispatch.utils
import time:       808 |       1529 |                                                         sympy.multipledispatch.conflict
import time:      1207 |       2735 |                                                       sympy.multipledispatch.dispatcher
import time:      1684 |       4419 |                                                     sympy.multipledispatch.core
import time:       766 |       5184 |                                                   sympy.multipledispatch
import time:        36 |       5220 |                                                 sympy.multipledispatch.dispatcher
import time:       970 |       6190 |                                               sympy.core.kind
import time:       847 |        847 |                                               sympy.core._print_helpers
import time:       674 |        674 |                                                 sympy.core.core
import time:       821 |       1495 |                                               sympy.core.singleton
import time:       751 |        751 |                                               sympy.core.traversal
import time:      1517 |      16423 |                                             sympy.core.basic
import time:      1019 |      28716 |                                           sympy.core.sympify
import time:       814 |        814 |                                                 sympy.external.pythonmpq
import time:       752 |        752 |                                                 sympy.external.ntheory
import time:       185 |        185 |                                                 flint
import time:       126 |        126 |                                                 gmpy2
import time:       871 |       2746 |                                               sympy.external.gmpy
import time:      1252 |       3997 |                                             sympy.core.evalf
import time:       719 |        719 |                                             sympy.core.decorators
import time:       688 |        688 |                                             sympy.core.intfunc
import time:      1173 |       1173 |                                               sympy.core.operations
import time:      1263 |       1263 |                                                 sympy.core.containers
import time:      1354 |       1354 |                                                     sympy.core.add
import time:       733 |        733 |                                                     sympy.core.rules
import time:      3948 |       3948 |                                                           sympy.logic.boolalg
import time:      1214 |       1214 |                                                           sympy.logic.inference
import time:       768 |       5929 |                                                         sympy.logic
import time:        30 |       5958 |                                                       sympy.logic.boolalg
import time:      2054 |       8012 |                                                     sympy.core.symbol
import time:      2491 |      12589 |                                                   sympy.core.function
import time:       831 |        831 |                                                     sympy.core.coreerrors
import time:      2439 |       3270 |                                                   sympy.core.relational
import time:      1487 |      17344 |                                                 sympy.core.power
import time:      5486 |      24092 |                                               sympy.core.numbers
import time:      1931 |      27196 |                                             sympy.core.mul
import time:      1408 |       1408 |                                               sympy.core.exprtools
import time:      1119 |       2527 |                                             sympy.core.mod
import time:      2418 |      37542 |                                           sympy.core.expr
import time:       815 |        815 |                                           sympy.core.multidimensional
import time:       820 |      67892 |                                         sympy.core
import time:        39 |      67931 |                                       sympy.core.cache
import time:       676 |        676 |                                           sympy.utilities.source
import time:      1738 |       2413 |                                         sympy.assumptions.assume
import time:      1250 |       1250 |                                           sympy.assumptions.cnf
import time:       907 |        907 |                                           sympy.assumptions.ask_generated
import time:      1582 |       3738 |                                         sympy.assumptions.ask
import time:       781 |        781 |                                         sympy.assumptions.refine
import time:      1355 |       1355 |                                           sympy.assumptions.relation.binrel
import time:       886 |       2241 |                                         sympy.assumptions.relation
import time:       941 |      10112 |                                       sympy.assumptions
import time:      1113 |       1113 |                                             sympy.polys.polyerrors
import time:      1935 |       3047 |                                           sympy.polys.polyoptions
import time:      3205 |       3205 |                                                 sympy.polys.domains.domainelement
import time:      1212 |       1212 |                                                 sympy.polys.orderings
import time:      1401 |       1401 |                                                   sympy.polys.domains.modularinteger
import time:      1069 |       2469 |                                                 sympy.polys.polyutils
import time:      1131 |       8016 |                                               sympy.polys.domains.domain
import time:       727 |        727 |                                                   sympy.polys.domains.ring
import time:       743 |       1470 |                                                 sympy.polys.domains.field
import time:       746 |        746 |                                                 sympy.polys.domains.simpledomain
import time:       784 |        784 |                                                   sympy.polys.polyconfig
import time:       992 |       1775 |                                                 sympy.polys.galoistools
import time:       674 |        674 |                                                   sympy.polys.domains.pythonrational
import time:       732 |       1406 |                                                 sympy.polys.domains.groundtypes
import time:      1036 |       6431 |                                               sympy.polys.domains.finitefield
import time:       641 |        641 |                                                 sympy.polys.domains.characteristiczero
import time:       787 |       1427 |                                               sympy.polys.domains.integerring
import time:       741 |        741 |                                               sympy.polys.domains.rationalfield
import time:       917 |        917 |                                                     sympy.polys.monomials
import time:      1299 |       2216 |                                                   sympy.polys.densebasic
import time:       836 |        836 |                                                   sympy.polys.densearith
import time:      1382 |       1382 |                                                   sympy.polys.densetools
import time:      1178 |       1178 |                                                   sympy.polys.euclidtools
import time:       864 |        864 |                                                   sympy.polys.sqfreetools
import time:       982 |        982 |                                                   sympy.polys.factortools
import time:      1213 |       1213 |                                                   sympy.polys.rootisolation
import time:      2462 |      11129 |                                                 sympy.polys.polyclasses
import time:       914 |      12042 |                                               sympy.polys.domains.algebraicfield
import time:      1371 |       1371 |                                               sympy.polys.domains.gaussiandomains
import time:      1391 |       1391 |                                               sympy.polys.domains.realfield
import time:      2604 |       2604 |                                               sympy.polys.domains.complexfield
import time:       838 |        838 |                                                 sympy.polys.domains.compositedomain
import time:      1140 |       1978 |                                               sympy.polys.domains.polynomialring
import time:      1377 |       1377 |                                               sympy.polys.domains.fractionfield
import time:      1538 |       1538 |                                               sympy.polys.domains.expressiondomain
import time:       942 |        942 |                                               sympy.polys.domains.expressionrawdomain
import time:       767 |        767 |                                                 sympy.polys.domains.pythonintegerring
import time:       717 |       1484 |                                               sympy.polys.domains.pythonfinitefield
import time:       769 |        769 |                                                 sympy.polys.domains.gmpyintegerring
import time:       814 |       1583 |                                               sympy.polys.domains.gmpyfinitefield
import time:       769 |        769 |                                               sympy.polys.domains.pythonrationalfield
import time:       765 |        765 |                                               sympy.polys.domains.gmpyrationalfield
import time:       988 |      45439 |                                             sympy.polys.domains
import time:       797 |      46236 |                                           sympy.polys.constructor
import time:       799 |        799 |                                           sympy.polys.fglmtools
import time:       823 |        823 |                                           sympy.polys.groebnertools
import time:       718 |        718 |                                           sympy.polys.rationaltools
import time:      2379 |      54000 |                                         sympy.polys.polytools
import time:       731 |        731 |                                                 sympy.ntheory.primetest
import time:       967 |       1697 |                                               sympy.ntheory.generate
import time:       889 |        889 |                                                 sympy.ntheory.digits
import time:      2221 |       2221 |                                                 sympy.ntheory.ecm
import time:      1374 |       4484 |                                               sympy.ntheory.factor_
import time:       830 |        830 |                                                   sympy.ntheory.modular
import time:       746 |        746 |                                                   sympy.utilities.memoization
import time:      1591 |       3166 |                                                 sympy.ntheory.residue_ntheory
import time:      1144 |       4310 |                                               sympy.ntheory.partitions_
import time:       752 |        752 |                                               sympy.ntheory.multinomial
import time:       789 |        789 |                                               sympy.ntheory.continued_fraction
import time:       766 |        766 |                                               sympy.ntheory.egyptian_fraction
import time:       801 |        801 |                                               sympy.ntheory.qs
import time:       826 |      14422 |                                             sympy.ntheory
import time:      1546 |       1546 |                                               sympy.polys.compatibility
import time:       743 |        743 |                                               sympy.polys.heuristicgcd
import time:      1015 |       1015 |                                                       sympy.printing.conventions
import time:       821 |        821 |                                                       sympy.printing.precedence
import time:       810 |        810 |                                                       sympy.printing.printer
import time:      1189 |       1189 |                                                       sympy.printing.str
import time:       661 |        661 |                                                           sympy.core.alphabets
import time:      1342 |       2002 |                                                         sympy.printing.pretty.pretty_symbology
import time:       878 |       2880 |                                                       sympy.printing.pretty.stringpict
import time:      2474 |       9186 |                                                     sympy.printing.pretty.pretty
import time:      1779 |      10965 |                                                   sympy.printing.pretty
import time:      2234 |       2234 |                                                   sympy.printing.latex
import time:      1578 |       1578 |                                                   sympy.printing.mathml
import time:       862 |        862 |                                                     sympy.printing.repr
import time:       804 |       1666 |                                                   sympy.printing.python
import time:       995 |        995 |                                                               sympy.functions.combinatorial
import time:      2337 |       3332 |                                                             sympy.functions.combinatorial.factorials
import time:       720 |        720 |                                                                 sympy.functions.elementary
import time:      1491 |       1491 |                                                                   sympy.functions.elementary.miscellaneous
import time:      1453 |       1453 |                                                                   sympy.functions.elementary.piecewise
import time:      2358 |       5301 |                                                                 sympy.functions.elementary.complexes
import time:      3225 |       9245 |                                                               sympy.functions.elementary.exponential
import time:      1750 |       1750 |                                                               sympy.polys.appellseqs
import time:      6081 |      17076 |                                                             sympy.functions.combinatorial.numbers
import time:      2289 |       2289 |                                                               sympy.functions.elementary.integers
import time:      1747 |       1747 |                                                               sympy.functions.elementary._trigonometric_special
import time:     10213 |      14248 |                                                             sympy.functions.elementary.trigonometric
import time:      3769 |       3769 |                                                             sympy.functions.elementary.hyperbolic
import time:      1352 |       1352 |                                                               sympy.functions.special
import time:      3159 |       3159 |                                                               sympy.functions.special.hyper
import time:      3387 |       7897 |                                                             sympy.functions.special.error_functions
import time:      1907 |       1907 |                                                               sympy.functions.special.zeta_functions
import time:      2277 |       4184 |                                                             sympy.functions.special.gamma_functions
import time:      1358 |       1358 |                                                             sympy.functions.special.tensor_functions
import time:      1474 |       1474 |                                                                   sympy.polys.polyquinticconst
import time:      1118 |       2591 |                                                                 sympy.polys.polyroots
import time:      1272 |       3863 |                                                               sympy.functions.special.delta_functions
import time:       933 |       4795 |                                                             sympy.functions.special.singularity_functions
import time:      3324 |       3324 |                                                                   sympy.sets.sets
import time:      2499 |       2499 |                                                                   sympy.sets.fancysets
import time:       945 |        945 |                                                                   sympy.sets.contains
import time:       970 |        970 |                                                                   sympy.sets.conditionset
import time:      1094 |       1094 |                                                                   sympy.sets.ordinals
import time:       955 |        955 |                                                                   sympy.sets.powerset
import time:       782 |        782 |                                                                     sympy.sets.handlers
import time:      2343 |       3125 |                                                                   sympy.sets.handlers.comparison
import time:       924 |      13833 |                                                                 sympy.sets
import time:        30 |      13863 |                                                               sympy.sets.sets
import time:      1160 |      15022 |                                                             sympy.functions.special.bsplines
import time:       753 |        753 |                                                               sympy.polys.orthopolys
import time:      6393 |       7146 |                                                             sympy.functions.special.bessel
import time:      3044 |       3044 |                                                             sympy.functions.special.polynomials
import time:      1212 |       1212 |                                                             sympy.functions.special.spherical_harmonics
import time:      2496 |       2496 |                                                             sympy.functions.special.elliptic_integrals
import time:      2205 |       2205 |                                                             sympy.functions.special.beta_functions
import time:      2368 |       2368 |                                                             sympy.functions.special.mathieu_functions
import time:      1323 |      91465 |                                                           sympy.functions
import time:        44 |      91508 |                                                         sympy.functions.elementary
import time:        45 |      91552 |                                                       sympy.functions.elementary.complexes
import time:      1376 |      92928 |                                                     sympy.printing.codeprinter
import time:      2263 |      95191 |                                                   sympy.printing.pycode
import time:      1948 |       1948 |                                                     sympy.assumptions.relation.equality
import time:      2343 |       4291 |                                                   sympy.printing.smtlib
import time:      1494 |       1494 |                                                   sympy.printing.glsl
import time:      1810 |       1810 |                                                   sympy.printing.rcode
import time:      1195 |       1195 |                                                   sympy.printing.jscode
import time:      1196 |       1196 |                                                   sympy.printing.julia
import time:      1876 |       1876 |                                                   sympy.printing.mathematica
import time:      1198 |       1198 |                                                   sympy.printing.octave
import time:       776 |        776 |                                                     sympy.utilities.mathml
import time:       743 |       1518 |                                                   sympy.printing.gtk
import time:       803 |        803 |                                                   sympy.printing.preview
import time:       690 |        690 |                                                   sympy.printing.tree
import time:       782 |        782 |                                                   sympy.printing.tableform
import time:       711 |        711 |                                                   sympy.printing.dot
import time:      1003 |       1003 |                                                   sympy.printing.maple
import time:      1027 |     131221 |                                                 sympy.printing
import time:       752 |     131972 |                                               sympy.printing.defaults
import time:       670 |        670 |                                               sympy.utilities.magic
import time:      1798 |     136727 |                                             sympy.polys.rings
import time:       738 |     151886 |                                           sympy.polys.specialpolys
import time:       813 |     152699 |                                         sympy.polys.polyfuncs
import time:      1123 |       1123 |                                               sympy.polys.puiseux
import time:      1438 |       2560 |                                             sympy.polys.ring_series
import time:      3396 |       3396 |                                             sympy.polys.rootoftools
import time:      1727 |       7682 |                                           sympy.polys.numberfields.minpoly
import time:      1192 |       1192 |                                           sympy.polys.numberfields.subfield
import time:       792 |        792 |                                                   sympy.polys.matrices.exceptions
import time:       832 |        832 |                                                   sympy.polys.matrices.domainscalar
import time:       727 |        727 |                                                       sympy.polys.matrices._typing
import time:       770 |       1496 |                                                     sympy.polys.matrices.dense
import time:       699 |        699 |                                                     sympy.polys.matrices.lll
import time:       976 |        976 |                                                     sympy.polys.matrices.sdm
import time:       673 |        673 |                                                     sympy.polys.matrices.dfm
import time:       979 |       4822 |                                                   sympy.polys.matrices.ddm
import time:      1013 |       1013 |                                                   sympy.polys.matrices.rref
import time:      1419 |       8877 |                                                 sympy.polys.matrices.domainmatrix
import time:       678 |       9554 |                                               sympy.polys.matrices
import time:        95 |       9649 |                                             sympy.polys.matrices.exceptions
import time:      1564 |       1564 |                                               sympy.printing.numpy
import time:      1307 |       2871 |                                             sympy.printing.lambdarepr
import time:       800 |      13319 |                                           sympy.polys.numberfields.utilities
import time:       782 |        782 |                                               sympy.polys.matrices.normalforms
import time:       668 |        668 |                                               sympy.polys.numberfields.exceptions
import time:      1194 |       2643 |                                             sympy.polys.numberfields.modules
import time:       864 |       3507 |                                           sympy.polys.numberfields.basis
import time:       944 |        944 |                                           sympy.polys.numberfields.primes
import time:       858 |        858 |                                             sympy.polys.numberfields.galois_resolvents
import time:       901 |       1758 |                                           sympy.polys.numberfields.galoisgroups
import time:       784 |      29183 |                                         sympy.polys.numberfields
import time:       883 |        883 |                                             sympy.matrices.exceptions
import time:       741 |        741 |                                             sympy.matrices.kind
import time:       689 |        689 |                                                 sympy.matrices.utilities
import time:       780 |        780 |                                                 sympy.matrices.determinant
import time:       771 |       2239 |                                               sympy.matrices.decompositions
import time:      1568 |       1568 |                                                     sympy.tensor.indexed
import time:       774 |        774 |                                                     sympy.tensor.index_methods
import time:       812 |        812 |                                                     sympy.tensor.functions
import time:      1121 |       1121 |                                                           sympy.tensor.array.ndim_array
import time:       655 |       1775 |                                                         sympy.tensor.array.mutable_ndim_array
import time:       980 |       2754 |                                                       sympy.tensor.array.dense_ndim_array
import time:       877 |        877 |                                                       sympy.tensor.array.sparse_ndim_array
import time:       830 |        830 |                                                       sympy.tensor.array.arrayop
import time:       907 |        907 |                                                       sympy.tensor.array.array_comprehension
import time:       753 |       6119 |                                                     sympy.tensor.array
import time:       961 |      10233 |                                                   sympy.tensor
import time:        30 |      10262 |                                                 sympy.tensor.array
import time:       727 |        727 |                                                 sympy.matrices.reductions
import time:      1790 |       1790 |                                                               sympy.polys.agca.ideals
import time:      1224 |       3014 |                                                             sympy.polys.agca.modules
import time:      1323 |       4337 |                                                           sympy.polys.agca.homomorphisms
import time:      1621 |       5958 |                                                         sympy.polys.agca
import time:      1364 |       7321 |                                                       sympy.polys.agca.extensions
import time:       982 |       8302 |                                                     sympy.polys.matrices.eigen
import time:       979 |       9280 |                                                   sympy.matrices.eigen
import time:       779 |      10059 |                                                 sympy.matrices.solvers
import time:       922 |        922 |                                                 sympy.matrices.inverse
import time:       730 |        730 |                                                 sympy.matrices.subspaces
import time:       689 |        689 |                                                 sympy.matrices.graph
import time:      3437 |      26823 |                                               sympy.matrices.matrixbase
import time:      1092 |       1092 |                                               sympy.matrices.repmatrix
import time:       906 |      31059 |                                             sympy.matrices.dense
import time:       974 |        974 |                                             sympy.matrices.sparse
import time:       896 |        896 |                                             sympy.matrices.sparsetools
import time:       646 |        646 |                                                           sympy.strategies.util
import time:       921 |       1566 |                                                         sympy.strategies.rl
import time:       692 |        692 |                                                           sympy.strategies.core
import time:       653 |       1345 |                                                         sympy.strategies.traverse
import time:       626 |        626 |                                                         sympy.strategies.tools
import time:       631 |        631 |                                                             sympy.strategies.branch.core
import time:       886 |       1517 |                                                           sympy.strategies.branch.traverse
import time:       654 |        654 |                                                           sympy.strategies.branch.tools
import time:       796 |       2966 |                                                         sympy.strategies.branch
import time:      1039 |       7540 |                                                       sympy.strategies
import time:       689 |        689 |                                                       sympy.matrices.expressions._shape
import time:      1999 |       1999 |                                                           sympy.matrices.expressions.special
import time:       883 |       2881 |                                                         sympy.matrices.expressions.matpow
import time:       794 |       3675 |                                                       sympy.matrices.expressions.inverse
import time:      1093 |       1093 |                                                       sympy.matrices.expressions.transpose
import time:      1493 |       1493 |                                                       sympy.matrices.expressions.permutation
import time:      1417 |      15904 |                                                     sympy.matrices.expressions.matmul
import time:      1186 |       1186 |                                                     sympy.matrices.expressions.matadd
import time:      1108 |       1108 |                                                     sympy.matrices.expressions.determinant
import time:      3099 |      21295 |                                                   sympy.matrices.expressions.matexpr
import time:      1025 |      22320 |                                                 sympy.matrices.expressions.slice
import time:       874 |        874 |                                                   sympy.matrices.expressions.trace
import time:      1303 |       2177 |                                                 sympy.matrices.expressions.blockmatrix
import time:       822 |        822 |                                                 sympy.matrices.expressions.companion
import time:       813 |        813 |                                                 sympy.matrices.expressions.funcmatrix
import time:       840 |        840 |                                                 sympy.matrices.expressions.adjoint
import time:       958 |        958 |                                                 sympy.matrices.expressions.hadamard
import time:      1005 |       1005 |                                                 sympy.matrices.expressions.diagonal
import time:       821 |        821 |                                                 sympy.matrices.expressions.dotproduct
import time:      1412 |       1412 |                                                 sympy.matrices.expressions.kronecker
import time:       907 |        907 |                                                 sympy.matrices.expressions.sets
import time:      1088 |      33157 |                                               sympy.matrices.expressions
import time:      1594 |      34750 |                                             sympy.matrices.immutable
import time:       829 |      70130 |                                           sympy.matrices
import time:       912 |      71041 |                                         sympy.polys.partfrac
import time:      1124 |       1124 |                                         sympy.polys.fields
import time:       976 |     309021 |                                       sympy.polys
import time:      1278 |       1278 |                                         sympy.series.order
import time:       979 |        979 |                                               sympy.calculus.euler
import time:       723 |        723 |                                               sympy.calculus.singularities
import time:       746 |        746 |                                               sympy.calculus.finite_diff
import time:      1285 |       1285 |                                                 sympy.calculus.accumulationbounds
import time:       888 |       2172 |                                               sympy.calculus.util
import time:       892 |       5510 |                                             sympy.calculus
import time:        40 |       5549 |                                           sympy.calculus.accumulationbounds
import time:       951 |        951 |                                           sympy.series.gruntz
import time:      1137 |       7636 |                                         sympy.series.limits
import time:       669 |        669 |                                         sympy.series.series
import time:       662 |        662 |                                         sympy.series.approximants
import time:       622 |        622 |                                         sympy.series.residues
import time:      1979 |       1979 |                                         sympy.series.sequences
import time:      1135 |       1135 |                                           sympy.series.series_class
import time:      1038 |       2173 |                                         sympy.series.fourier
import time:      1154 |       1154 |                                               sympy.discrete.transforms
import time:       840 |        840 |                                               sympy.discrete.convolutions
import time:       958 |       2951 |                                             sympy.discrete
import time:        40 |       2990 |                                           sympy.discrete.convolutions
import time:      1891 |       4881 |                                         sympy.series.formal
import time:       811 |        811 |                                         sympy.series.limitseq
import time:       883 |      21590 |                                       sympy.series
import time:       974 |        974 |                                             sympy.concrete.expr_with_limits
import time:       767 |       1741 |                                           sympy.concrete.expr_with_intlimits
import time:       710 |        710 |                                             sympy.concrete.gosper
import time:       817 |        817 |                                                   sympy.integrals.rationaltools
import time:       703 |        703 |                                                   sympy.integrals.deltafunctions
import time:      1279 |       1279 |                                                   sympy.integrals.meijerint
import time:       787 |        787 |                                                   sympy.integrals.trigonometry
import time:      1387 |       4972 |                                                 sympy.integrals.integrals
import time:       648 |        648 |                                                         sympy.polys.domainmatrix
import time:       856 |       1504 |                                                       sympy.polys.solvers
import time:       912 |       2415 |                                                     sympy.polys.matrices.linsolve
import time:      2134 |       4549 |                                                   sympy.integrals.laplace
import time:      2839 |       7387 |                                                 sympy.integrals.transforms
import time:       719 |        719 |                                                 sympy.integrals.singularityfunctions
import time:      1003 |      14080 |                                               sympy.integrals
import time:        29 |      14108 |                                             sympy.integrals.integrals
import time:      1114 |      15931 |                                           sympy.concrete.summations
import time:      1020 |      18691 |                                         sympy.concrete.products
import time:       740 |      19431 |                                       sympy.concrete
import time:      1157 |       1157 |                                             sympy.simplify.gammasimp
import time:      1113 |       2270 |                                           sympy.simplify.combsimp
import time:       773 |        773 |                                           sympy.simplify.cse_opts
import time:       964 |        964 |                                             sympy.simplify.powsimp
import time:      1792 |       2755 |                                           sympy.simplify.hyperexpand
import time:       831 |        831 |                                             sympy.simplify.sqrtdenest
import time:      1053 |       1884 |                                           sympy.simplify.radsimp
import time:      1006 |       1006 |                                             sympy.simplify.cse_main
import time:       767 |        767 |                                             sympy.strategies.tree
import time:      1046 |       2818 |                                           sympy.simplify.trigsimp
import time:      1670 |      12167 |                                         sympy.simplify.simplify
import time:      1316 |       1316 |                                         sympy.simplify.fu
import time:       793 |        793 |                                         sympy.simplify.epathtools
import time:       892 |        892 |                                         sympy.simplify.ratsimp
import time:       802 |      15968 |                                       sympy.simplify
import time:       966 |        966 |                                           sympy.solvers.polysys
import time:       861 |        861 |                                           sympy.solvers.bivariate
import time:      1698 |       3524 |                                         sympy.solvers.solvers
import time:      1360 |       1360 |                                               sympy.solvers.solveset
import time:      1668 |       3027 |                                             sympy.solvers.diophantine.diophantine
import time:       725 |       3752 |                                           sympy.solvers.diophantine
import time:        35 |       3786 |                                         sympy.solvers.diophantine.diophantine
import time:      1469 |       1469 |                                         sympy.solvers.recurr
import time:       802 |        802 |                                             sympy.solvers.deutils
import time:       824 |        824 |                                               sympy.solvers.ode.riccati
import time:       873 |        873 |                                               sympy.solvers.ode.hypergeometric
import time:       939 |        939 |                                                 sympy.solvers.ode.subscheck
import time:      1264 |       2202 |                                               sympy.solvers.ode.nonhomogeneous
import time:       779 |        779 |                                                 sympy.solvers.pde
import time:       880 |       1658 |                                               sympy.solvers.ode.lie_group
import time:      2000 |       7556 |                                             sympy.solvers.ode.single
import time:      2201 |      10558 |                                           sympy.solvers.ode.ode
import time:      1170 |       1170 |                                           sympy.solvers.ode.systems
import time:       949 |      12676 |                                         sympy.solvers.ode
import time:       884 |        884 |                                         sympy.solvers.inequalities
import time:       659 |        659 |                                         sympy.solvers.decompogen
import time:       790 |        790 |                                         sympy.solvers.simplex
import time:       834 |      24620 |                                       sympy.solvers
import time:       903 |        903 |                                           sympy.geometry.exceptions
import time:     11798 |      11798 |                                             sympy.sets.handlers.intersection
import time:      6468 |       6468 |                                             sympy.sets.handlers.union
import time:      3357 |      21621 |                                           sympy.geometry.entity
import time:      1938 |      24462 |                                         sympy.geometry.point
import time:      1087 |       1087 |                                           sympy.geometry.util
import time:      2628 |       3714 |                                         sympy.geometry.line
import time:      1291 |       1291 |                                         sympy.geometry.plane
import time:      2210 |       2210 |                                           sympy.geometry.polygon
import time:      1433 |       3643 |                                         sympy.geometry.ellipse
import time:       883 |        883 |                                         sympy.geometry.curve
import time:      1008 |       1008 |                                         sympy.geometry.parabola
import time:      1032 |      36030 |                                       sympy.geometry
import time:      1691 |       1691 |                                         sympy.parsing.sympy_parser
import time:       759 |       2450 |                                       sympy.parsing
import time:      1451 |       1451 |                                         sympy.algebras.quaternion
import time:       919 |       2370 |                                       sympy.algebras
import time:       707 |        707 |                                             sympy.plotting.backends
import time:       827 |        827 |                                               sympy.plotting.utils
import time:       780 |        780 |                                                   sympy.plotting.intervalmath.interval_membership
import time:       955 |       1735 |                                                 sympy.plotting.intervalmath.interval_arithmetic
import time:      1007 |       1007 |                                                 sympy.plotting.intervalmath.lib_interval
import time:       766 |       3508 |                                               sympy.plotting.intervalmath
import time:      1708 |       6041 |                                             sympy.plotting.series
import time:       926 |       7674 |                                           sympy.plotting.backends.base_backend
import time:      1780 |       1780 |                                             sympy.plotting.backends.matplotlibbackend.matplotlib
import time:       730 |       2510 |                                           sympy.plotting.backends.matplotlibbackend
import time:       877 |        877 |                                               sympy.plotting.textplot
import time:      1624 |       2501 |                                             sympy.plotting.backends.textbackend.text
import time:      1501 |       4002 |                                           sympy.plotting.backends.textbackend
import time:      1102 |       1102 |                                           sympy.plotting.plotgrid
import time:      1644 |      16930 |                                         sympy.plotting.plot
import time:      1323 |       1323 |                                         sympy.plotting.plot_implicit
import time:       721 |        721 |                                         sympy.plotting.pygletplot
import time:      1180 |      20153 |                                       sympy.plotting
import time:       969 |        969 |                                         sympy.interactive.printing
import time:       810 |        810 |                                         sympy.interactive.session
import time:       793 |        793 |                                         sympy.interactive.traversal
import time:       763 |       3334 |                                       sympy.interactive
import time:      4787 |     621498 |                                     sympy
import time:      2136 |       2136 |                                     torch.fx.experimental.recording
import time:       864 |        864 |                                       torch.utils._sympy
import time:      1738 |       1738 |                                       torch.utils._sympy.numbers
import time:      6504 |       9106 |                                     torch.utils._sympy.functions
import time:      1432 |       1432 |                                     torch.utils._sympy.printers
import time:      1251 |       1251 |                                     torch.utils._sympy.singleton_int
import time:       949 |        949 |                                     torch.utils._sympy.solve
import time:      1231 |       1231 |                                     torch.utils._sympy.symbol
import time:       884 |        884 |                                       torch.utils._sympy.interp
import time:      2251 |       3135 |                                     torch.utils._sympy.value_ranges
import time:       977 |        977 |                                     torch.fx.experimental._size_hinting
import time:     38115 |     679827 |                                   torch.fx.experimental.symbolic_shapes
import time:    288424 |     968251 |                                 torch.distributed.tensor._collective_utils
import time:      2439 |       2439 |                                 torch.distributed.tensor._ops._mask_buffer
import time:      3049 |    1694032 |                               torch.distributed.tensor.placement_types
import time:      3055 |    1697086 |                             torch.distributed.tensor._dtensor_spec
import time:       900 |        900 |                               torch.utils._cxx_pytree
import time:      5817 |       6716 |                             torch.distributed.tensor._op_schema
import time:      1344 |       1344 |                               torch.distributed.tensor.device_mesh
import time:      4105 |       5449 |                             torch.distributed.tensor._ops.single_dim_strategy
import time:      2048 |       2048 |                                   torch.distributed.tensor._random
import time:      1658 |       1658 |                                     torch.distributed.tensor._utils
import time:      1600 |       3257 |                                   torch.distributed.tensor._nonlinear_redux
import time:      7629 |       7629 |                                   torch.distributed.tensor._redistribute
import time:      2431 |       2431 |                                     torch.distributed.tensor._decompositions
import time:      2749 |       5179 |                                   torch.distributed.tensor._sharding_prop
import time:      1676 |       1676 |                                   torch.distributed.tensor._tp_conv
import time:       942 |        942 |                                   torch.utils._cxx_pytree
import time:      2804 |      23533 |                                 torch.distributed.tensor._dispatch
import time:      4772 |      28305 |                               torch.distributed.tensor._api
import time:      2306 |      30610 |                             torch.distributed.tensor._ops.utils
import time:      1367 |    1741228 |                           torch.distributed.tensor._ops._conv_ops
import time:      1527 |       1527 |                           torch.distributed.tensor._ops._embedding_ops
import time:      7331 |       7331 |                           torch.distributed.tensor._ops._math_ops
import time:      2004 |       2004 |                             torch.distributed.tensor._ops._einsum_strategy
import time:      2808 |       4812 |                           torch.distributed.tensor._ops._matrix_ops
import time:     53182 |      53182 |                           torch.distributed.tensor._ops._pointwise_ops
import time:      2093 |       2093 |                           torch.distributed.tensor._ops._random_ops
import time:      3957 |       3957 |                           torch.distributed.tensor._ops._tensor_ops
import time:      6735 |       6735 |                           torch.distributed.tensor._ops._view_ops
import time:      1920 |       1920 |                           torch.distributed.tensor._ops.autogen
import time:    133786 |    1956567 |                         torch.distributed.tensor._ops
import time:      1269 |    1957835 |                       torch.distributed.tensor
import time:      1083 |    1959693 |                     transformers.distributed.sharding_utils
import time:      2513 |       2513 |                     transformers.distributed.utils
import time:      8253 |       8253 |                         transformers.integrations.tensor_parallel
import time:     16057 |      16057 |                         transformers.utils.quantization_config
import time:      1440 |       1440 |                                 torch.distributed._composable_state
import time:      2229 |       3668 |                               torch.distributed._composable.contract
import time:      2787 |       6455 |                             torch.distributed._composable.checkpoint_activation
import time:      1644 |       1644 |                             torch.distributed._composable.replicate
import time:      2118 |      10216 |                           torch.distributed._composable
import time:      1498 |       1498 |                                   torch.distributed.algorithms._checkpoint
import time:      2370 |       3867 |                                 torch.distributed.algorithms._checkpoint.checkpoint_wrapper
import time:      7829 |       7829 |                                 torch.distributed.fsdp.api
import time:      2361 |      14056 |                               torch.distributed.fsdp._common_utils
import time:      1593 |       1593 |                                 torch.testing._internal.distributed
import time:      1902 |       3495 |                               torch.testing._internal.distributed.fake_pg
import time:       725 |        725 |                                             torch.distributed._shard.common_op_utils
import time:       825 |       1550 |                                           torch.distributed._shard.op_registry_utils
import time:      1028 |       1028 |                                               torch.distributed._shard.metadata
import time:      1815 |       1815 |                                                 torch.distributed._shard.sharded_tensor.metadata
import time:       790 |        790 |                                                 torch.distributed._shard.sharding_spec._internals
import time:      1539 |       4144 |                                               torch.distributed._shard.sharding_spec.api
import time:       632 |        632 |                                                 torch.distributed._shard._utils
import time:      1013 |       1013 |                                                 torch.distributed._shard.sharded_tensor.shard
import time:       772 |        772 |                                                 torch.distributed._shard.sharded_tensor.utils
import time:      1183 |       3599 |                                               torch.distributed._shard.sharding_spec.chunk_sharding_spec
import time:       876 |       9646 |                                             torch.distributed._shard.sharding_spec
import time:      1349 |       1349 |                                                   torch.distributed.nn.functional
import time:       677 |       2026 |                                                 torch.distributed.nn
import time:        18 |       2044 |                                               torch.distributed.nn.functional
import time:       890 |       2933 |                                             torch.distributed._shard.sharded_tensor.reshard
import time:      1694 |      14271 |                                           torch.distributed._shard.sharded_tensor.api
import time:       925 |        925 |                                             torch.distributed._shard.sharded_tensor._ops.misc_ops
import time:       974 |        974 |                                               torch.distributed._shard.sharded_tensor._ops._common
import time:      1141 |       2114 |                                             torch.distributed._shard.sharded_tensor._ops.tensor_ops
import time:       811 |        811 |                                               torch.distributed._shard.sharding_spec.chunk_sharding_spec_ops
import time:       792 |        792 |                                               torch.distributed._shard.sharding_spec.chunk_sharding_spec_ops._common
import time:       996 |       2598 |                                             torch.distributed._shard.sharding_spec.chunk_sharding_spec_ops.embedding
import time:       809 |        809 |                                             torch.distributed._shard.sharding_spec.chunk_sharding_spec_ops.embedding_bag
import time:       753 |        753 |                                             torch.distributed._shard.sharded_tensor._ops.binary_cmp
import time:       838 |        838 |                                             torch.distributed._shard.sharded_tensor._ops.init
import time:      1334 |       9368 |                                           torch.distributed._shard.sharded_tensor._ops
import time:       954 |      26142 |                                         torch.distributed._shard.sharded_tensor
import time:       700 |        700 |                                         torch.distributed._shard.sharder
import time:      1320 |       1320 |                                           torch.distributed._shard.sharding_plan.api
import time:       947 |       2266 |                                         torch.distributed._shard.sharding_plan
import time:      1234 |      30341 |                                       torch.distributed._shard.api
import time:       942 |      31282 |                                     torch.distributed._shard
import time:        18 |      31300 |                                   torch.distributed._shard.sharded_tensor
import time:        38 |      31337 |                                 torch.distributed._shard.sharded_tensor.api
import time:       780 |        780 |                                 torch.distributed.fsdp._shard_utils
import time:      1125 |      33241 |                               torch.distributed.fsdp._fsdp_extensions
import time:      4013 |      54804 |                             torch.distributed.fsdp._flat_param
import time:      2258 |       2258 |                               torch.distributed.fsdp._fully_shard._fsdp_api
import time:      4509 |       4509 |                                 torch.distributed.fsdp._fully_shard._fsdp_common
import time:      2517 |       2517 |                                         torch.distributed._symmetric_memory
import time:      2991 |       2991 |                                         torch.distributed.fsdp._fully_shard._fsdp_param
import time:      3078 |       8586 |                                       torch.distributed.fsdp._fully_shard._fsdp_collectives
import time:      2142 |      10727 |                                     torch.distributed.fsdp._fully_shard._fsdp_param_group
import time:      1232 |      11959 |                                   torch.distributed.fsdp._fully_shard._fsdp_state
import time:      1058 |      13016 |                                 torch.distributed.fsdp._fully_shard._fsdp_init
import time:      3281 |      20805 |                               torch.distributed.fsdp._fully_shard._fully_shard
import time:       757 |      23820 |                             torch.distributed.fsdp._fully_shard
import time:      1262 |       1262 |                               torch.distributed.fsdp._traversal_utils
import time:      1627 |       1627 |                                 torch.distributed.algorithms._comm_hooks.default_hooks
import time:      1592 |       3218 |                               torch.distributed.algorithms._comm_hooks
import time:       916 |        916 |                               torch.distributed.fsdp._dynamo_utils
import time:      1081 |       1081 |                                 torch.distributed.fsdp._exec_order_utils
import time:       889 |        889 |                                 torch.distributed.fsdp._limiter_utils
import time:       986 |        986 |                                 torch.distributed.fsdp.wrap
import time:      1318 |       1318 |                                       torch.distributed.tensor.parallel.style
import time:       931 |       2249 |                                     torch.distributed.tensor.parallel.api
import time:       991 |        991 |                                     torch.distributed.tensor.parallel.loss
import time:      2292 |       5532 |                                   torch.distributed.tensor.parallel
import time:       716 |        716 |                                   torch.distributed.tensor.parallel._data_parallel_utils
import time:      1410 |       7657 |                                 torch.distributed.tensor.parallel.fsdp
import time:       207 |        207 |                                 torchdistx
import time:      1344 |      12161 |                               torch.distributed.fsdp._init_utils
import time:      1257 |       1257 |                               torch.distributed.fsdp._runtime_utils
import time:       750 |        750 |                               torch.distributed.fsdp._wrap_utils
import time:       846 |        846 |                                   torch.cuda._pin_memory_utils
import time:      1560 |       2406 |                                 torch.distributed._state_dict_utils
import time:       994 |        994 |                                 torch.distributed.fsdp._debug_utils
import time:      2659 |       6058 |                               torch.distributed.fsdp._optim_utils
import time:       789 |        789 |                                 torch.distributed.fsdp._unshard_param_utils
import time:      1447 |       2236 |                               torch.distributed.fsdp._state_dict_utils
import time:      2176 |      30030 |                             torch.distributed.fsdp.fully_sharded_data_parallel
import time:      1372 |     110025 |                           torch.distributed.fsdp
import time:       834 |        834 |                           torch.distributed._composable.fsdp.fully_shard
import time:      1372 |     122445 |                         torch.distributed._composable.fsdp
import time:      6986 |     153740 |                       transformers.distributed.fsdp
import time:      1329 |       1329 |                       transformers.integrations.deepspeed
import time:      3229 |     158297 |                     transformers.integrations.accelerate
import time:      1582 |       1582 |                     transformers.utils.loading_report
import time:      1990 |    2124074 |                   transformers.core_model_loading
import time:      1188 |    2125261 |                 transformers.conversion_mapping
import time:       869 |        869 |                 transformers.distributed.mixin
import time:      1176 |       1176 |                   transformers.utils.output_capturing
import time:       765 |       1940 |                 transformers.monkey_patching
import time:      1083 |       1083 |                   transformers.modeling_flash_attention_utils
import time:       846 |        846 |                   transformers.integrations.npu_flash_attention
import time:      1270 |       3198 |                 transformers.integrations.flash_attention
import time:      3525 |       3525 |                           transformers.generation.continuous_batching.requests
import time:      1120 |       4644 |                         transformers.generation.continuous_batching.cache_manager
import time:       959 |        959 |                         transformers.generation.continuous_batching.distributed
import time:      1928 |       1928 |                           transformers.generation.continuous_batching.utils
import time:       762 |       2689 |                         transformers.generation.continuous_batching.initialization
import time:      1422 |       9713 |                       transformers.generation.continuous_batching.cache
import time:      1375 |       1375 |                           tqdm.contrib
import time:      1652 |       3026 |                         tqdm.contrib.logging
import time:      1531 |       1531 |                         transformers.generation.continuous_batching.cb_logits_processors
import time:      1428 |       1428 |                         transformers.generation.continuous_batching.input_outputs
import time:      1921 |       1921 |                         transformers.generation.continuous_batching.model_runner
import time:      1061 |       1061 |                           transformers.generation.continuous_batching.scheduler
import time:      1475 |       2536 |                         transformers.generation.continuous_batching.offloading_manager
import time:      1610 |      12050 |                       transformers.generation.continuous_batching.continuous_api
import time:       772 |      22534 |                     transformers.generation.continuous_batching
import time:        36 |      22570 |                   transformers.generation.continuous_batching.cache
import time:       893 |      23462 |                 transformers.integrations.eager_paged
import time:      1197 |       1197 |                   transformers.activations
import time:   1652946 |    1652946 |                             transformers.models
import time:     19936 |    1672882 |                           transformers.models.auto
import time:      5822 |       5822 |                           transformers.models.auto.auto_mappings
import time:      6494 |    1685197 |                         transformers.models.auto.configuration_auto
import time:      2294 |       2294 |                           transformers.quantizers.quantizers_utils
import time:      4081 |       6375 |                         transformers.quantizers.base
import time:      5598 |       5598 |                         transformers.quantizers.quantizer_aqlm
import time:      2660 |       2660 |                         transformers.quantizers.quantizer_auto_round
import time:      3146 |       3146 |                         transformers.quantizers.quantizer_awq
import time:      2626 |       2626 |                         transformers.quantizers.quantizer_bitnet
import time:      1946 |       1946 |                         transformers.quantizers.quantizer_bnb_4bit
import time:      1836 |       1836 |                         transformers.quantizers.quantizer_bnb_8bit
import time:      2649 |       2649 |                           transformers.integrations.compressed_tensors
import time:      2301 |       4950 |                         transformers.quantizers.quantizer_compressed_tensors
import time:      2548 |       2548 |                         transformers.quantizers.quantizer_eetq
import time:      4177 |       4177 |                         transformers.quantizers.quantizer_fbgemm_fp8
import time:      3874 |       3874 |                         transformers.quantizers.quantizer_finegrained_fp8
import time:      4179 |       4179 |                         transformers.quantizers.quantizer_fouroversix
import time:      4553 |       4553 |                         transformers.quantizers.quantizer_fp_quant
import time:      3024 |       3024 |                         transformers.quantizers.quantizer_gemma
import time:      3061 |       3061 |                         transformers.quantizers.quantizer_gptq
import time:      2723 |       2723 |                         transformers.quantizers.quantizer_higgs
import time:      6172 |       6172 |                         transformers.quantizers.quantizer_hqq
import time:      2887 |       2887 |                         transformers.quantizers.quantizer_metal
import time:      2735 |       2735 |                         transformers.quantizers.quantizer_mxfp4
import time:      2140 |       2140 |                         transformers.quantizers.quantizer_quanto
import time:      2705 |       2705 |                         transformers.quantizers.quantizer_quark
import time:      2577 |       2577 |                         transformers.quantizers.quantizer_sinq
import time:      5258 |       5258 |                         transformers.quantizers.quantizer_spqr
import time:      2755 |       2755 |                         transformers.quantizers.quantizer_torchao
import time:      1973 |       1973 |                         transformers.quantizers.quantizer_vptq
import time:      3571 |    1775237 |                       transformers.quantizers.auto
import time:       827 |    1776063 |                     transformers.quantizers
import time:        35 |    1776098 |                   transformers.quantizers.quantizers_utils
import time:      2981 |       2981 |                   transformers.utils.deprecation
import time:       259 |        259 |                           _lsprof
import time:      2772 |       2772 |                           profile
import time:      3008 |       6037 |                         cProfile
import time:      7806 |       7806 |                         pstats
import time:      6220 |       6220 |                         torch._dynamo.callback
import time:       981 |        981 |                               termios
import time:      2776 |       3757 |                             getpass
import time:     14938 |      18694 |                           torch._dynamo.config
import time:      2341 |      21034 |                         torch._dynamo.distributed
import time:      7665 |       7665 |                           torch._dynamo.dynamo_profiler
import time:      9769 |       9769 |                               torch._functorch.config
import time:      2943 |       2943 |                               torch._dynamo.metrics_context
import time:      1870 |       1870 |                               torch.utils._triton
import time:      1543 |       1543 |                               torch._dynamo.graph_utils
import time:      4264 |       4264 |                                     torch._numpy._casting_dicts
import time:     13790 |      18053 |                                   torch._numpy._dtypes_impl
import time:      2598 |       2598 |                                   torch._numpy._util
import time:      3001 |       3001 |                                     torch._numpy._dtypes
import time:      1937 |       4937 |                                   torch._numpy._normalizations
import time:      2061 |      27648 |                                 torch._numpy.fft
import time:      2113 |       2113 |                                 torch._numpy.linalg
import time:      2225 |       2225 |                                 torch._numpy.random
import time:      3583 |       3583 |                                   torch._numpy._funcs_impl
import time:      3247 |       3247 |                                   torch._numpy._reductions_impl
import time:      5310 |      12139 |                                 torch._numpy._funcs
import time:      2340 |       2340 |                                 torch._numpy._getlimits
import time:      1717 |       1717 |                                     torch._numpy._binary_ufuncs_impl
import time:      1620 |       1620 |                                     torch._numpy._unary_ufuncs_impl
import time:      2995 |       6332 |                                   torch._numpy._ufuncs
import time:      3448 |       9780 |                                 torch._numpy._ndarray
import time:      2078 |      58320 |                               torch._numpy
import time:       514 |        514 |                               triton
import time:     27762 |     102719 |                             torch._dynamo.utils
import time:      6985 |     109703 |                           torch._dynamo.exc
import time:      3312 |       3312 |                           torch.utils._functools
import time:      1970 |       1970 |                           torch._dynamo.graph_break_hints
import time:      2253 |       2253 |                           torch._dynamo.logging
import time:      2355 |       2355 |                                   torch._dynamo.aot_compile_types
import time:      1974 |       1974 |                                       torch._inductor.custom_graph_pass
import time:     34859 |      36833 |                                     torch._inductor.config
import time:      3140 |       3140 |                                     torch._inductor.exc
import time:       117 |        117 |                                           _statistics
import time:      3175 |       3292 |                                         statistics
import time:      2142 |       2142 |                                           torch._inductor.analysis
import time:      6414 |       8556 |                                         torch._inductor.analysis.device_info
import time:      2882 |       2882 |                                           torch._inductor.runtime
import time:      9945 |      12827 |                                         torch._inductor.runtime.hints
import time:      1932 |       1932 |                                           torch.utils._pallas
import time:      5092 |       7023 |                                         torch._dynamo.device_interface
import time:      2212 |       2212 |                                         torch.fx.passes.graph_transform_observer
import time:      2349 |       2349 |                                           torch._inductor.runtime.cache_dir_utils
import time:      2937 |       5286 |                                         torch._inductor.runtime.runtime_utils
import time:     18808 |      58001 |                                       torch._inductor.utils
import time:      8636 |      66636 |                                     torch._inductor.cpu_vec_isa
import time:      3845 |     110452 |                                   torch._inductor.cpp_builder
import time:     14857 |      14857 |                                   torch._inductor.cudagraph_utils
import time:      2318 |       2318 |                                   torch._inductor._functionalize_collectives
import time:      3927 |     133906 |                                 torch._inductor.standalone_compile
import time:      3371 |     137277 |                               torch._inductor
import time:      2997 |     140274 |                             torch._inductor.test_operators
import time:      4534 |       4534 |                                 torch._dynamo.bytecode_analysis
import time:      7253 |      11786 |                               torch._dynamo.bytecode_transformation
import time:      6688 |      18474 |                             torch._dynamo.resume_execution
import time:      2060 |       2060 |                                 torch._dynamo.current_scope_id
import time:      2453 |       2453 |                                   torch.utils._device
import time:     67131 |      67131 |                                   torch._dynamo.source
import time:      9350 |       9350 |                                     torch._dynamo.types
import time:      2466 |       2466 |                                     torch.fx.experimental._dynamism
import time:      2570 |       2570 |                                     torch.fx.experimental.dynamic_spec
import time:      2401 |       2401 |                                     torch._dynamo.external_utils
import time:      1362 |       1362 |                                       torch._dynamo.backends
import time:      3779 |       5141 |                                     torch._dynamo.backends.registry
import time:      1957 |       1957 |                                     torch._dynamo.code_context
import time:      2829 |       2829 |                                     torch._dynamo.hooks
import time:      2627 |       2627 |                                     torch._dynamo.mutation_guard
import time:      8033 |      37370 |                                   torch._dynamo.eval_frame
import time:     16026 |     122978 |                                 torch._dynamo.guards
import time:      2577 |       2577 |                                   torch._dynamo.graph_bytecode_inputs
import time:      1910 |       1910 |                                           torch.nn.utils._expanded_weights.expanded_weights_impl
import time:      1485 |       3395 |                                         torch.nn.utils._expanded_weights.expanded_weights_utils
import time:      1380 |       4775 |                                       torch.nn.utils._expanded_weights.conv_utils
import time:      1721 |       6495 |                                     torch.nn.utils._expanded_weights.conv_expanded_weights
import time:      2489 |       2489 |                                     torch.nn.utils._expanded_weights.embedding_expanded_weights
import time:      1870 |       1870 |                                     torch.nn.utils._expanded_weights.group_norm_expanded_weights
import time:      2109 |       2109 |                                     torch.nn.utils._expanded_weights.instance_norm_expanded_weights
import time:      1752 |       1752 |                                     torch.nn.utils._expanded_weights.layer_norm_expanded_weights
import time:      1592 |       1592 |                                     torch.nn.utils._expanded_weights.linear_expanded_weights
import time:      1968 |      18274 |                                   torch.nn.utils._expanded_weights
import time:      7024 |       7024 |                                   torch._dynamo.replay_record
import time:      8216 |       8216 |                                   torch._dynamo.pgo
import time:      3108 |       3108 |                                         torch._dynamo.polyfills
import time:      4127 |       4127 |                                         torch._dynamo.variables.constant
import time:      2713 |       2713 |                                             torch._dynamo.create_parameter_op
import time:      2631 |       2631 |                                               torch._dynamo.variables.hashable
import time:      2577 |       2577 |                                               torch._dynamo.variables.object_protocol
import time:      3704 |       3704 |                                               torch._dynamo.variables.sets
import time:      4936 |      13847 |                                             torch._dynamo.variables.dicts
import time:      1949 |       1949 |                                             torch.utils._cxx_pytree
import time:     10714 |      29222 |                                           torch._dynamo.variables.user_defined
import time:     18310 |      18310 |                                           torch._higher_order_ops.triton_kernel_wrap
import time:     10561 |      58092 |                                         torch._dynamo.variables.functions
import time:      5634 |       5634 |                                         torch._dynamo.variables.iter
import time:      6737 |      77695 |                                       torch._dynamo.variables.lists
import time:      8217 |      85911 |                                     torch._dynamo.variables.misc
import time:      4630 |       4630 |                                         torch._dynamo.variables.lazy
import time:      3929 |       8558 |                                       torch._dynamo.variables.nn_module
import time:      3706 |       3706 |                                       torch._dynamo.variables.script_object
import time:     36909 |      36909 |                                               torch._functorch._aot_autograd.descriptors
import time:      4470 |       4470 |                                               torch._functorch._aot_autograd.functional_utils
import time:     35869 |      35869 |                                               torch._functorch._aot_autograd.schemas
import time:      4346 |       4346 |                                               torch._functorch._aot_autograd.subclass_utils
import time:      3234 |      84825 |                                             torch._functorch._aot_autograd.collect_metadata_analysis
import time:      6876 |       6876 |                                               torch._decomp.decompositions_for_rng
import time:      3697 |       3697 |                                               torch._functorch._aot_autograd.logging_utils
import time:      6993 |      17565 |                                             torch._functorch._aot_autograd.graph_capture_wrappers
import time:      2395 |       2395 |                                             torch._functorch._aot_autograd.input_output_analysis
import time:     28803 |     133587 |                                           torch._functorch._aot_autograd.runtime_wrappers
import time:      4994 |     138581 |                                         torch._dynamo.compiled_autograd
import time:    400985 |     400985 |                                         torch._dynamo._trace_wrapped_higher_order_op
import time:      7230 |     546794 |                                       torch._dynamo.variables.tensor
import time:      6193 |       6193 |                                         torch._dynamo.variables.ctx_manager
import time:      3612 |       9805 |                                       torch._dynamo.variables.torch_function
import time:      5947 |     574809 |                                     torch._dynamo.codegen
import time:      4063 |     664782 |                                   torch._dynamo.side_effects
import time:      4421 |       4421 |                                   torch._dynamo.variables.builtin
import time:      2437 |       2437 |                                   torch._dynamo.variables.distributed
import time:      6528 |       6528 |                                     torch._dynamo.variables.invoke_subgraph
import time:     14785 |      21312 |                                   torch._dynamo.variables.higher_order_ops
import time:      2388 |       2388 |                                   torch._dynamo.variables.optimizer
import time:      2456 |       2456 |                                   torch._dynamo.variables.sdpa
import time:    350437 |     350437 |                                   torch._dynamo.variables.streams
import time:      8630 |       8630 |                                   torch._dynamo.variables.torch
import time:     16466 |    1109414 |                                 torch._dynamo.variables.builder
import time:      7895 |    1242346 |                               torch._dynamo.variables.base
import time:      2788 |    1245133 |                             torch._dynamo.variables
import time:     26228 |    1430107 |                           torch._dynamo.trace_rules
import time:      3199 |       3199 |                                 torch._dynamo.graph_region_tracker
import time:      3604 |       6802 |                               torch._dynamo.graph_deduplication
import time:      3208 |       3208 |                               torch._dynamo.graph_id_filter
import time:     18485 |      28495 |                             torch._dynamo.output_graph
import time:      4617 |      33112 |                           torch._dynamo.comprehension_graph_break
import time:      2707 |       2707 |                           torch._dynamo.funcname_cache
import time:     47881 |    1638707 |                         torch._dynamo.symbolic_convert
import time:      2744 |       2744 |                           torch._dynamo.comptime
import time:      5853 |       8597 |                         torch._dynamo.decorators
import time:      2418 |       2418 |                         torch._dynamo.cache_size
import time:     10850 |    1701666 |                       torch._dynamo.convert_frame
import time:     16020 |      16020 |                       torch._dynamo.package
import time:     10023 |    1727709 |                     torch._dynamo.aot_compile
import time:      4958 |       4958 |                     torch._dynamo.bytecode_debugger
import time:      3182 |       3182 |                     torch._dynamo.functional_export
import time:      1904 |       1904 |                       torch.onnx.errors
import time:      2021 |       2021 |                           torch.onnx.ops._dtype_mappings
import time:     32034 |      34055 |                         torch.onnx.ops._impl
import time:     21832 |      21832 |                         torch.onnx.ops._symbolic_impl
import time:      2126 |      58012 |                       torch.onnx.ops
import time:      3214 |       3214 |                           torch.onnx._internal
import time:      3500 |       6713 |                         torch.onnx._internal.exporter
import time:      3729 |      10442 |                       torch.onnx._internal.exporter._exportable_module
import time:      1601 |       1601 |                           torch.onnx._internal._lazy_import
import time:      1961 |       1961 |                           torch.onnx._internal.exporter._dynamic_shapes
import time:      1717 |       1717 |                             torch.onnx._internal.exporter._constants
import time:      2107 |       3824 |                           torch.onnx._internal.exporter._ir_passes
import time:      2347 |       9731 |                         torch.onnx._internal.exporter._onnx_program
import time:      2423 |      12154 |                       torch.onnx._internal.exporter._input_observer
import time:      2346 |       2346 |                       torch.onnx._internal.torchscript_exporter
import time:      2734 |       2734 |                         torch.onnx._constants
import time:      4694 |       4694 |                         torch.onnx._internal.torchscript_exporter._type_utils
import time:      3454 |       3454 |                           torch.onnx._internal.torchscript_exporter.registration
import time:      2661 |       2661 |                           torch.onnx._internal.torchscript_exporter._globals
import time:      4840 |      10953 |                         torch.onnx._internal.torchscript_exporter.jit_utils
import time:      1985 |       1985 |                           torch.onnx._internal.torchscript_exporter.onnx_proto_utils
import time:      3968 |       5952 |                         torch.onnx._internal.torchscript_exporter.utils
import time:      5831 |      30163 |                       torch.onnx._internal.torchscript_exporter.symbolic_helper
import time:      8847 |       8847 |                         torch.onnx._internal.torchscript_exporter.symbolic_opset9
import time:      4892 |      13738 |                       torch.onnx._internal.torchscript_exporter.symbolic_opset10
import time:      2274 |       2274 |                       torch._functorch.make_functional
import time:    110731 |     241760 |                     torch._dynamo.polyfills.loader
import time:     11130 |    1988738 |                   transformers.integrations.deepgemm
import time:      4094 |       4094 |                     transformers.integrations.sonicmoe
import time:     14548 |      18642 |                   transformers.integrations.moe
import time:      4769 |    3792422 |                 transformers.integrations.finegrained_fp8
import time:      2469 |       2469 |                 transformers.integrations.flash_paged
import time:      2497 |       2497 |                     torch.nn.attention._utils
import time:      7615 |      10111 |                   torch.nn.attention.flex_attention
import time:      3461 |      13572 |                 transformers.integrations.flex_attention
import time:      2567 |       2567 |                 transformers.integrations.sdpa_attention
import time:      1560 |       1560 |                 transformers.integrations.sdpa_paged
import time:      2209 |       2209 |                   transformers.loss
import time:      2019 |       2019 |                               PIL.GimpGradientFile
import time:      2089 |       2089 |                               PIL.GimpPaletteFile
import time:      1992 |       1992 |                               PIL.ImageColor
import time:      1728 |       1728 |                               PIL.PaletteFile
import time:     11180 |      19006 |                             PIL.ImagePalette
import time:      3303 |      22309 |                           PIL.ImageOps
import time:      6149 |      28457 |                         transformers.image_utils
import time:      4084 |      32541 |                       transformers.image_transforms
import time:      3591 |      36132 |                     transformers.loss.loss_for_object_detection
import time:      3015 |       3015 |                     transformers.loss.loss_rt_detr
import time:      2650 |      41796 |                   transformers.loss.loss_d_fine
import time:      2722 |       2722 |                   transformers.loss.loss_deformable_detr
import time:      3064 |       3064 |                   transformers.loss.loss_deimv2
import time:      3492 |       3492 |                   transformers.loss.loss_grounding_dino
import time:      5728 |       5728 |                   transformers.loss.loss_lw_detr
import time:      5576 |       5576 |                   transformers.loss.loss_rf_detr
import time:      4532 |       4532 |                   transformers.loss.loss_rnnt
import time:      2643 |       2643 |                   transformers.loss.loss_tdt
import time:      3619 |      75377 |                 transformers.loss.loss_utils
import time:      3180 |       3180 |                 transformers.pytorch_utils
import time:      3473 |       3473 |                 transformers.safetensors_conversion
import time:      3711 |       3711 |                   sentence_transformers.base.evaluation.evaluator
import time:      3621 |       3621 |                   sentence_transformers.base.evaluation.sequential
import time:      3273 |      10603 |                 sentence_transformers.base.evaluation
import time:       766 |        766 |                       torchcodec
import time:       134 |        899 |                     torchcodec.decoders
import time:      3750 |       4649 |                   sentence_transformers.base.modality_types
import time:       799 |        799 |                     torchcodec
import time:       112 |        910 |                   torchcodec.decoders
import time:      2655 |       8213 |                 sentence_transformers.base.modality
import time:     13338 |      13338 |                   transformers.trainer_utils
import time:      3757 |       3757 |                     transformers.debug_utils
import time:     20543 |      24300 |                   transformers.training_args
import time:      4881 |       4881 |                         transformers.cache_utils
import time:      3733 |       3733 |                         transformers.masking_utils
import time:      3364 |       3364 |                         transformers.tokenization_python
import time:      4219 |       4219 |                         transformers.generation.candidate_generator
import time:      3775 |       3775 |                         transformers.generation.stopping_criteria
import time:     13689 |      33657 |                       transformers.models.auto.auto_factory
import time:     55721 |      89378 |                     transformers.models.auto.modeling_auto
import time:      5622 |      94999 |                   transformers.modelcard
import time:      5282 |       5282 |                         xxhash._xxhash
import time:      2832 |       2832 |                         xxhash.version
import time:      3557 |      11670 |                       xxhash
import time:      6074 |       6074 |                             fsspec.caching
import time:      2108 |       2108 |                             fsspec._version
import time:      2300 |       2300 |                             fsspec.callbacks
import time:      1924 |       1924 |                               fsspec.utils
import time:      2473 |       2473 |                                 fsspec.config
import time:      3091 |       3091 |                                 fsspec.dircache
import time:      2367 |       2367 |                                 fsspec.transaction
import time:      2934 |      10864 |                               fsspec.spec
import time:       451 |        451 |                               isal
import time:       280 |        280 |                               lzmaffi
import time:       255 |        255 |                               snappy
import time:       268 |        268 |                                 lz4
import time:        34 |        302 |                               lz4.frame
import time:       257 |        257 |                               backports
import time:      1992 |      16321 |                             fsspec.compression
import time:      1684 |       1684 |                               fsspec.registry
import time:      2272 |       3955 |                             fsspec.core
import time:      2157 |       2157 |                             fsspec.exceptions
import time:      2900 |       2900 |                             fsspec.mapping
import time:     66679 |     102491 |                           fsspec
import time:      2800 |       2800 |                             multiprocess.__info__
import time:      2387 |       2387 |                               multiprocess.process
import time:      2525 |       2525 |                               multiprocess.reduction
import time:      2771 |       7682 |                             multiprocess.context
import time:      3624 |      14105 |                           multiprocess
import time:      5214 |       5214 |                               pyarrow._acero
import time:      6696 |       6696 |                               pyarrow._fs
import time:      5189 |       5189 |                               pyarrow._csv
import time:      4390 |       4390 |                               pyarrow._json
import time:       579 |        579 |                                   substrait
import time:     10525 |      11103 |                                 pyarrow._substrait
import time:      2209 |      13312 |                               pyarrow.substrait
import time:      3218 |       3218 |                               pyarrow.pandas_compat
import time:      4613 |       4613 |                               pyarrow.vendored.version
import time:     16349 |      58977 |                             pyarrow._dataset
import time:      3291 |       3291 |                             pyarrow._dataset_orc
import time:      4128 |       4128 |                               pyarrow._parquet
import time:      4178 |       4178 |                                     pyarrow._azurefs
import time:      4193 |       4193 |                                     pyarrow._hdfs
import time:      4102 |       4102 |                                     pyarrow._gcsfs
import time:      4695 |       4695 |                                     pyarrow._s3fs
import time:      2858 |      20024 |                                   pyarrow.fs
import time:      7730 |      27754 |                                 pyarrow._parquet_encryption
import time:      3901 |      31654 |                               pyarrow._dataset_parquet_encryption
import time:      3663 |      39444 |                             pyarrow._dataset_parquet
import time:      2239 |     103950 |                           pyarrow.dataset
import time:      2470 |       2470 |                             fsspec.implementations
import time:      3019 |       3019 |                               fsspec.implementations.local
import time:       789 |        789 |                               resource
import time:      3334 |       7142 |                             fsspec.asyn
import time:      2116 |       2116 |                             fsspec.implementations.chained
import time:      3876 |      15603 |                           fsspec.implementations.dirfs
import time:      2285 |       2285 |                           tqdm.contrib.concurrent
import time:     23410 |      23410 |                           datasets.config
import time:      3406 |       3406 |                               pyarrow.parquet.core
import time:      2067 |       5472 |                             pyarrow.parquet
import time:      5525 |       5525 |                                 datasets.download.download_config
import time:      2749 |       2749 |                                     datasets.utils.tqdm
import time:      2246 |       2246 |                                     datasets.utils.experimental
import time:      2183 |       2183 |                                           datasets.utils.logging
import time:      3716 |       5898 |                                         datasets.table
import time:      3325 |       3325 |                                         datasets.utils.track
import time:      2754 |      11976 |                                       datasets.exceptions
import time:      1994 |      13969 |                                     datasets.utils.info_utils
import time:      4189 |       4189 |                                     datasets.utils.version
import time:      2658 |      25810 |                                   datasets.utils
import time:      2043 |       2043 |                                         xml.dom.domreg
import time:      2334 |       4377 |                                       xml.dom
import time:      2566 |       2566 |                                       xml.dom.minicompat
import time:      1781 |       1781 |                                         xml.dom.NodeFilter
import time:      2227 |       4007 |                                       xml.dom.xmlbuilder
import time:      4035 |      14983 |                                     xml.dom.minidom
import time:      1409 |       1409 |                                     xml.etree
import time:      1101 |       1101 |                                       xml.etree.ElementPath
import time:      2120 |       2120 |                                         pyexpat
import time:      1299 |       3418 |                                       _elementtree
import time:      2470 |       6988 |                                     xml.etree.ElementTree
import time:      1592 |       1592 |                                         fsspec.archive
import time:      2660 |       4251 |                                       datasets.filesystems.compression
import time:      1776 |       6027 |                                     datasets.filesystems
import time:      1564 |       1564 |                                     datasets.utils._filelock
import time:      2432 |       2432 |                                     datasets.utils.extract
import time:      2821 |       2821 |                                             multidict._abc
import time:      3209 |       3209 |                                               multidict._multidict
import time:      1682 |       4890 |                                             multidict._compat
import time:      2769 |      10479 |                                           multidict
import time:      3131 |      13609 |                                         aiohttp.hdrs
import time:      1641 |       1641 |                                               attr._compat
import time:      1604 |       1604 |                                                 attr._config
import time:      2281 |       2281 |                                                   attr.exceptions
import time:      2060 |       4341 |                                                 attr.setters
import time:     12840 |      18784 |                                               attr._make
import time:      2896 |      23320 |                                             attr.converters
import time:      1212 |       1212 |                                             attr.filters
import time:     11452 |      11452 |                                             attr.validators
import time:      1847 |       1847 |                                             attr._cmp
import time:      2106 |       2106 |                                             attr._funcs
import time:      1808 |       1808 |                                             attr._next_gen
import time:      3160 |       3160 |                                             attr._version_info
import time:      3309 |      48210 |                                           attr
import time:      3206 |       3206 |                                                   yarl._quoting_c
import time:      2160 |       5366 |                                                 yarl._quoting
import time:      2516 |       7882 |                                               yarl._quoters
import time:      3002 |      10883 |                                             yarl._query
import time:      2178 |       2178 |                                                 propcache
import time:      3096 |       3096 |                                                   propcache._helpers_c
import time:      2067 |       5163 |                                                 propcache._helpers
import time:      2712 |      10052 |                                               propcache.api
import time:      1811 |       1811 |                                               yarl._parse
import time:      1717 |       1717 |                                               yarl._path
import time:      6457 |      20035 |                                             yarl._url
import time:      2729 |      33646 |                                           yarl
import time:      2243 |       2243 |                                               aiohttp.typedefs
import time:      2109 |       4352 |                                             aiohttp.http_exceptions
import time:      3831 |       3831 |                                                 aiohttp.client_exceptions
import time:      2164 |       2164 |                                                   netrc
import time:      4157 |       4157 |                                                       email._header_value_parser
import time:      1909 |       6065 |                                                     email.headerregistry
import time:      2348 |       2348 |                                                     email.contentmanager
import time:      2240 |      10653 |                                                   email.policy
import time:      2039 |       2039 |                                                   aiohttp.log
import time:     11390 |      26243 |                                                 aiohttp.helpers
import time:      1936 |       1936 |                                                 aiohttp.tcp_helpers
import time:      2168 |      34177 |                                               aiohttp.base_protocol
import time:       385 |        385 |                                                 brotlicffi
import time:       321 |        321 |                                                 brotli
import time:       236 |        236 |                                                   backports
import time:        36 |        271 |                                                 backports.zstd
import time:      3519 |       4495 |                                               aiohttp.compression_utils
import time:      4825 |       4825 |                                                   aiohttp._cookie_helpers
import time:      3010 |       7835 |                                                 aiohttp.abc
import time:      2592 |       2592 |                                                 aiohttp._http_writer
import time:      2452 |      12878 |                                               aiohttp.http_writer
import time:      3292 |       3292 |                                               aiohttp.streams
import time:      3643 |       3643 |                                               aiohttp._http_parser
import time:      6774 |      65257 |                                             aiohttp.http_parser
import time:      1962 |       1962 |                                                 aiohttp._websocket
import time:      4412 |       4412 |                                                 aiohttp._websocket.models
import time:      3082 |       3082 |                                                 aiohttp._websocket.mask
import time:      3829 |      13284 |                                               aiohttp._websocket.helpers
import time:      4927 |       4927 |                                                 aiohttp._websocket.reader_c
import time:      1743 |       6670 |                                               aiohttp._websocket.reader
import time:      2988 |       2988 |                                               aiohttp._websocket.writer
import time:      2405 |      25346 |                                             aiohttp.http_websocket
import time:      2404 |      97357 |                                           aiohttp.http
import time:      5210 |       5210 |                                           aiohttp.payload
import time:      5432 |       5432 |                                               aiohttp.multipart
import time:      1765 |       1765 |                                               aiohttp.formdata
import time:     10325 |      17521 |                                             aiohttp.client_reqrep
import time:      2581 |      20102 |                                           aiohttp.client_middlewares
import time:      4958 |       4958 |                                           aiohttp.client_ws
import time:      2109 |       2109 |                                                 aiohappyeyeballs._staggered
import time:      2132 |       2132 |                                                 aiohappyeyeballs.types
import time:      2351 |       6591 |                                               aiohappyeyeballs.impl
import time:      1735 |       1735 |                                               aiohappyeyeballs.utils
import time:      2113 |      10438 |                                             aiohappyeyeballs
import time:      3090 |       3090 |                                             aiohttp.client_proto
import time:       680 |        680 |                                               aiodns
import time:      3008 |       3688 |                                             aiohttp.resolver
import time:    196746 |     213960 |                                           aiohttp.connector
import time:      6446 |       6446 |                                           aiohttp.cookiejar
import time:      4934 |       4934 |                                                 frozenlist._frozenlist
import time:      2918 |       7851 |                                               frozenlist
import time:      3260 |      11110 |                                             aiosignal
import time:     21241 |      32351 |                                           aiohttp.tracing
import time:      7210 |     469446 |                                         aiohttp.client
import time:      4271 |       4271 |                                         aiohttp.client_middleware_digest_auth
import time:      3382 |       3382 |                                         aiohttp.payload_streamer
import time:      2388 |     493094 |                                       aiohttp
import time:        60 |     493154 |                                     aiohttp.client_exceptions
import time:      4380 |     530934 |                                   datasets.utils.file_utils
import time:      3126 |       3126 |                                       multiprocess.util
import time:      3071 |       3071 |                                         _multiprocess
import time:      4823 |       7893 |                                       multiprocess.connection
import time:      3948 |      14966 |                                     multiprocess.pool
import time:      3241 |       3241 |                                       datasets.parallel.parallel
import time:      2364 |       5604 |                                     datasets.parallel
import time:      3589 |       3589 |                                     datasets.utils._dill
import time:      4295 |      28453 |                                   datasets.utils.py_utils
import time:      3176 |     588371 |                                 datasets.download.download_manager
import time:      2718 |       2718 |                                 datasets.download.streaming_download_manager
import time:      2265 |     598878 |                               datasets.download
import time:        82 |     598960 |                             datasets.download.download_config
import time:      2286 |       2286 |                             datasets.naming
import time:      7515 |     614232 |                           datasets.arrow_reader
import time:      2207 |       2207 |                             pyarrow.json
import time:      4764 |       4764 |                               datasets.features.audio
import time:      2635 |       2635 |                                 datasets.utils.json
import time:      4117 |       4117 |                                 datasets.features.image
import time:      2903 |       2903 |                                 datasets.features.mesh
import time:      2719 |       2719 |                                 datasets.features.nifti
import time:      3954 |       3954 |                                 datasets.features.pdf
import time:      4346 |       4346 |                                 datasets.features.translation
import time:      5521 |       5521 |                                 datasets.features.video
import time:     15226 |      41418 |                               datasets.features.features
import time:      2176 |      48356 |                             datasets.features
import time:      7424 |       7424 |                               datasets.splits
import time:      9400 |      16824 |                             datasets.info
import time:      5138 |      72524 |                           datasets.arrow_writer
import time:      6912 |       6912 |                           datasets.data_files
import time:      5260 |       5260 |                           datasets.fingerprint
import time:      9425 |       9425 |                             datasets.formatting.formatting
import time:      5174 |       5174 |                             datasets.formatting.np_formatter
import time:      4144 |       4144 |                             datasets.formatting.torch_formatter
import time:      4471 |      23214 |                           datasets.formatting
import time:      9611 |       9611 |                           datasets.search
import time:      2732 |       2732 |                           datasets.utils.metadata
import time:      2070 |       2070 |                           datasets.utils.stratify
import time:      2503 |       2503 |                                 multiprocess.spawn
import time:      2714 |       5217 |                               multiprocess.resource_tracker
import time:      3098 |       8314 |                             multiprocess.shared_memory
import time:      2926 |      11240 |                           datasets.utils.tf_utils
import time:      2375 |       2375 |                           datasets.utils.typing
import time:     19949 |    1031956 |                         datasets.arrow_dataset
import time:      2034 |       2034 |                               datasets.utils.sharding
import time:     10056 |      12090 |                             datasets.iterable_dataset
import time:      2367 |       2367 |                             datasets.utils.doc_utils
import time:      4958 |      19414 |                           datasets.dataset_dict
import time:     12659 |      12659 |                             datasets.utils.patching
import time:      2334 |      14992 |                           datasets.streaming
import time:      9615 |      44020 |                         datasets.builder
import time:      3243 |       3243 |                         datasets.combine
import time:      3894 |       3894 |                               datasets.packaged_modules.arrow
import time:      4524 |       4524 |                               datasets.packaged_modules.arrow.arrow
import time:      1571 |       1571 |                               datasets.packaged_modules.audiofolder
import time:      1902 |       1902 |                                 datasets.packaged_modules.folder_based_builder
import time:      4718 |       4718 |                                 datasets.packaged_modules.folder_based_builder.folder_based_builder
import time:      2090 |       8709 |                               datasets.packaged_modules.audiofolder.audiofolder
import time:      1939 |       1939 |                               datasets.packaged_modules.cache
import time:      3278 |       3278 |                               datasets.packaged_modules.cache.cache
import time:      2061 |       2061 |                               datasets.packaged_modules.conll
import time:      2525 |       2525 |                               datasets.packaged_modules.conll.conll
import time:      1383 |       1383 |                               datasets.packaged_modules.csv
import time:     13626 |      13626 |                               datasets.packaged_modules.csv.csv
import time:      1676 |       1676 |                               datasets.packaged_modules.eval
import time:      2684 |       2684 |                               datasets.packaged_modules.eval.eval
import time:      1444 |       1444 |                               datasets.packaged_modules.hdf5
import time:      4386 |       4386 |                               datasets.packaged_modules.hdf5.hdf5
import time:      2006 |       2006 |                               datasets.packaged_modules.iceberg
import time:      5638 |       5638 |                               datasets.packaged_modules.iceberg.iceberg
import time:      3432 |       3432 |                               datasets.packaged_modules.imagefolder
import time:      2432 |       2432 |                               datasets.packaged_modules.imagefolder.imagefolder
import time:      1896 |       1896 |                               datasets.packaged_modules.json
import time:      6273 |       6273 |                               datasets.packaged_modules.json.json
import time:      2223 |       2223 |                               datasets.packaged_modules.lance
import time:      3880 |       3880 |                               datasets.packaged_modules.lance.lance
import time:      1963 |       1963 |                               datasets.packaged_modules.meshfolder
import time:      2103 |       2103 |                               datasets.packaged_modules.meshfolder.meshfolder
import time:      1600 |       1600 |                               datasets.packaged_modules.niftifolder
import time:      2419 |       2419 |                               datasets.packaged_modules.niftifolder.niftifolder
import time:      1608 |       1608 |                               datasets.packaged_modules.pandas
import time:      4063 |       4063 |                               datasets.packaged_modules.pandas.pandas
import time:      2497 |       2497 |                               datasets.packaged_modules.parquet
import time:      3365 |       3365 |                               datasets.packaged_modules.parquet.parquet
import time:      1515 |       1515 |                               datasets.packaged_modules.pdffolder
import time:      2048 |       2048 |                               datasets.packaged_modules.pdffolder.pdffolder
import time:      1508 |       1508 |                               datasets.packaged_modules.sql
import time:      5597 |       5597 |                               datasets.packaged_modules.sql.sql
import time:      3288 |       3288 |                               datasets.packaged_modules.text
import time:      5649 |       5649 |                               datasets.packaged_modules.text.text
import time:      3367 |       3367 |                               datasets.packaged_modules.tsfile
import time:      6610 |       6610 |                               datasets.packaged_modules.tsfile.tsfile
import time:      1970 |       1970 |                               datasets.packaged_modules.videofolder
import time:      2187 |       2187 |                               datasets.packaged_modules.videofolder.videofolder
import time:      1867 |       1867 |                               datasets.packaged_modules.webdataset
import time:      3396 |       3396 |                               datasets.packaged_modules.webdataset.webdataset
import time:      2083 |       2083 |                               datasets.packaged_modules.xml
import time:      4728 |       4728 |                               datasets.packaged_modules.xml.xml
import time:     51244 |     198132 |                             datasets.packaged_modules
import time:      1965 |       1965 |                             datasets.utils._dataset_viewer
import time:      1611 |       1611 |                             datasets.utils.hub
import time:      8527 |     210235 |                           datasets.load
import time:      2733 |     212967 |                         datasets.inspect
import time:      3499 |    1295683 |                       datasets
import time:     10590 |    1317942 |                     sentence_transformers.base.sampler
import time:     22262 |    1340203 |                   sentence_transformers.base.training_args
import time:       646 |        646 |                     torchcodec
import time:       125 |        770 |                   torchcodec.decoders
import time:       630 |        630 |                     torchcodec
import time:       110 |        739 |                   torchcodec.decoders
import time:     29370 |    1503716 |                 sentence_transformers.base.model_card
import time:      2553 |       2553 |                     sentence_transformers.base.modules.module
import time:      2610 |       5162 |                   sentence_transformers.base.modules.dense
import time:      2888 |       2888 |                   sentence_transformers.base.modules.input_module
import time:      2664 |       2664 |                   sentence_transformers.base.modules.router
import time:      2600 |       2600 |                     transformers.feature_extraction_utils
import time:      3038 |       3038 |                       transformers.image_processing_base
import time:      5577 |       5577 |                         transformers.audio_utils
import time:      4244 |       4244 |                           transformers.video_utils
import time:      2820 |       7063 |                         transformers.utils.type_validators
import time:    257430 |     270069 |                       transformers.processing_utils
import time:      4102 |     277209 |                     transformers.image_processing_utils
import time:      5404 |       5404 |                       transformers.image_processing_backends
import time:      5023 |      10426 |                     transformers.video_processing_utils
import time:      3039 |       3039 |                     transformers.models.auto.feature_extraction_auto
import time:      4109 |       4109 |                     transformers.models.auto.image_processing_auto
import time:      8563 |       8563 |                       transformers.models.encoder_decoder
import time:      2230 |       2230 |                         tokenizers.trainers
import time:      3171 |       5400 |                       transformers.tokenization_utils_tokenizers
import time:     17047 |      31009 |                     transformers.models.auto.tokenization_auto
import time:      3583 |       3583 |                     transformers.models.auto.video_processing_auto
import time:      8071 |       8071 |                     transformers.models.siglip
import time:    307141 |     647182 |                   sentence_transformers.base.modules.transformer
import time:      3399 |     661294 |                 sentence_transformers.base.modules
import time:      2268 |       2268 |                 sentence_transformers.base.peft_mixin
import time:     21751 |    8264279 |               sentence_transformers.base.model
import time:     11463 |      11463 |                     transformers.data.data_collator
import time:      2427 |       2427 |                     transformers.data.metrics
import time:      5098 |       5098 |                         transformers.data.processors.utils
import time:      4287 |       9385 |                       transformers.data.processors.glue
import time:      4621 |       4621 |                           transformers.models.bert
import time:      2008 |       6629 |                         transformers.models.bert.tokenization_bert_legacy
import time:      3033 |       9662 |                       transformers.data.processors.squad
import time:      2800 |       2800 |                       transformers.data.processors.xnli
import time:      2200 |      24045 |                     transformers.data.processors
import time:      2548 |      40481 |                   transformers.data
import time:       101 |      40581 |                 transformers.data.data_collator
import time:      2313 |       2313 |                 transformers.feature_extraction_sequence_utils
import time:      2447 |       2447 |                 transformers.hyperparameter_search
import time:      1507 |       1507 |                 transformers.integrations.liger
import time:      1916 |       1916 |                 transformers.integrations.neftune
import time:      2282 |       2282 |                 transformers.integrations.tpu
import time:     13147 |      13147 |                   transformers.trainer_pt_utils
import time:      3457 |      16603 |                 transformers.optimization
import time:      3540 |       3540 |                 transformers.trainer_optimizer
import time:     15138 |      86323 |               sentence_transformers.base.trainer
import time:       860 |    8352949 |             sentence_transformers.base
import time:        66 |    8353015 |           sentence_transformers.base.sampler
import time:      2646 |       2646 |             sentence_transformers.cross_encoder.data_collator
import time:     15742 |      15742 |                 sentence_transformers.cross_encoder.training_args
import time:      4286 |       4286 |                       sentence_transformers.sentence_transformer.data_collator
import time:      3172 |       3172 |                                 sentence_transformers.sentence_transformer.modules.tokenizer.word
import time:      2724 |       5895 |                               sentence_transformers.sentence_transformer.modules.tokenizer.phrase
import time:      2184 |       2184 |                               sentence_transformers.sentence_transformer.modules.tokenizer.whitespace
import time:      2065 |      10144 |                             sentence_transformers.sentence_transformer.modules.tokenizer
import time:      3209 |      13352 |                           sentence_transformers.sentence_transformer.modules.bow
import time:      2104 |       2104 |                           sentence_transformers.sentence_transformer.modules.clip_model
import time:      2159 |       2159 |                           sentence_transformers.sentence_transformer.modules.cnn
import time:      2090 |       2090 |                           sentence_transformers.sentence_transformer.modules.dropout
import time:      2072 |       2072 |                           sentence_transformers.sentence_transformer.modules.layer_norm
import time:      2038 |       2038 |                           sentence_transformers.sentence_transformer.modules.lstm
import time:      1850 |       1850 |                           sentence_transformers.sentence_transformer.modules.normalize
import time:      2445 |       2445 |                           sentence_transformers.sentence_transformer.modules.pooling
import time:      2310 |       2310 |                           sentence_transformers.sentence_transformer.modules.static_embedding
import time:      2141 |       2141 |                           sentence_transformers.sentence_transformer.modules.weighted_layer_pooling
import time:      2314 |       2314 |                           sentence_transformers.sentence_transformer.modules.word_embeddings
import time:      1991 |       1991 |                           sentence_transformers.sentence_transformer.modules.word_weights
import time:      2846 |      39705 |                         sentence_transformers.sentence_transformer.modules
import time:      5481 |       5481 |                                     sentence_transformers.sentence_transformer.readers.input_example
import time:      3488 |       3488 |                                     sentence_transformers.sentence_transformer.readers.label_sentence
import time:      1832 |       1832 |                                     sentence_transformers.sentence_transformer.readers.nli_data
import time:      1212 |       1212 |                                     sentence_transformers.sentence_transformer.readers.paired_files
import time:      1023 |       1023 |                                     sentence_transformers.sentence_transformer.readers.sts_data
import time:       896 |        896 |                                     sentence_transformers.sentence_transformer.readers.triplet
import time:      1800 |      15729 |                                   sentence_transformers.sentence_transformer.readers
import time:        59 |      15788 |                                 sentence_transformers.sentence_transformer.readers.input_example
import time:      1916 |      17703 |                               sentence_transformers.sentence_transformer.datasets.denoising_auto_encoder
import time:      1079 |       1079 |                               sentence_transformers.sentence_transformer.datasets.no_duplicates_dataloader
import time:       988 |        988 |                               sentence_transformers.sentence_transformer.datasets.parallel_sentences
import time:       948 |        948 |                               sentence_transformers.sentence_transformer.datasets.sentence_label
import time:       907 |        907 |                               sentence_transformers.sentence_transformer.datasets.sentences
import time:      1809 |      23432 |                             sentence_transformers.sentence_transformer.datasets
import time:        59 |      23491 |                           sentence_transformers.sentence_transformer.datasets.no_duplicates_dataloader
import time:      1005 |       1005 |                           sentence_transformers.sentence_transformer.deprecated_model_card_templates
import time:     13823 |      13823 |                           sentence_transformers.sentence_transformer.training_args
import time:      3816 |      42134 |                         sentence_transformers.sentence_transformer.fit_mixin
import time:      4958 |       4958 |                         sentence_transformers.sentence_transformer.model_card
import time:      3447 |      90242 |                       sentence_transformers.sentence_transformer.model
import time:      3102 |       3102 |                       sentence_transformers.sentence_transformer.trainer
import time:      2055 |      99683 |                     sentence_transformers.sentence_transformer
import time:        64 |      99746 |                   sentence_transformers.sentence_transformer.datasets
import time:        80 |      99826 |                 sentence_transformers.sentence_transformer.datasets.no_duplicates_dataloader
import time:      4503 |     120069 |               sentence_transformers.cross_encoder.fit_mixin
import time:      6125 |       6125 |               sentence_transformers.cross_encoder.model_card
import time:      3321 |       3321 |                   sentence_transformers.cross_encoder.modules.logit_score
import time:      3125 |       6445 |                 sentence_transformers.cross_encoder.modules
import time:        80 |       6525 |               sentence_transformers.cross_encoder.modules.logit_score
import time:      3018 |     135735 |             sentence_transformers.cross_encoder.model
import time:      1792 |       1792 |                 sentence_transformers.cross_encoder.losses.adr_mse
import time:      1358 |       1358 |                 sentence_transformers.cross_encoder.losses.binary_cross_entropy
import time:      1758 |       1758 |                       sentence_transformers.base.losses.gradcache
import time:      2269 |       4027 |                     sentence_transformers.base.losses
import time:        53 |       4079 |                   sentence_transformers.base.losses.gradcache
import time:      1596 |       1596 |                   sentence_transformers.cross_encoder.losses.multiple_negatives_ranking
import time:      1314 |       6988 |                 sentence_transformers.cross_encoder.losses.cached_multiple_negatives_ranking
import time:      2163 |       2163 |                 sentence_transformers.cross_encoder.losses.cross_entropy
import time:      2430 |       2430 |                 sentence_transformers.cross_encoder.losses.lambda_loss
import time:      1813 |       1813 |                   sentence_transformers.cross_encoder.losses.plist_mle
import time:      1021 |       2834 |                 sentence_transformers.cross_encoder.losses.list_mle
import time:      1856 |       1856 |                 sentence_transformers.cross_encoder.losses.list_net
import time:      2893 |       2893 |                 sentence_transformers.cross_encoder.losses.margin_mse
import time:      3066 |       3066 |                 sentence_transformers.cross_encoder.losses.mse
import time:      2485 |       2485 |                 sentence_transformers.cross_encoder.losses.rank_net
import time:      1881 |      29741 |               sentence_transformers.cross_encoder.losses
import time:      4598 |      34338 |             sentence_transformers.cross_encoder.trainer
import time:      2587 |     175305 |           sentence_transformers.cross_encoder
import time:      1499 |       1499 |             sentence_transformers.sparse_encoder.data_collator
import time:      1094 |       1094 |                   sentence_transformers.sparse_encoder.modules.mlm_transformer
import time:      1273 |       1273 |                   sentence_transformers.sparse_encoder.modules.sparse_auto_encoder
import time:       917 |        917 |                   sentence_transformers.sparse_encoder.modules.sparse_static_embedding
import time:       834 |        834 |                   sentence_transformers.sparse_encoder.modules.splade_pooling
import time:       838 |       4955 |                 sentence_transformers.sparse_encoder.modules
import time:      2620 |       7575 |               sentence_transformers.sparse_encoder.model_card
import time:      1417 |       8991 |             sentence_transformers.sparse_encoder.model
import time:      1111 |       1111 |                                 sentence_transformers.sentence_transformer.losses.cosent
import time:       977 |        977 |                                 sentence_transformers.sentence_transformer.losses.adaptive_layer
import time:      3086 |       3086 |                                 sentence_transformers.sentence_transformer.losses.angle
import time:      2740 |       2740 |                                   sentence_transformers.sentence_transformer.losses.batch_hard_triplet
import time:      4284 |       7024 |                                 sentence_transformers.sentence_transformer.losses.batch_all_triplet
import time:      1161 |       1161 |                                 sentence_transformers.sentence_transformer.losses.batch_hard_soft_margin_triplet
import time:      1225 |       1225 |                                 sentence_transformers.sentence_transformer.losses.batch_semi_hard_triplet
import time:      1201 |       1201 |                                 sentence_transformers.sentence_transformer.losses.cached_gist_embed
import time:      1016 |       1016 |                                   sentence_transformers.sentence_transformer.losses.multiple_negatives_ranking
import time:      1018 |       2034 |                                 sentence_transformers.sentence_transformer.losses.cached_multiple_negatives_ranking
import time:       835 |        835 |                                 sentence_transformers.sentence_transformer.losses.cached_multiple_negatives_symmetric_ranking
import time:      1289 |       1289 |                                 sentence_transformers.sentence_transformer.losses.contrastive
import time:      1097 |       1097 |                                 sentence_transformers.sentence_transformer.losses.contrastive_tension
import time:      1332 |       1332 |                                 sentence_transformers.sentence_transformer.losses.cosine_similarity
import time:      1400 |       1400 |                                 sentence_transformers.sentence_transformer.losses.denoising_auto_encoder
import time:       910 |        910 |                                 sentence_transformers.sentence_transformer.losses.distill_kl_div
import time:      1148 |       1148 |                                 sentence_transformers.sentence_transformer.losses.embed_distill
import time:      1511 |       1511 |                                 sentence_transformers.sentence_transformer.losses.gist_embed
import time:      1257 |       1257 |                                 sentence_transformers.sentence_transformer.losses.global_orthogonal_regularization
import time:      1134 |       1134 |                                 sentence_transformers.sentence_transformer.losses.margin_mse
import time:      1243 |       1243 |                                 sentence_transformers.sentence_transformer.losses.matryoshka
import time:      1254 |       1254 |                                 sentence_transformers.sentence_transformer.losses.matryoshka_2d
import time:      1041 |       1041 |                                 sentence_transformers.sentence_transformer.losses.mega_batch_margin
import time:       908 |        908 |                                 sentence_transformers.sentence_transformer.losses.mse
import time:       901 |        901 |                                 sentence_transformers.sentence_transformer.losses.multiple_negatives_symmetric_ranking
import time:      1001 |       1001 |                                 sentence_transformers.sentence_transformer.losses.online_contrastive
import time:      1059 |       1059 |                                 sentence_transformers.sentence_transformer.losses.softmax
import time:       954 |        954 |                                 sentence_transformers.sentence_transformer.losses.triplet
import time:      1359 |      39440 |                               sentence_transformers.sentence_transformer.losses
import time:        33 |      39473 |                             sentence_transformers.sentence_transformer.losses.multiple_negatives_ranking
import time:      1168 |      40641 |                           sentence_transformers.sparse_encoder.losses.sparse_multiple_negatives_ranking
import time:      2096 |      42737 |                         sentence_transformers.sparse_encoder.losses.csr
import time:       942 |        942 |                         sentence_transformers.sparse_encoder.losses.flops
import time:      2422 |       2422 |                           sentence_transformers.sparse_encoder.losses.sparse_cosent
import time:      1349 |       3770 |                         sentence_transformers.sparse_encoder.losses.sparse_angle
import time:      2714 |       2714 |                         sentence_transformers.sparse_encoder.losses.sparse_cosine_similarity
import time:      1385 |       1385 |                         sentence_transformers.sparse_encoder.losses.sparse_distill_kl_div
import time:      1602 |       1602 |                         sentence_transformers.sparse_encoder.losses.sparse_margin_mse
import time:       939 |        939 |                         sentence_transformers.sparse_encoder.losses.sparse_mse
import time:      1254 |       1254 |                         sentence_transformers.sparse_encoder.losses.sparse_triplet
import time:      2137 |       2137 |                         sentence_transformers.sparse_encoder.losses.splade
import time:      1759 |       1759 |                         sentence_transformers.sparse_encoder.losses.cached_splade
import time:      1778 |      61014 |                       sentence_transformers.sparse_encoder.losses
import time:        68 |      61081 |                     sentence_transformers.sparse_encoder.losses.splade
import time:      9785 |       9785 |                     sentence_transformers.sparse_encoder.training_args
import time:      2089 |      72955 |                   sentence_transformers.sparse_encoder.callbacks.splade_callbacks
import time:      1089 |      74044 |                 sentence_transformers.sparse_encoder.callbacks
import time:        52 |      74095 |               sentence_transformers.sparse_encoder.callbacks.splade_callbacks
import time:      3025 |      77120 |             sentence_transformers.sparse_encoder.trainer
import time:      1432 |      89041 |           sentence_transformers.sparse_encoder
import time:      1928 |       1928 |           sentence_transformers.util.deprecated_import
import time:      2549 |   15582066 |         sentence_transformers
import time:      1646 |   15583711 |       langchain_text_splitters.sentence_transformers
import time:       595 |        595 |         spacy
import time:      1772 |       2366 |       langchain_text_splitters.spacy
import time:      1548 |   19207109 |     langchain_text_splitters
import time:      2274 |       2274 |       langchain_openai._version
import time:      3779 |       3779 |                   openai._types
import time:      2314 |       2314 |                       openai._utils._utils
import time:      1989 |       4302 |                     openai._utils._logs
import time:      2601 |       2601 |                     openai._utils._path
import time:      2443 |       2443 |                     openai._utils._sync
import time:      2335 |       2335 |                     openai._utils._proxy
import time:      1481 |       1481 |                       openai._utils._datetime_parse
import time:      1565 |       3046 |                     openai._utils._compat
import time:      1556 |       1556 |                     openai._utils._typing
import time:      1573 |       1573 |                     openai._utils._streams
import time:      2845 |       2845 |                       openai._files
import time:      3168 |       6012 |                     openai._utils._transform
import time:      2230 |       2230 |                     openai._utils._reflection
import time:      2065 |      28158 |                   openai._utils
import time:      3058 |       3058 |                   openai._compat
import time:      2032 |       2032 |                   openai._constants
import time:      2316 |       2316 |                   pydantic._internal._serializers
import time:     16150 |      55491 |                 openai._models
import time:      3719 |       3719 |                 openai.types.batch_error
import time:      4350 |       4350 |                 openai.types.batch_usage
import time:      1875 |       1875 |                     openai.types.shared.metadata
import time:      1652 |       1652 |                       openai.types.shared.reasoning_effort
import time:      2512 |       4164 |                     openai.types.shared.reasoning
import time:      1911 |       1911 |                       openai.types.shared.chat_model
import time:      1927 |       3837 |                     openai.types.shared.all_models
import time:      2991 |       2991 |                     openai.types.shared.error_object
import time:      2110 |       2110 |                       openai.types.shared.comparison_filter
import time:      2736 |       4845 |                     openai.types.shared.compound_filter
import time:      1956 |       1956 |                     openai.types.shared.responses_model
import time:      1499 |       1499 |                     openai.types.shared.oauth_error_code
import time:      1344 |       1344 |                       openai.types.shared.function_parameters
import time:      2031 |       3374 |                     openai.types.shared.function_definition
import time:      2031 |       2031 |                     openai.types.shared.response_format_text
import time:      3212 |       3212 |                     openai.types.shared.custom_tool_input_format
import time:      2402 |       2402 |                     openai.types.shared.response_format_json_object
import time:      2887 |       2887 |                     openai.types.shared.response_format_json_schema
import time:      2183 |       2183 |                     openai.types.shared.response_format_text_python
import time:      2334 |       2334 |                     openai.types.shared.response_format_text_grammar
import time:      2392 |      41976 |                   openai.types.shared
import time:        72 |      42047 |                 openai.types.shared.metadata
import time:      2010 |       2010 |                 openai.types.batch_request_counts
import time:      5146 |     112761 |               openai.types.batch
import time:      2496 |       2496 |               openai.types.image
import time:      3020 |       3020 |               openai.types.model
import time:      2761 |       2761 |               openai.types.skill
import time:      1767 |       1767 |                 openai.types.video_size
import time:      1969 |       1969 |                 openai.types.video_model
import time:      2301 |       2301 |                 openai.types.video_seconds
import time:      3901 |       3901 |                 openai.types.video_create_error
import time:      3726 |      13662 |               openai.types.video
import time:      3243 |       3243 |                 openai.types.file_object
import time:      3027 |       6269 |               openai.types.upload
import time:      3362 |       3362 |               openai.types.embedding
import time:      1760 |       1760 |               openai.types.chat_model
import time:      4479 |       4479 |                 openai.types.completion_usage
import time:      3996 |       3996 |                 openai.types.completion_choice
import time:      3813 |      12287 |               openai.types.completion
import time:      7865 |       7865 |               openai.types.moderation
import time:      3007 |       3007 |               openai.types.skill_list
import time:      2365 |       2365 |               openai.types.audio_model
import time:      2084 |       2084 |               openai.types.image_model
import time:      2021 |       2021 |               openai.types.file_content
import time:      2845 |       2845 |               openai.types.file_deleted
import time:      2137 |       2137 |               openai.types.file_purpose
import time:      5597 |       5597 |               openai.types.vector_store
import time:      4414 |       4414 |               openai.types.deleted_skill
import time:      2714 |       2714 |               openai.types.model_deleted
import time:      2340 |       2340 |               openai.types.embedding_model
import time:      6404 |       6404 |               openai.types.images_response
import time:      2288 |       2288 |               openai.types.eval_list_params
import time:      2055 |       2055 |               openai.types.file_list_params
import time:      2680 |       2680 |               openai.types.moderation_model
import time:      2639 |       2639 |               openai.types.batch_list_params
import time:      3191 |       3191 |               openai.types.image_edit_params
import time:      2302 |       2302 |               openai.types.skill_list_params
import time:      2859 |       2859 |               openai.types.video_edit_params
import time:      2473 |       2473 |               openai.types.video_list_params
import time:      2245 |       2245 |               openai.types.video_model_param
import time:      2061 |       2061 |                     openai.types.shared_params.metadata
import time:      2663 |       2663 |                     openai.types.shared_params.reasoning
import time:      2365 |       2365 |                     openai.types.shared_params.chat_model
import time:      3567 |       3567 |                       openai.types.shared_params.comparison_filter
import time:      2693 |       6260 |                     openai.types.shared_params.compound_filter
import time:      2101 |       2101 |                     openai.types.shared_params.responses_model
import time:      2459 |       2459 |                     openai.types.shared_params.oauth_error_code
import time:      1771 |       1771 |                     openai.types.shared_params.reasoning_effort
import time:      2150 |       2150 |                       openai.types.shared_params.function_parameters
import time:      2498 |       4648 |                     openai.types.shared_params.function_definition
import time:      2347 |       2347 |                     openai.types.shared_params.response_format_text
import time:      2792 |       2792 |                     openai.types.shared_params.custom_tool_input_format
import time:      2711 |       2711 |                     openai.types.shared_params.response_format_json_object
import time:      3021 |       3021 |                     openai.types.shared_params.response_format_json_schema
import time:      2109 |      37303 |                   openai.types.shared_params
import time:        89 |      37391 |                 openai.types.shared_params.metadata
import time:      2469 |       2469 |                       openai.types.graders.python_grader
import time:      4563 |       4563 |                                 openai.types.responses.web_search_tool
import time:      3487 |       3487 |                                 openai.types.responses.custom_tool
import time:      3343 |       3343 |                                 openai.types.responses.computer_tool
import time:      4739 |       4739 |                                 openai.types.responses.function_tool
import time:      6751 |       6751 |                                 openai.types.responses.namespace_tool
import time:      2762 |       2762 |                                 openai.types.responses.apply_patch_tool
import time:      4452 |       4452 |                                 openai.types.responses.file_search_tool
import time:      3351 |       3351 |                                 openai.types.responses.tool_search_tool
import time:      3431 |       3431 |                                       openai.types.responses.inline_skill_source
import time:      2970 |       6401 |                                     openai.types.responses.inline_skill
import time:      3338 |       3338 |                                     openai.types.responses.skill_reference
import time:      6017 |       6017 |                                     openai.types.responses.container_network_policy_disabled
import time:      4769 |       4769 |                                       openai.types.responses.container_network_policy_domain_secret
import time:      4951 |       9719 |                                     openai.types.responses.container_network_policy_allowlist
import time:      3740 |      29214 |                                   openai.types.responses.container_auto
import time:      5101 |       5101 |                                     openai.types.responses.local_skill
import time:      5447 |      10548 |                                   openai.types.responses.local_environment
import time:      4917 |       4917 |                                   openai.types.responses.container_reference
import time:      3667 |      48344 |                                 openai.types.responses.function_shell_tool
import time:      5325 |       5325 |                                 openai.types.responses.web_search_preview_tool
import time:      4931 |       4931 |                                 openai.types.responses.computer_use_preview_tool
import time:     13267 |     105310 |                               openai.types.responses.tool
import time:      5396 |       5396 |                                 openai.types.responses.response_error
import time:      4273 |       4273 |                                 openai.types.responses.response_usage
import time:      6741 |       6741 |                                   openai.types.responses.response_input_file
import time:      4365 |       4365 |                                   openai.types.responses.response_input_text
import time:      3346 |       3346 |                                   openai.types.responses.response_input_image
import time:      3806 |      18257 |                                 openai.types.responses.response_prompt
import time:      1840 |       1840 |                                 openai.types.responses.response_status
import time:      4127 |       4127 |                                 openai.types.responses.tool_choice_mcp
import time:      3304 |       3304 |                                 openai.types.responses.tool_choice_shell
import time:      2441 |       2441 |                                 openai.types.responses.tool_choice_types
import time:      2258 |       2258 |                                 openai.types.responses.tool_choice_custom
import time:      1449 |       1449 |                                       openai.types.responses.response_input_content
import time:      2475 |       3924 |                                     openai.types.responses.response_input_message_content_list
import time:      3582 |       7505 |                                   openai.types.responses.easy_input_message
import time:      3846 |       3846 |                                     openai.types.responses.response_output_text
import time:      1507 |       1507 |                                     openai.types.responses.response_output_refusal
import time:      1900 |       7252 |                                   openai.types.responses.response_output_message
import time:      3093 |       3093 |                                   openai.types.responses.response_reasoning_item
import time:      2561 |       2561 |                                   openai.types.responses.response_custom_tool_call
import time:      3224 |       3224 |                                       openai.types.responses.computer_action
import time:       780 |       4003 |                                     openai.types.responses.computer_action_list
import time:      4334 |       8336 |                                   openai.types.responses.response_computer_tool_call
import time:      2035 |       2035 |                                   openai.types.responses.response_function_tool_call
import time:      5028 |       5028 |                                   openai.types.responses.response_function_web_search
import time:      1997 |       1997 |                                   openai.types.responses.response_compaction_item_param
import time:      1887 |       1887 |                                   openai.types.responses.response_file_search_tool_call
import time:      1853 |       1853 |                                   openai.types.responses.response_custom_tool_call_output
import time:      1924 |       1924 |                                   openai.types.responses.response_code_interpreter_tool_call
import time:      1217 |       1217 |                                   openai.types.responses.response_tool_search_output_item_param
import time:      1455 |       1455 |                                       openai.types.responses.response_input_file_content
import time:      2287 |       2287 |                                       openai.types.responses.response_input_text_content
import time:      3359 |       3359 |                                       openai.types.responses.response_input_image_content
import time:       908 |       8008 |                                     openai.types.responses.response_function_call_output_item
import time:       820 |       8827 |                                   openai.types.responses.response_function_call_output_item_list
import time:      4102 |       4102 |                                   openai.types.responses.response_function_shell_call_output_content
import time:      2889 |       2889 |                                   openai.types.responses.response_computer_tool_call_output_screenshot
import time:     38540 |      99041 |                                 openai.types.responses.response_input_item
import time:      4409 |       4409 |                                 openai.types.responses.tool_choice_allowed
import time:      2424 |       2424 |                                 openai.types.responses.tool_choice_options
import time:      3715 |       3715 |                                   openai.types.responses.response_compaction_item
import time:      3462 |       3462 |                                   openai.types.responses.response_tool_search_call
import time:      5880 |       5880 |                                   openai.types.responses.response_apply_patch_tool_call
import time:      3523 |       3523 |                                   openai.types.responses.response_tool_search_output_item
import time:      3607 |       3607 |                                     openai.types.responses.response_local_environment
import time:      3707 |       3707 |                                     openai.types.responses.response_container_reference
import time:      6539 |      13852 |                                   openai.types.responses.response_function_shell_tool_call
import time:      4358 |       4358 |                                   openai.types.responses.response_apply_patch_tool_call_output
import time:      2765 |       2765 |                                   openai.types.responses.response_custom_tool_call_output_item
import time:      4198 |       4198 |                                   openai.types.responses.response_computer_tool_call_output_item
import time:      5388 |       5388 |                                   openai.types.responses.response_function_tool_call_output_item
import time:      9801 |       9801 |                                   openai.types.responses.response_function_shell_tool_call_output
import time:      9444 |      66381 |                                 openai.types.responses.response_output_item
import time:      3745 |       3745 |                                     openai.types.responses.response_format_text_json_schema_config
import time:      2479 |       6224 |                                   openai.types.responses.response_format_text_config
import time:      3811 |      10034 |                                 openai.types.responses.response_text_config
import time:      3536 |       3536 |                                 openai.types.responses.tool_choice_function
import time:      4078 |       4078 |                                 openai.types.responses.tool_choice_apply_patch
import time:     11631 |     243425 |                               openai.types.responses.response
import time:      4061 |       4061 |                                 openai.types.responses.web_search_tool_param
import time:      3318 |       3318 |                                       openai.types.chat.chat_completion_audio
import time:      3782 |       3782 |                                         openai.types.chat.chat_completion_message_custom_tool_call
import time:      3663 |       3663 |                                         openai.types.chat.chat_completion_message_function_tool_call
import time:      3428 |      10872 |                                       openai.types.chat.chat_completion_message_tool_call
import time:      5625 |      19814 |                                     openai.types.chat.chat_completion_message
import time:      4139 |       4139 |                                     openai.types.chat.chat_completion_token_logprob
import time:     13496 |      37448 |                                   openai.types.chat.chat_completion
import time:      2606 |       2606 |                                   openai.types.chat.chat_completion_role
import time:     11632 |      11632 |                                   openai.types.chat.chat_completion_chunk
import time:      2612 |       2612 |                                   openai.types.chat.completion_list_params
import time:      3358 |       3358 |                                     openai.types.chat.parsed_function_tool_call
import time:      5736 |       9093 |                                   openai.types.chat.parsed_chat_completion
import time:      2981 |       2981 |                                   openai.types.chat.chat_completion_deleted
import time:      2108 |       2108 |                                   openai.types.chat.chat_completion_modality
import time:      3649 |       3649 |                                     openai.types.chat.chat_completion_audio_param
import time:      1962 |       1962 |                                         openai.types.chat.chat_completion_content_part_text_param
import time:      2010 |       3971 |                                       openai.types.chat.chat_completion_tool_message_param
import time:      2668 |       2668 |                                           openai.types.chat.chat_completion_content_part_image_param
import time:      2240 |       2240 |                                           openai.types.chat.chat_completion_content_part_input_audio_param
import time:      2379 |       7286 |                                         openai.types.chat.chat_completion_content_part_param
import time:      1847 |       9132 |                                       openai.types.chat.chat_completion_user_message_param
import time:      1783 |       1783 |                                       openai.types.chat.chat_completion_system_message_param
import time:      2205 |       2205 |                                       openai.types.chat.chat_completion_function_message_param
import time:      2927 |       2927 |                                         openai.types.chat.chat_completion_content_part_refusal_param
import time:      3427 |       3427 |                                           openai.types.chat.chat_completion_message_custom_tool_call_param
import time:      2539 |       2539 |                                           openai.types.chat.chat_completion_message_function_tool_call_param
import time:      2378 |       8343 |                                         openai.types.chat.chat_completion_message_tool_call_union_param
import time:      3219 |      14488 |                                       openai.types.chat.chat_completion_assistant_message_param
import time:      3210 |       3210 |                                       openai.types.chat.chat_completion_developer_message_param
import time:      2562 |      37349 |                                     openai.types.chat.chat_completion_message_param
import time:      2513 |       2513 |                                       openai.types.chat.chat_completion_custom_tool_param
import time:      2021 |       2021 |                                       openai.types.chat.chat_completion_function_tool_param
import time:      1868 |       6401 |                                     openai.types.chat.chat_completion_tool_union_param
import time:      1958 |       1958 |                                     openai.types.chat.chat_completion_stream_options_param
import time:      2149 |       2149 |                                     openai.types.chat.chat_completion_prediction_content_param
import time:      2748 |       2748 |                                       openai.types.chat.chat_completion_named_tool_choice_param
import time:      1919 |       1919 |                                         openai.types.chat.chat_completion_allowed_tools_param
import time:      2626 |       4545 |                                       openai.types.chat.chat_completion_allowed_tool_choice_param
import time:      2054 |       2054 |                                       openai.types.chat.chat_completion_named_tool_choice_custom_param
import time:      2031 |      11376 |                                     openai.types.chat.chat_completion_tool_choice_option_param
import time:      2420 |       2420 |                                     openai.types.chat.chat_completion_function_call_option_param
import time:      6522 |      71820 |                                   openai.types.chat.completion_create_params
import time:      1827 |       1827 |                                   openai.types.chat.completion_update_params
import time:      1524 |       1524 |                                   openai.types.chat.chat_completion_tool_param
import time:      2106 |       2106 |                                   openai.types.chat.chat_completion_function_tool
import time:      2362 |       2362 |                                     openai.types.chat.chat_completion_content_part_text
import time:      3593 |       3593 |                                     openai.types.chat.chat_completion_content_part_image
import time:      2282 |       8236 |                                   openai.types.chat.chat_completion_store_message
import time:      1571 |       1571 |                                   openai.types.chat.chat_completion_reasoning_effort
import time:      1407 |       1407 |                                   openai.types.chat.chat_completion_message_tool_call_param
import time:      3708 |     160671 |                                 openai.types.chat
import time:      1705 |       1705 |                                 openai.types.responses.custom_tool_param
import time:      1797 |       1797 |                                 openai.types.responses.computer_tool_param
import time:      2005 |       2005 |                                 openai.types.responses.function_tool_param
import time:      2806 |       2806 |                                 openai.types.responses.namespace_tool_param
import time:      1996 |       1996 |                                 openai.types.responses.apply_patch_tool_param
import time:      2998 |       2998 |                                 openai.types.responses.file_search_tool_param
import time:      1931 |       1931 |                                 openai.types.responses.tool_search_tool_param
import time:      2004 |       2004 |                                       openai.types.responses.inline_skill_source_param
import time:      1851 |       3855 |                                     openai.types.responses.inline_skill_param
import time:      2362 |       2362 |                                     openai.types.responses.skill_reference_param
import time:      1965 |       1965 |                                     openai.types.responses.container_network_policy_disabled_param
import time:      1667 |       1667 |                                       openai.types.responses.container_network_policy_domain_secret_param
import time:      1861 |       3527 |                                     openai.types.responses.container_network_policy_allowlist_param
import time:      1809 |      13517 |                                   openai.types.responses.container_auto_param
import time:      2595 |       2595 |                                     openai.types.responses.local_skill_param
import time:      2476 |       5070 |                                   openai.types.responses.local_environment_param
import time:      3111 |       3111 |                                   openai.types.responses.container_reference_param
import time:      2371 |      24067 |                                 openai.types.responses.function_shell_tool_param
import time:      3524 |       3524 |                                 openai.types.responses.web_search_preview_tool_param
import time:      2178 |       2178 |                                 openai.types.responses.computer_use_preview_tool_param
import time:      5329 |     215061 |                               openai.types.responses.tool_param
import time:      2275 |       2275 |                                 openai.types.responses.response_input_message_item
import time:      2643 |       2643 |                                 openai.types.responses.response_custom_tool_call_item
import time:      2413 |       2413 |                                 openai.types.responses.response_function_tool_call_item
import time:     11107 |      18437 |                               openai.types.responses.response_item
import time:      2812 |       2812 |                               openai.types.responses.response_input
import time:      8342 |       8342 |                               openai.types.responses.parsed_response
import time:      3130 |       3130 |                               openai.types.responses.compacted_response
import time:      2748 |       2748 |                               openai.types.responses.response_item_list
import time:      1618 |       1618 |                               openai.types.responses.response_includable
import time:      2562 |       2562 |                               openai.types.responses.response_error_event
import time:      3302 |       3302 |                               openai.types.responses.response_input_audio
import time:      1924 |       1924 |                                     openai.types.responses.response_input_file_param
import time:      1753 |       1753 |                                     openai.types.responses.response_input_text_param
import time:      1822 |       1822 |                                     openai.types.responses.response_input_image_param
import time:      1596 |       7093 |                                   openai.types.responses.response_input_message_content_list_param
import time:      1698 |       8790 |                                 openai.types.responses.easy_input_message_param
import time:      4705 |       4705 |                                   openai.types.responses.response_output_text_param
import time:      2685 |       2685 |                                   openai.types.responses.response_output_refusal_param
import time:      2550 |       9939 |                                 openai.types.responses.response_output_message_param
import time:      3134 |       3134 |                                 openai.types.responses.response_reasoning_item_param
import time:      3140 |       3140 |                                 openai.types.responses.response_custom_tool_call_param
import time:      3601 |       3601 |                                   openai.types.responses.computer_action_list_param
import time:      4857 |       8458 |                                 openai.types.responses.response_computer_tool_call_param
import time:      2311 |       2311 |                                 openai.types.responses.response_function_tool_call_param
import time:      2956 |       2956 |                                 openai.types.responses.response_function_web_search_param
import time:      2101 |       2101 |                                 openai.types.responses.response_compaction_item_param_param
import time:      3756 |       3756 |                                 openai.types.responses.response_file_search_tool_call_param
import time:      2786 |       2786 |                                 openai.types.responses.response_custom_tool_call_output_param
import time:      2538 |       2538 |                                 openai.types.responses.response_code_interpreter_tool_call_param
import time:      2182 |       2182 |                                 openai.types.responses.response_tool_search_output_item_param_param
import time:      2100 |       2100 |                                   openai.types.responses.response_input_file_content_param
import time:      2159 |       2159 |                                   openai.types.responses.response_input_text_content_param
import time:      2010 |       2010 |                                   openai.types.responses.response_input_image_content_param
import time:      1860 |       8128 |                                 openai.types.responses.response_function_call_output_item_list_param
import time:      2078 |       2078 |                                 openai.types.responses.response_function_shell_call_output_content_param
import time:      2025 |       2025 |                                 openai.types.responses.response_computer_tool_call_output_screenshot_param
import time:     14104 |      78419 |                               openai.types.responses.response_input_param
import time:      9618 |       9618 |                               openai.types.responses.computer_action_param
import time:      2806 |       2806 |                               openai.types.responses.response_failed_event
import time:      1873 |       1873 |                               openai.types.responses.response_prompt_param
import time:      1176 |       1176 |                               openai.types.responses.response_queued_event
import time:      4090 |       4090 |                                 openai.types.responses.response_created_event
import time:      2937 |       2937 |                                 openai.types.responses.response_completed_event
import time:      2450 |       2450 |                                 openai.types.responses.response_text_done_event
import time:      1963 |       1963 |                                 openai.types.responses.response_audio_done_event
import time:      2897 |       2897 |                                 openai.types.responses.response_incomplete_event
import time:      5708 |       5708 |                                 openai.types.responses.response_text_delta_event
import time:      3324 |       3324 |                                 openai.types.responses.response_audio_delta_event
import time:      3821 |       3821 |                                 openai.types.responses.response_in_progress_event
import time:      3914 |       3914 |                                 openai.types.responses.response_refusal_done_event
import time:      3102 |       3102 |                                 openai.types.responses.response_refusal_delta_event
import time:      3215 |       3215 |                                 openai.types.responses.response_mcp_call_failed_event
import time:      2270 |       2270 |                                 openai.types.responses.response_output_item_done_event
import time:      2506 |       2506 |                                 openai.types.responses.response_content_part_done_event
import time:      2549 |       2549 |                                 openai.types.responses.response_output_item_added_event
import time:      2186 |       2186 |                                 openai.types.responses.response_content_part_added_event
import time:      1201 |       1201 |                                 openai.types.responses.response_mcp_call_completed_event
import time:      1514 |       1514 |                                 openai.types.responses.response_reasoning_text_done_event
import time:      1322 |       1322 |                                 openai.types.responses.response_mcp_call_in_progress_event
import time:      1173 |       1173 |                                 openai.types.responses.response_reasoning_text_delta_event
import time:      2294 |       2294 |                                 openai.types.responses.response_audio_transcript_done_event
import time:      2729 |       2729 |                                 openai.types.responses.response_mcp_list_tools_failed_event
import time:      1301 |       1301 |                                 openai.types.responses.response_audio_transcript_delta_event
import time:      3654 |       3654 |                                 openai.types.responses.response_mcp_call_arguments_done_event
import time:      3797 |       3797 |                                 openai.types.responses.response_image_gen_call_completed_event
import time:      4701 |       4701 |                                 openai.types.responses.response_mcp_call_arguments_delta_event
import time:      4997 |       4997 |                                 openai.types.responses.response_mcp_list_tools_completed_event
import time:     10507 |      10507 |                                 openai.types.responses.response_image_gen_call_generating_event
import time:      6593 |       6593 |                                 openai.types.responses.response_web_search_call_completed_event
import time:      4940 |       4940 |                                 openai.types.responses.response_web_search_call_searching_event
import time:      7192 |       7192 |                                 openai.types.responses.response_file_search_call_completed_event
import time:      5531 |       5531 |                                 openai.types.responses.response_file_search_call_searching_event
import time:      6061 |       6061 |                                 openai.types.responses.response_image_gen_call_in_progress_event
import time:      5812 |       5812 |                                 openai.types.responses.response_mcp_list_tools_in_progress_event
import time:      4177 |       4177 |                                 openai.types.responses.response_custom_tool_call_input_done_event
import time:      6670 |       6670 |                                 openai.types.responses.response_reasoning_summary_part_done_event
import time:      9171 |       9171 |                                 openai.types.responses.response_reasoning_summary_text_done_event
import time:      7398 |       7398 |                                 openai.types.responses.response_web_search_call_in_progress_event
import time:      3591 |       3591 |                                 openai.types.responses.response_custom_tool_call_input_delta_event
import time:      3321 |       3321 |                                 openai.types.responses.response_file_search_call_in_progress_event
import time:      2502 |       2502 |                                 openai.types.responses.response_function_call_arguments_done_event
import time:      4826 |       4826 |                                 openai.types.responses.response_image_gen_call_partial_image_event
import time:      5648 |       5648 |                                 openai.types.responses.response_output_text_annotation_added_event
import time:      6236 |       6236 |                                 openai.types.responses.response_reasoning_summary_part_added_event
import time:      4456 |       4456 |                                 openai.types.responses.response_reasoning_summary_text_delta_event
import time:      4796 |       4796 |                                 openai.types.responses.response_function_call_arguments_delta_event
import time:      4148 |       4148 |                                 openai.types.responses.response_code_interpreter_call_code_done_event
import time:      4983 |       4983 |                                 openai.types.responses.response_code_interpreter_call_completed_event
import time:      5678 |       5678 |                                 openai.types.responses.response_code_interpreter_call_code_delta_event
import time:      5348 |       5348 |                                 openai.types.responses.response_code_interpreter_call_in_progress_event
import time:      4564 |       4564 |                                 openai.types.responses.response_code_interpreter_call_interpreting_event
import time:      5918 |     215662 |                               openai.types.responses.response_stream_event
import time:      4485 |       4485 |                               openai.types.responses.tool_choice_mcp_param
import time:      3914 |       3914 |                               openai.types.responses.input_item_list_params
import time:      4051 |       4051 |                                 openai.types.responses.tool_choice_shell_param
import time:      4337 |       4337 |                                 openai.types.responses.tool_choice_types_param
import time:      3733 |       3733 |                                 openai.types.responses.tool_choice_custom_param
import time:      3722 |       3722 |                                 openai.types.responses.tool_choice_allowed_param
import time:      3307 |       3307 |                                     openai.types.responses.response_format_text_json_schema_config_param
import time:      2822 |       6129 |                                   openai.types.responses.response_format_text_config_param
import time:      2548 |       8677 |                                 openai.types.responses.response_text_config_param
import time:      3456 |       3456 |                                 openai.types.responses.tool_choice_function_param
import time:      4210 |       4210 |                                 openai.types.responses.tool_choice_apply_patch_param
import time:      3942 |       3942 |                                 openai.types.responses.response_conversation_param_param
import time:      9125 |      45249 |                               openai.types.responses.response_create_params
import time:      4140 |       4140 |                                 openai.types.responses.response_conversation_param
import time:     15081 |      19220 |                               openai.types.responses.responses_client_event
import time:      3779 |       3779 |                               openai.types.responses.responses_server_event
import time:     12227 |      12227 |                                 openai.types.responses.response_input_item_param
import time:      2641 |      14868 |                               openai.types.responses.response_compact_params
import time:      3421 |       3421 |                               openai.types.responses.input_token_count_params
import time:      3112 |       3112 |                               openai.types.responses.response_retrieve_params
import time:      3034 |       3034 |                               openai.types.responses.input_token_count_response
import time:      4111 |       4111 |                               openai.types.responses.response_input_audio_param
import time:      3413 |       3413 |                               openai.types.responses.response_input_content_param
import time:      7838 |       7838 |                               openai.types.responses.responses_client_event_param
import time:      4809 |       4809 |                               openai.types.responses.response_function_call_output_item_param
import time:      4861 |    1042402 |                             openai.types.responses
import time:       158 |    1042559 |                           openai.types.responses.response_input_text
import time:      4056 |    1046615 |                         openai.types.graders.grader_inputs
import time:      6224 |    1052839 |                       openai.types.graders.label_model_grader
import time:     10678 |      10678 |                       openai.types.graders.score_model_grader
import time:      5030 |       5030 |                       openai.types.graders.string_check_grader
import time:      4547 |       4547 |                       openai.types.graders.text_similarity_grader
import time:      2912 |    1078471 |                     openai.types.graders.multi_grader
import time:      3383 |       3383 |                       openai.types.graders.python_grader_param
import time:      4219 |       4219 |                         openai.types.graders.grader_inputs_param
import time:      5380 |       9599 |                       openai.types.graders.label_model_grader_param
import time:      5336 |       5336 |                       openai.types.graders.score_model_grader_param
import time:      3579 |       3579 |                       openai.types.graders.string_check_grader_param
import time:      3749 |       3749 |                       openai.types.graders.text_similarity_grader_param
import time:      4770 |      30415 |                     openai.types.graders.multi_grader_param
import time:      2384 |    1111269 |                   openai.types.graders
import time:       133 |    1111402 |                 openai.types.graders.grader_inputs_param
import time:      4957 |    1153749 |               openai.types.eval_create_params
import time:      4027 |       4027 |                 openai.types.eval_custom_data_source_config
import time:      4285 |       4285 |                 openai.types.eval_stored_completions_data_source_config
import time:     12425 |      20736 |               openai.types.eval_list_response
import time:      3382 |       3382 |               openai.types.eval_update_params
import time:      4767 |       4767 |               openai.types.file_create_params
import time:      3905 |       3905 |               openai.types.video_remix_params
import time:      5337 |       5337 |               openai.types.batch_create_params
import time:      4390 |       4390 |               openai.types.skill_create_params
import time:      3419 |       3419 |               openai.types.skill_update_params
import time:      4842 |       4842 |                 openai.types.image_input_reference_param
import time:      5260 |      10101 |               openai.types.video_create_params
import time:      5220 |       5220 |               openai.types.video_extend_params
import time:     13677 |      13677 |               openai.types.eval_create_response
import time:      6423 |       6423 |               openai.types.eval_delete_response
import time:     10008 |      10008 |               openai.types.eval_update_response
import time:      3038 |       3038 |               openai.types.upload_create_params
import time:      3057 |       3057 |               openai.types.vector_store_deleted
import time:      2691 |       2691 |               openai.types.audio_response_format
import time:      3040 |       3040 |               openai.types.container_list_params
import time:      2793 |       2793 |               openai.types.image_generate_params
import time:      2239 |       2239 |               openai.types.video_delete_response
import time:      6474 |       6474 |               openai.types.eval_retrieve_response
import time:      2558 |       2558 |                 openai.types.other_file_chunking_strategy_object
import time:      1981 |       1981 |                   openai.types.static_file_chunking_strategy
import time:      1857 |       3837 |                 openai.types.static_file_chunking_strategy_object
import time:      2341 |       8735 |               openai.types.file_chunking_strategy
import time:      3251 |       3251 |                 openai.types.image_gen_completed_event
import time:      2065 |       2065 |                 openai.types.image_gen_partial_image_event
import time:      1652 |       6967 |               openai.types.image_gen_stream_event
import time:      2197 |       2197 |               openai.types.upload_complete_params
import time:      2487 |       2487 |               openai.types.websocket_reconnection
import time:      2333 |       2333 |               openai.types.container_create_params
import time:      2771 |       2771 |               openai.types.container_list_response
import time:      1400 |       1400 |               openai.types.embedding_create_params
import time:      2447 |       2447 |                 openai.types.image_edit_completed_event
import time:      2323 |       2323 |                 openai.types.image_edit_partial_image_event
import time:      1159 |       5928 |               openai.types.image_edit_stream_event
import time:     12081 |      12081 |               openai.types.completion_create_params
import time:      7394 |       7394 |               openai.types.content_provenance_check
import time:      2215 |       2215 |                   openai.types.moderation_text_input_param
import time:      2748 |       2748 |                   openai.types.moderation_image_url_input_param
import time:      2413 |       7375 |                 openai.types.moderation_multi_modal_input_param
import time:      3028 |      10403 |               openai.types.moderation_create_params
import time:      2266 |       2266 |               openai.types.vector_store_list_params
import time:      5893 |       5893 |               openai.types.container_create_response
import time:      4563 |       4563 |               openai.types.create_embedding_response
import time:      4315 |       4315 |               openai.types.moderation_create_response
import time:      2714 |       2714 |                   openai.types.auto_file_chunking_strategy_param
import time:      4045 |       4045 |                     openai.types.static_file_chunking_strategy_param
import time:      2898 |       6943 |                   openai.types.static_file_chunking_strategy_object_param
import time:      3766 |      13423 |                 openai.types.file_chunking_strategy_param
import time:      4015 |      17437 |               openai.types.vector_store_create_params
import time:      5193 |       5193 |               openai.types.vector_store_search_params
import time:      4479 |       4479 |               openai.types.vector_store_update_params
import time:      5871 |       5871 |               openai.types.container_retrieve_response
import time:      5920 |       5920 |               openai.types.vector_store_search_response
import time:      3623 |       3623 |               openai.types.video_get_character_response
import time:      3996 |       3996 |               openai.types.websocket_connection_options
import time:      3385 |       3385 |               openai.types.image_create_variation_params
import time:      2157 |       2157 |               openai.types.video_create_character_params
import time:      2656 |       2656 |               openai.types.video_download_content_params
import time:      3677 |       3677 |               openai.types.video_create_character_response
import time:      3229 |       3229 |               openai.types.content_provenance_check_create_params
import time:      9190 |    1643860 |             openai.types
import time:      6442 |       6442 |               openai._exceptions
import time:      3344 |       3344 |               openai._qs
import time:      2953 |       2953 |                   openai._httpx2
import time:      4071 |       7023 |                 openai.auth._workload
import time:      3151 |      10174 |               openai.auth
import time:      2324 |       2324 |               openai._version
import time:      3894 |       3894 |               openai._provider
import time:      2824 |       2824 |               openai._streaming
import time:      6697 |       6697 |                   distro.distro
import time:      2064 |       8761 |                 distro
import time:      3905 |       3905 |                 openai._response
import time:      1757 |       1757 |                 openai._utils._json
import time:      2222 |       2222 |                 openai._legacy_response
import time:       540 |        540 |                 httpx_aiohttp
import time:      8603 |      25785 |               openai._base_client
import time:      7023 |      61807 |             openai._client
import time:      2617 |       2617 |             openai._utils._resources_proxy
import time:      1562 |       1562 |                 openai.lib._pydantic
import time:      2120 |       3682 |               openai.lib._tools
import time:      3280 |       3280 |                 openai.lib._parsing._completions
import time:      1620 |       4899 |               openai.lib._parsing
import time:      2594 |      11174 |             openai.lib
import time:      4103 |       4103 |             openai.lib.azure
import time:      5566 |       5566 |                     openai.lib._bedrock_auth
import time:      7533 |      13099 |                   openai.providers.bedrock
import time:      2327 |      15426 |                 openai.providers
import time:       107 |      15533 |               openai.providers.bedrock
import time:      7302 |      22835 |             openai.lib.bedrock
import time:      3194 |       3194 |             openai.version
import time:      3366 |       3366 |             openai.lib._old_api
import time:      7583 |       7583 |                   openai.types.beta.thread
import time:      2984 |       2984 |                       openai.types.beta.function_tool
import time:      3612 |       3612 |                       openai.types.beta.file_search_tool
import time:      3292 |       3292 |                       openai.types.beta.code_interpreter_tool
import time:      2969 |      12856 |                     openai.types.beta.assistant_tool
import time:      2999 |       2999 |                     openai.types.beta.assistant_response_format_option
import time:      6185 |      22039 |                   openai.types.beta.assistant
import time:      5465 |       5465 |                     openai.types.beta.beta_custom_tool
import time:      2863 |       2863 |                     openai.types.beta.beta_computer_tool
import time:      3557 |       3557 |                     openai.types.beta.beta_function_tool
import time:      5085 |       5085 |                     openai.types.beta.beta_namespace_tool
import time:      5861 |       5861 |                     openai.types.beta.beta_web_search_tool
import time:      5206 |       5206 |                     openai.types.beta.beta_apply_patch_tool
import time:     10950 |      10950 |                     openai.types.beta.beta_file_search_tool
import time:      5534 |       5534 |                     openai.types.beta.beta_tool_search_tool
import time:      2741 |       2741 |                           openai.types.beta.beta_inline_skill_source
import time:      4320 |       7061 |                         openai.types.beta.beta_inline_skill
import time:      3733 |       3733 |                         openai.types.beta.beta_skill_reference
import time:      3925 |       3925 |                         openai.types.beta.beta_container_network_policy_disabled
import time:      4351 |       4351 |                           openai.types.beta.beta_container_network_policy_domain_secret
import time:      3305 |       7655 |                         openai.types.beta.beta_container_network_policy_allowlist
import time:      4766 |      27139 |                       openai.types.beta.beta_container_auto
import time:      2613 |       2613 |                         openai.types.beta.beta_local_skill
import time:      3189 |       5802 |                       openai.types.beta.beta_local_environment
import time:      2331 |       2331 |                       openai.types.beta.beta_container_reference
import time:      4952 |      40223 |                     openai.types.beta.beta_function_shell_tool
import time:      3549 |       3549 |                     openai.types.beta.beta_web_search_preview_tool
import time:      2601 |       2601 |                     openai.types.beta.beta_computer_use_preview_tool
import time:     11936 |     102823 |                   openai.types.beta.beta_tool
import time:      4565 |       4565 |                     openai.types.beta.beta_response_error
import time:      4371 |       4371 |                     openai.types.beta.beta_response_usage
import time:      2659 |       2659 |                       openai.types.beta.beta_response_input_file
import time:      2893 |       2893 |                       openai.types.beta.beta_response_input_text
import time:      3952 |       3952 |                       openai.types.beta.beta_response_input_image
import time:      2835 |      12338 |                     openai.types.beta.beta_response_prompt
import time:      1811 |       1811 |                     openai.types.beta.beta_response_status
import time:      1880 |       1880 |                     openai.types.beta.beta_tool_choice_mcp
import time:      1888 |       1888 |                     openai.types.beta.beta_tool_choice_shell
import time:      1966 |       1966 |                     openai.types.beta.beta_tool_choice_types
import time:      1947 |       1947 |                     openai.types.beta.beta_tool_choice_custom
import time:      1837 |       1837 |                           openai.types.beta.beta_response_input_content
import time:      2408 |       4244 |                         openai.types.beta.beta_response_input_message_content_list
import time:      3786 |       8030 |                       openai.types.beta.beta_easy_input_message
import time:      5333 |       5333 |                         openai.types.beta.beta_response_output_text
import time:      2496 |       2496 |                         openai.types.beta.beta_response_output_refusal
import time:      3440 |      11268 |                       openai.types.beta.beta_response_output_message
import time:      3989 |       3989 |                       openai.types.beta.beta_response_reasoning_item
import time:      4703 |       4703 |                       openai.types.beta.beta_response_custom_tool_call
import time:      6543 |       6543 |                         openai.types.beta.beta_computer_action
import time:      1924 |       1924 |                         openai.types.beta.beta_computer_action_list
import time:      3610 |      12076 |                       openai.types.beta.beta_response_computer_tool_call
import time:      3654 |       3654 |                       openai.types.beta.beta_response_function_tool_call
import time:      3357 |       3357 |                       openai.types.beta.beta_response_input_text_content
import time:      5632 |       5632 |                       openai.types.beta.beta_response_function_web_search
import time:      2831 |       2831 |                       openai.types.beta.beta_response_input_image_content
import time:      2614 |       2614 |                       openai.types.beta.beta_response_compaction_item_param
import time:      4181 |       4181 |                       openai.types.beta.beta_response_file_search_tool_call
import time:      4503 |       4503 |                       openai.types.beta.beta_response_custom_tool_call_output
import time:      6416 |       6416 |                       openai.types.beta.beta_response_code_interpreter_tool_call
import time:      4399 |       4399 |                       openai.types.beta.beta_response_tool_search_output_item_param
import time:      2829 |       2829 |                           openai.types.beta.beta_response_input_file_content
import time:      1716 |       4544 |                         openai.types.beta.beta_response_function_call_output_item
import time:      1752 |       6296 |                       openai.types.beta.beta_response_function_call_output_item_list
import time:      3331 |       3331 |                       openai.types.beta.beta_response_function_shell_call_output_content
import time:      2116 |       2116 |                       openai.types.beta.beta_response_computer_tool_call_output_screenshot
import time:     32441 |     121829 |                     openai.types.beta.beta_response_input_item
import time:      2819 |       2819 |                     openai.types.beta.beta_tool_choice_allowed
import time:      2739 |       2739 |                     openai.types.beta.beta_tool_choice_options
import time:      2931 |       2931 |                       openai.types.beta.beta_response_compaction_item
import time:      2871 |       2871 |                       openai.types.beta.beta_response_tool_search_call
import time:      4932 |       4932 |                       openai.types.beta.beta_response_apply_patch_tool_call
import time:      4322 |       4322 |                       openai.types.beta.beta_response_tool_search_output_item
import time:      1858 |       1858 |                         openai.types.beta.beta_response_local_environment
import time:      1636 |       1636 |                         openai.types.beta.beta_response_container_reference
import time:      4640 |       8132 |                       openai.types.beta.beta_response_function_shell_tool_call
import time:      2494 |       2494 |                       openai.types.beta.beta_response_apply_patch_tool_call_output
import time:      1534 |       1534 |                       openai.types.beta.beta_response_custom_tool_call_output_item
import time:      1827 |       1827 |                       openai.types.beta.beta_response_computer_tool_call_output_item
import time:      2071 |       2071 |                       openai.types.beta.beta_response_function_tool_call_output_item
import time:      2614 |       2614 |                       openai.types.beta.beta_response_function_shell_tool_call_output
import time:     18821 |      52545 |                     openai.types.beta.beta_response_output_item
import time:      3925 |       3925 |                         openai.types.beta.beta_response_format_text_json_schema_config
import time:      2853 |       6778 |                       openai.types.beta.beta_response_format_text_config
import time:      2596 |       9373 |                     openai.types.beta.beta_response_text_config
import time:      2370 |       2370 |                     openai.types.beta.beta_tool_choice_function
import time:      1967 |       1967 |                     openai.types.beta.beta_tool_choice_apply_patch
import time:     17561 |     241963 |                   openai.types.beta.beta_response
import time:      2903 |       2903 |                   openai.types.beta.thread_deleted
import time:      2568 |       2568 |                     openai.types.beta.beta_custom_tool_param
import time:      2864 |       2864 |                     openai.types.beta.beta_computer_tool_param
import time:      3428 |       3428 |                     openai.types.beta.beta_function_tool_param
import time:      2434 |       2434 |                     openai.types.beta.beta_namespace_tool_param
import time:      3329 |       3329 |                     openai.types.beta.beta_web_search_tool_param
import time:      2923 |       2923 |                     openai.types.beta.beta_apply_patch_tool_param
import time:      7605 |       7605 |                     openai.types.beta.beta_file_search_tool_param
import time:      4501 |       4501 |                     openai.types.beta.beta_tool_search_tool_param
import time:      4400 |       4400 |                           openai.types.beta.beta_inline_skill_source_param
import time:      3920 |       8320 |                         openai.types.beta.beta_inline_skill_param
import time:      2026 |       2026 |                         openai.types.beta.beta_skill_reference_param
import time:      2895 |       2895 |                         openai.types.beta.beta_container_network_policy_disabled_param
import time:      3956 |       3956 |                           openai.types.beta.beta_container_network_policy_domain_secret_param
import time:      2825 |       6781 |                         openai.types.beta.beta_container_network_policy_allowlist_param
import time:      3906 |      23926 |                       openai.types.beta.beta_container_auto_param
import time:      1161 |       1161 |                         openai.types.beta.beta_local_skill_param
import time:      2797 |       3957 |                       openai.types.beta.beta_local_environment_param
import time:      1308 |       1308 |                       openai.types.beta.beta_container_reference_param
import time:      3549 |      32739 |                     openai.types.beta.beta_function_shell_tool_param
import time:      1824 |       1824 |                     openai.types.beta.beta_web_search_preview_tool_param
import time:      6439 |       6439 |                     openai.types.beta.beta_computer_use_preview_tool_param
import time:     13417 |      84067 |                   openai.types.beta.beta_tool_param
import time:      7842 |       7842 |                   openai.types.beta.chatkit_workflow
import time:      6558 |       6558 |                   openai.types.beta.assistant_deleted
import time:      9132 |       9132 |                     openai.types.beta.beta_response_input_message_item
import time:      6293 |       6293 |                     openai.types.beta.beta_response_custom_tool_call_item
import time:      5076 |       5076 |                     openai.types.beta.beta_response_function_tool_call_item
import time:     21727 |      42228 |                   openai.types.beta.beta_response_item
import time:      1997 |       1997 |                   openai.types.beta.beta_response_input
import time:      1275 |       1275 |                   openai.types.beta.function_tool_param
import time:      1034 |       1034 |                     openai.types.beta.file_search_tool_param
import time:       848 |        848 |                     openai.types.beta.code_interpreter_tool_param
import time:       928 |       2809 |                   openai.types.beta.assistant_tool_param
import time:       786 |        786 |                           openai.types.beta.threads.run_status
import time:      1025 |       1025 |                               openai.types.beta.assistant_tool_choice_function
import time:      1184 |       2208 |                             openai.types.beta.assistant_tool_choice
import time:       858 |       3066 |                           openai.types.beta.assistant_tool_choice_option
import time:      1550 |       1550 |                           openai.types.beta.threads.required_action_function_tool_call
import time:      4034 |       9435 |                         openai.types.beta.threads.run
import time:      4974 |       4974 |                             openai.types.beta.threads.file_path_annotation
import time:      7013 |       7013 |                             openai.types.beta.threads.file_citation_annotation
import time:      1885 |      13871 |                           openai.types.beta.threads.annotation
import time:      2530 |      16400 |                         openai.types.beta.threads.text
import time:      3321 |       3321 |                             openai.types.beta.threads.text_content_block
import time:      2538 |       2538 |                             openai.types.beta.threads.refusal_content_block
import time:      2123 |       2123 |                               openai.types.beta.threads.image_url
import time:      1917 |       4039 |                             openai.types.beta.threads.image_url_content_block
import time:      3069 |       3069 |                               openai.types.beta.threads.image_file
import time:      2411 |       5479 |                             openai.types.beta.threads.image_file_content_block
import time:      2443 |      17818 |                           openai.types.beta.threads.message_content
import time:      5728 |      23546 |                         openai.types.beta.threads.message
import time:      4281 |       4281 |                             openai.types.beta.threads.file_path_delta_annotation
import time:      4808 |       4808 |                             openai.types.beta.threads.file_citation_delta_annotation
import time:      3012 |      12101 |                           openai.types.beta.threads.annotation_delta
import time:      3538 |      15638 |                         openai.types.beta.threads.text_delta
import time:      3267 |       3267 |                             openai.types.beta.threads.text_delta_block
import time:      2756 |       2756 |                             openai.types.beta.threads.refusal_delta_block
import time:      2898 |       2898 |                               openai.types.beta.threads.image_url_delta
import time:      2958 |       5855 |                             openai.types.beta.threads.image_url_delta_block
import time:      4148 |       4148 |                               openai.types.beta.threads.image_file_delta
import time:      3656 |       7803 |                             openai.types.beta.threads.image_file_delta_block
import time:      2933 |      22613 |                           openai.types.beta.threads.message_content_delta
import time:      4341 |      26954 |                         openai.types.beta.threads.message_delta
import time:      2626 |       2626 |                         openai.types.beta.threads.image_url_param
import time:      2583 |       2583 |                         openai.types.beta.threads.message_deleted
import time:      3051 |       3051 |                         openai.types.beta.threads.run_list_params
import time:      3568 |       3568 |                         openai.types.beta.threads.image_file_param
import time:      4176 |       4176 |                                     openai.types.beta.threads.runs.function_tool_call
import time:      6397 |       6397 |                                     openai.types.beta.threads.runs.file_search_tool_call
import time:      6534 |       6534 |                                     openai.types.beta.threads.runs.code_interpreter_tool_call
import time:      2124 |      19230 |                                   openai.types.beta.threads.runs.tool_call
import time:      3219 |      22448 |                                 openai.types.beta.threads.runs.tool_calls_step_details
import time:      4402 |       4402 |                                 openai.types.beta.threads.runs.message_creation_step_details
import time:      6546 |      33395 |                               openai.types.beta.threads.runs.run_step
import time:      3373 |       3373 |                                     openai.types.beta.threads.runs.function_tool_call_delta
import time:      2188 |       2188 |                                     openai.types.beta.threads.runs.file_search_tool_call_delta
import time:      3214 |       3214 |                                       openai.types.beta.threads.runs.code_interpreter_logs
import time:      3669 |       3669 |                                       openai.types.beta.threads.runs.code_interpreter_output_image
import time:      3362 |      10245 |                                     openai.types.beta.threads.runs.code_interpreter_tool_call_delta
import time:      2824 |      18629 |                                   openai.types.beta.threads.runs.tool_call_delta
import time:      3478 |      22107 |                                 openai.types.beta.threads.runs.tool_call_delta_object
import time:      4152 |       4152 |                                 openai.types.beta.threads.runs.run_step_delta_message_delta
import time:      3200 |      29458 |                               openai.types.beta.threads.runs.run_step_delta
import time:      2161 |       2161 |                               openai.types.beta.threads.runs.run_step_include
import time:      1838 |       1838 |                               openai.types.beta.threads.runs.step_list_params
import time:      3103 |       3103 |                               openai.types.beta.threads.runs.run_step_delta_event
import time:      2805 |       2805 |                               openai.types.beta.threads.runs.step_retrieve_params
import time:      2731 |      75488 |                             openai.types.beta.threads.runs
import time:       143 |      75631 |                           openai.types.beta.threads.runs.run_step_include
import time:      2330 |       2330 |                             openai.types.beta.threads.text_content_block_param
import time:      2147 |       2147 |                             openai.types.beta.threads.image_url_content_block_param
import time:      2121 |       2121 |                             openai.types.beta.threads.image_file_content_block_param
import time:      2182 |       8779 |                           openai.types.beta.threads.message_content_part_param
import time:      2357 |       2357 |                               openai.types.beta.assistant_tool_choice_function_param
import time:      3050 |       5406 |                             openai.types.beta.assistant_tool_choice_param
import time:      1777 |       7183 |                           openai.types.beta.assistant_tool_choice_option_param
import time:      2590 |       2590 |                           openai.types.beta.assistant_response_format_option_param
import time:      5110 |      99292 |                         openai.types.beta.threads.run_create_params
import time:      2518 |       2518 |                         openai.types.beta.threads.run_update_params
import time:      2955 |       2955 |                         openai.types.beta.threads.message_delta_event
import time:      2619 |       2619 |                         openai.types.beta.threads.message_list_params
import time:      2747 |       2747 |                         openai.types.beta.threads.message_create_params
import time:      1889 |       1889 |                         openai.types.beta.threads.message_update_params
import time:      2438 |       2438 |                         openai.types.beta.threads.run_submit_tool_outputs_params
import time:      1809 |     220061 |                       openai.types.beta.threads
import time:        58 |     220118 |                     openai.types.beta.threads.message_content_part_param
import time:      2269 |     222387 |                   openai.types.beta.thread_create_params
import time:      1904 |       1904 |                   openai.types.beta.thread_update_params
import time:      1702 |       1702 |                   openai.types.beta.assistant_list_params
import time:     12621 |      12621 |                   openai.types.beta.assistant_stream_event
import time:      2506 |       2506 |                     openai.types.beta.beta_response_includable
import time:      2833 |       2833 |                           openai.types.beta.beta_response_input_file_param
import time:      2699 |       2699 |                           openai.types.beta.beta_response_input_text_param
import time:      3037 |       3037 |                           openai.types.beta.beta_response_input_image_param
import time:      1955 |      10523 |                         openai.types.beta.beta_response_input_message_content_list_param
import time:      2657 |      13179 |                       openai.types.beta.beta_easy_input_message_param
import time:      4088 |       4088 |                         openai.types.beta.beta_response_output_text_param
import time:      2318 |       2318 |                         openai.types.beta.beta_response_output_refusal_param
import time:      2391 |       8797 |                       openai.types.beta.beta_response_output_message_param
import time:      2774 |       2774 |                       openai.types.beta.beta_response_reasoning_item_param
import time:      4026 |       4026 |                       openai.types.beta.beta_response_custom_tool_call_param
import time:      4604 |       4604 |                         openai.types.beta.beta_computer_action_param
import time:      3434 |       3434 |                         openai.types.beta.beta_computer_action_list_param
import time:      3506 |      11543 |                       openai.types.beta.beta_response_computer_tool_call_param
import time:      3647 |       3647 |                       openai.types.beta.beta_response_function_tool_call_param
import time:      2506 |       2506 |                       openai.types.beta.beta_response_input_text_content_param
import time:      2867 |       2867 |                       openai.types.beta.beta_response_function_web_search_param
import time:      2371 |       2371 |                       openai.types.beta.beta_response_input_image_content_param
import time:      2164 |       2164 |                       openai.types.beta.beta_response_compaction_item_param_param
import time:      2502 |       2502 |                       openai.types.beta.beta_response_file_search_tool_call_param
import time:      3784 |       3784 |                       openai.types.beta.beta_response_custom_tool_call_output_param
import time:      2562 |       2562 |                       openai.types.beta.beta_response_code_interpreter_tool_call_param
import time:      1858 |       1858 |                       openai.types.beta.beta_response_tool_search_output_item_param_param
import time:      1367 |       1367 |                         openai.types.beta.beta_response_input_file_content_param
import time:      1450 |       2817 |                       openai.types.beta.beta_response_function_call_output_item_list_param
import time:      1426 |       1426 |                       openai.types.beta.beta_response_function_shell_call_output_content_param
import time:      1225 |       1225 |                       openai.types.beta.beta_response_computer_tool_call_output_screenshot_param
import time:      8613 |      78654 |                     openai.types.beta.beta_response_input_param
import time:      1332 |       1332 |                     openai.types.beta.beta_response_prompt_param
import time:       925 |        925 |                     openai.types.beta.beta_tool_choice_mcp_param
import time:       770 |        770 |                     openai.types.beta.beta_tool_choice_shell_param
import time:       813 |        813 |                     openai.types.beta.beta_tool_choice_types_param
import time:       801 |        801 |                     openai.types.beta.beta_tool_choice_custom_param
import time:       916 |        916 |                     openai.types.beta.beta_tool_choice_allowed_param
import time:       908 |        908 |                         openai.types.beta.beta_response_format_text_json_schema_config_param
import time:       826 |       1734 |                       openai.types.beta.beta_response_format_text_config_param
import time:       887 |       2621 |                     openai.types.beta.beta_response_text_config_param
import time:       838 |        838 |                     openai.types.beta.beta_tool_choice_function_param
import time:       757 |        757 |                     openai.types.beta.beta_tool_choice_apply_patch_param
import time:      1075 |       1075 |                     openai.types.beta.beta_response_conversation_param_param
import time:      4466 |      96470 |                   openai.types.beta.response_create_params
import time:      1496 |       1496 |                   openai.types.beta.assistant_create_params
import time:      1542 |       1542 |                   openai.types.beta.assistant_update_params
import time:      1175 |       1175 |                   openai.types.beta.beta_compacted_response
import time:      9007 |       9007 |                     openai.types.beta.beta_response_input_item_param
import time:      1785 |      10792 |                   openai.types.beta.response_compact_params
import time:      1934 |       1934 |                   openai.types.beta.response_retrieve_params
import time:      1917 |       1917 |                   openai.types.beta.beta_response_error_event
import time:      1941 |       1941 |                   openai.types.beta.beta_response_failed_event
import time:      1424 |       1424 |                   openai.types.beta.beta_response_inject_event
import time:      1704 |       1704 |                   openai.types.beta.beta_response_queued_event
import time:      1250 |       1250 |                     openai.types.beta.beta_response_created_event
import time:      1352 |       1352 |                     openai.types.beta.beta_response_completed_event
import time:      1809 |       1809 |                     openai.types.beta.beta_response_text_done_event
import time:      2144 |       2144 |                     openai.types.beta.beta_response_audio_done_event
import time:      1778 |       1778 |                     openai.types.beta.beta_response_incomplete_event
import time:      1983 |       1983 |                     openai.types.beta.beta_response_text_delta_event
import time:      1337 |       1337 |                     openai.types.beta.beta_response_audio_delta_event
import time:      1890 |       1890 |                     openai.types.beta.beta_response_in_progress_event
import time:      1639 |       1639 |                     openai.types.beta.beta_response_refusal_done_event
import time:      1336 |       1336 |                     openai.types.beta.beta_response_refusal_delta_event
import time:      1404 |       1404 |                     openai.types.beta.beta_response_mcp_call_failed_event
import time:      1484 |       1484 |                     openai.types.beta.beta_response_output_item_done_event
import time:      1839 |       1839 |                     openai.types.beta.beta_response_content_part_done_event
import time:      1568 |       1568 |                     openai.types.beta.beta_response_output_item_added_event
import time:      1571 |       1571 |                     openai.types.beta.beta_response_content_part_added_event
import time:      1288 |       1288 |                     openai.types.beta.beta_response_mcp_call_completed_event
import time:      1267 |       1267 |                     openai.types.beta.beta_response_reasoning_text_done_event
import time:      1281 |       1281 |                     openai.types.beta.beta_response_mcp_call_in_progress_event
import time:      1341 |       1341 |                     openai.types.beta.beta_response_reasoning_text_delta_event
import time:      1251 |       1251 |                     openai.types.beta.beta_response_audio_transcript_done_event
import time:      1286 |       1286 |                     openai.types.beta.beta_response_mcp_list_tools_failed_event
import time:      1348 |       1348 |                     openai.types.beta.beta_response_audio_transcript_delta_event
import time:      1440 |       1440 |                     openai.types.beta.beta_response_mcp_call_arguments_done_event
import time:      2620 |       2620 |                     openai.types.beta.beta_response_image_gen_call_completed_event
import time:      2328 |       2328 |                     openai.types.beta.beta_response_mcp_call_arguments_delta_event
import time:      1454 |       1454 |                     openai.types.beta.beta_response_mcp_list_tools_completed_event
import time:      1319 |       1319 |                     openai.types.beta.beta_response_image_gen_call_generating_event
import time:      1299 |       1299 |                     openai.types.beta.beta_response_web_search_call_completed_event
import time:      1298 |       1298 |                     openai.types.beta.beta_response_web_search_call_searching_event
import time:      1508 |       1508 |                     openai.types.beta.beta_response_file_search_call_completed_event
import time:      1300 |       1300 |                     openai.types.beta.beta_response_file_search_call_searching_event
import time:      1301 |       1301 |                     openai.types.beta.beta_response_image_gen_call_in_progress_event
import time:      1333 |       1333 |                     openai.types.beta.beta_response_mcp_list_tools_in_progress_event
import time:      1957 |       1957 |                     openai.types.beta.beta_response_custom_tool_call_input_done_event
import time:      1742 |       1742 |                     openai.types.beta.beta_response_reasoning_summary_part_done_event
import time:      1345 |       1345 |                     openai.types.beta.beta_response_reasoning_summary_text_done_event
import time:      1312 |       1312 |                     openai.types.beta.beta_response_web_search_call_in_progress_event
import time:      1299 |       1299 |                     openai.types.beta.beta_response_custom_tool_call_input_delta_event
import time:      1334 |       1334 |                     openai.types.beta.beta_response_file_search_call_in_progress_event
import time:      1307 |       1307 |                     openai.types.beta.beta_response_function_call_arguments_done_event
import time:      1347 |       1347 |                     openai.types.beta.beta_response_image_gen_call_partial_image_event
import time:      1331 |       1331 |                     openai.types.beta.beta_response_output_text_annotation_added_event
import time:      1467 |       1467 |                     openai.types.beta.beta_response_reasoning_summary_part_added_event
import time:      2001 |       2001 |                     openai.types.beta.beta_response_reasoning_summary_text_delta_event
import time:      3323 |       3323 |                     openai.types.beta.beta_response_function_call_arguments_delta_event
import time:      2258 |       2258 |                     openai.types.beta.beta_response_code_interpreter_call_code_done_event
import time:      1662 |       1662 |                     openai.types.beta.beta_response_code_interpreter_call_completed_event
import time:      1576 |       1576 |                     openai.types.beta.beta_response_code_interpreter_call_code_delta_event
import time:      1430 |       1430 |                     openai.types.beta.beta_response_code_interpreter_call_in_progress_event
import time:      1451 |       1451 |                     openai.types.beta.beta_response_code_interpreter_call_interpreting_event
import time:      2178 |      80945 |                   openai.types.beta.beta_response_stream_event
import time:      1058 |       1058 |                     openai.types.beta.beta_response_conversation_param
import time:      5783 |       6841 |                   openai.types.beta.beta_responses_client_event
import time:      1560 |       1560 |                     openai.types.beta.beta_response_inject_failed_event
import time:      1237 |       1237 |                     openai.types.beta.beta_response_inject_created_event
import time:      1715 |       4512 |                   openai.types.beta.beta_responses_server_event
import time:      2054 |       2054 |                   openai.types.beta.thread_create_and_run_params
import time:      1013 |       1013 |                   openai.types.beta.beta_response_inject_event_param
import time:       823 |        823 |                   openai.types.beta.beta_response_input_content_param
import time:     11541 |      11541 |                   openai.types.beta.beta_responses_client_event_param
import time:      1840 |       1840 |                   openai.types.beta.beta_response_function_call_output_item_param
import time:      4612 |     997262 |                 openai.types.beta
import time:      4870 |    1002131 |               openai.lib.streaming._assistants
import time:      3073 |    1005203 |             openai.lib.streaming
import time:      1824 |       1824 |             openai._module_client
import time:      3938 |    2763917 |           openai
import time:      1140 |       1140 |             langchain_core.outputs
import time:      3574 |       4714 |           langchain_core.caches
import time:      7789 |       7789 |           langchain_core.prompt_values
import time:       938 |        938 |             langchain_core.tracers
import time:      1338 |       2275 |           langchain_core.tracers._streaming
import time:      1220 |       1220 |             langchain_core.outputs.run_info
import time:      1251 |       1251 |             langchain_core.runnables.schema
import time:      1183 |       1183 |                 jsonpointer
import time:      1263 |       2446 |               jsonpatch
import time:       979 |        979 |                     langsmith
import time:       714 |        714 |                         langsmith._internal
import time:      1653 |       2366 |                       langsmith._internal._context
import time:    139747 |     139747 |                       langsmith.schemas
import time:      3184 |       3184 |                       langsmith.utils
import time:      4874 |       4874 |                                   langsmith._openapi_client._types
import time:      2827 |       2827 |                                     langsmith._openapi_client._utils._path
import time:      2708 |       2708 |                                     langsmith._openapi_client._utils._sync
import time:      1695 |       1695 |                                     langsmith._openapi_client._utils._proxy
import time:      2230 |       2230 |                                     langsmith._openapi_client._utils._utils
import time:      2415 |       2415 |                                       langsmith._openapi_client._utils._datetime_parse
import time:      2469 |       4883 |                                     langsmith._openapi_client._utils._compat
import time:      2125 |       2125 |                                     langsmith._openapi_client._utils._typing
import time:      2660 |       2660 |                                     langsmith._openapi_client._utils._streams
import time:      1766 |       1766 |                                       langsmith._openapi_client._files
import time:      2595 |       4361 |                                     langsmith._openapi_client._utils._transform
import time:      2962 |       2962 |                                     langsmith._openapi_client._utils._reflection
import time:      3154 |      29601 |                                   langsmith._openapi_client._utils
import time:      3246 |       3246 |                                   langsmith._openapi_client._compat
import time:      1625 |       1625 |                                   langsmith._openapi_client._constants
import time:     15328 |      54672 |                                 langsmith._openapi_client._models
import time:      2438 |       2438 |                                 langsmith._openapi_client.types.run_type
import time:     12604 |      69713 |                               langsmith._openapi_client.types.run
import time:      5302 |       5302 |                               langsmith._openapi_client.types.issue
import time:      3064 |       3064 |                                 langsmith._openapi_client.types.trace_aggregates
import time:      3343 |       6407 |                               langsmith._openapi_client.types.trace
import time:      5515 |       5515 |                               langsmith._openapi_client.types.thread
import time:      2379 |       2379 |                               langsmith._openapi_client.types.data_type
import time:      7295 |       7295 |                               langsmith._openapi_client.types.thread_stats
import time:      6621 |       6621 |                               langsmith._openapi_client.types.thread_trace
import time:      2580 |       2580 |                               langsmith._openapi_client.types.missing_param
import time:      2025 |       2025 |                               langsmith._openapi_client.types.run_type_enum
import time:      3121 |       3121 |                                 langsmith._openapi_client.types.online_llm_evaluator
import time:      3150 |       3150 |                                 langsmith._openapi_client.types.online_code_evaluator
import time:      2834 |       2834 |                                 langsmith._openapi_client.types.online_evaluator_type
import time:      2879 |       2879 |                                   langsmith._openapi_client.types.online_spend_limit
import time:      3803 |       6681 |                                 langsmith._openapi_client.types.online_evaluator_run_rule
import time:      4139 |      19923 |                               langsmith._openapi_client.types.online_evaluator
import time:      1983 |       1983 |                                 langsmith._openapi_client.types.run_select_field
import time:      2782 |       4764 |                               langsmith._openapi_client.types.run_query_params
import time:     35990 |      35990 |                               langsmith._openapi_client.types.sandbox_response
import time:      2668 |       2668 |                               langsmith._openapi_client.types.issue_list_params
import time:      3684 |       3684 |                               langsmith._openapi_client.types.snapshot_response
import time:      4343 |       4343 |                               langsmith._openapi_client.types.info_list_response
import time:      1829 |       1829 |                               langsmith._openapi_client.types.run_get_url_params
import time:      1748 |       1748 |                               langsmith._openapi_client.types.trace_query_params
import time:      2237 |       2237 |                               langsmith._openapi_client.types.run_query_v2_params
import time:      2299 |       2299 |                               langsmith._openapi_client.types.run_retrieve_params
import time:      2599 |       2599 |                               langsmith._openapi_client.types.thread_query_params
import time:      2293 |       2293 |                               langsmith._openapi_client.types.thread_stats_params
import time:      2337 |       2337 |                               langsmith._openapi_client.types.run_get_url_response
import time:      2354 |       2354 |                               langsmith._openapi_client.types.service_url_response
import time:      3215 |       3215 |                               langsmith._openapi_client.types.sandbox_list_response
import time:      2600 |       2600 |                               langsmith._openapi_client.types.run_retrieve_v2_params
import time:      2844 |       2844 |                               langsmith._openapi_client.types.snapshot_list_response
import time:      1434 |       1434 |                               langsmith._openapi_client.types.sort_by_dataset_column
import time:      1959 |       1959 |                               langsmith._openapi_client.types.trace_list_runs_params
import time:      3080 |       3080 |                               langsmith._openapi_client.types.annotation_queue_schema
import time:      1868 |       1868 |                               langsmith._openapi_client.types.sandbox_status_response
import time:      2345 |       2345 |                               langsmith._openapi_client.types.trace_list_runs_response
import time:      1247 |       1247 |                               langsmith._openapi_client.types.thread_list_traces_params
import time:      1896 |       1896 |                               langsmith._openapi_client.types.online_evaluator_spend_day
import time:      1203 |       1203 |                               langsmith._openapi_client.types.annotation_queue_size_schema
import time:      1629 |       1629 |                               langsmith._openapi_client.types.online_evaluator_list_params
import time:      2795 |       2795 |                               langsmith._openapi_client.types.online_evaluator_spend_group
import time:      1745 |       1745 |                               langsmith._openapi_client.types.online_evaluator_spend_params
import time:      2304 |       2304 |                               langsmith._openapi_client.types.annotation_queue_export_params
import time:      2550 |       2550 |                                 langsmith._openapi_client.types.annotation_queue_rubric_item_schema_param
import time:      2952 |       5502 |                               langsmith._openapi_client.types.annotation_queue_update_params
import time:      1775 |       1775 |                                 langsmith._openapi_client.types.create_online_llm_evaluator_request_param
import time:      2120 |       2120 |                                 langsmith._openapi_client.types.create_online_code_evaluator_request_param
import time:      1817 |       5711 |                               langsmith._openapi_client.types.online_evaluator_create_params
import time:      1701 |       1701 |                               langsmith._openapi_client.types.online_evaluator_delete_params
import time:      1745 |       1745 |                                 langsmith._openapi_client.types.update_online_llm_evaluator_request_param
import time:      1568 |       1568 |                                 langsmith._openapi_client.types.update_online_code_evaluator_request_param
import time:      1846 |       5158 |                               langsmith._openapi_client.types.online_evaluator_update_params
import time:      2096 |       2096 |                                 langsmith._openapi_client.types.bulk_delete_evaluator_failed_item
import time:      2243 |       4339 |                               langsmith._openapi_client.types.bulk_delete_evaluators_response
import time:      1990 |       1990 |                               langsmith._openapi_client.types.annotation_queue_populate_params
import time:      4178 |       4178 |                               langsmith._openapi_client.types.create_online_evaluator_response
import time:      2652 |       2652 |                               langsmith._openapi_client.types.update_online_evaluator_response
import time:      1936 |       1936 |                               langsmith._openapi_client.types.runs_filter_data_source_type_enum
import time:      2606 |       2606 |                                 langsmith._openapi_client.types.annotation_queue_rubric_item_schema
import time:      2531 |       5137 |                               langsmith._openapi_client.types.annotation_queue_retrieve_response
import time:      3660 |       3660 |                               langsmith._openapi_client.types.get_online_evaluator_spend_response
import time:      1018 |       1018 |                               langsmith._openapi_client.types.online_evaluator_bulk_delete_params
import time:      1865 |       1865 |                               langsmith._openapi_client.types.annotation_queue_retrieve_run_params
import time:      1776 |       1776 |                               langsmith._openapi_client.types.annotation_queue_retrieve_size_params
import time:      4379 |       4379 |                               langsmith._openapi_client.types.run_schema_with_annotation_queue_info
import time:      3005 |       3005 |                               langsmith._openapi_client.types.annotation_queue_annotation_queues_params
import time:      2716 |       2716 |                               langsmith._openapi_client.types.annotation_queue_create_run_status_params
import time:      2446 |       2446 |                               langsmith._openapi_client.types.annotation_queue_retrieve_queues_response
import time:      1949 |       1949 |                               langsmith._openapi_client.types.annotation_queue_retrieve_total_archived_params
import time:      2391 |       2391 |                               langsmith._openapi_client.types.annotation_queue_retrieve_annotation_queues_params
import time:      4321 |       4321 |                               langsmith._openapi_client.types.annotation_queue_retrieve_annotation_queues_response
import time:      5172 |     302042 |                             langsmith._openapi_client.types
import time:      2385 |       2385 |                               langsmith._openapi_client._exceptions
import time:      2386 |       2386 |                               langsmith._openapi_client._qs
import time:      1320 |       1320 |                               langsmith._openapi_client._version
import time:      1308 |       1308 |                               langsmith._openapi_client._streaming
import time:      3681 |       3681 |                                 langsmith._openapi_client._response
import time:      1970 |       1970 |                                 langsmith._openapi_client._utils._json
import time:       660 |        660 |                                 httpx_aiohttp
import time:      8168 |      14478 |                               langsmith._openapi_client._base_client
import time:      9667 |      31543 |                             langsmith._openapi_client._client
import time:      2802 |       2802 |                             langsmith._openapi_client._utils._logs
import time:      1298 |       1298 |                             langsmith._openapi_client._utils._resources_proxy
import time:      2380 |     340063 |                           langsmith._openapi_client
import time:        57 |     340119 |                         langsmith._openapi_client._types
import time:      2719 |     342838 |                       langsmith._internal._v2_migration_utils
import time:      1339 |       1339 |                       langsmith._internal._uuid
import time:      2068 |       2068 |                               requests_toolbelt._compat
import time:      1967 |       4035 |                             requests_toolbelt.adapters.ssl
import time:      3116 |       3116 |                             requests_toolbelt.adapters.source
import time:      1958 |       9108 |                           requests_toolbelt.adapters
import time:      1544 |       1544 |                             requests_toolbelt.auth
import time:      2072 |       2072 |                             requests_toolbelt.auth._digest_auth_compat
import time:      2065 |       2065 |                             requests_toolbelt.auth.http_proxy_digest
import time:      2183 |       7863 |                           requests_toolbelt.auth.guess
import time:      3010 |       3010 |                             requests_toolbelt.multipart.encoder
import time:      1611 |       1611 |                             requests_toolbelt.multipart.decoder
import time:      2032 |       6653 |                           requests_toolbelt.multipart
import time:      2197 |       2197 |                           requests_toolbelt.streaming_iterator
import time:      1644 |       1644 |                             requests_toolbelt.utils
import time:      2010 |       3653 |                           requests_toolbelt.utils.user_agent
import time:      1482 |      30954 |                         requests_toolbelt
import time:      2221 |       2221 |                           langsmith.env._git
import time:       396 |        396 |                             psutil
import time:      1802 |       2197 |                           langsmith.env._runtime_env
import time:       982 |       5400 |                         langsmith.env
import time:      2173 |       2173 |                           langsmith._runtime_overrides
import time:      2191 |       4364 |                         langsmith._internal._aiter
import time:      1396 |       1396 |                         langsmith._internal._orjson
import time:       348 |        348 |                             fcntl
import time:      2250 |       2597 |                           langsmith._internal._oauth_refresh_lock
import time:      3358 |       5955 |                         langsmith._internal._profiles
import time:      1795 |       1795 |                         langsmith._internal._backend_version
import time:      2543 |       2543 |                           langsmith._internal._compressed_traces
import time:      3848 |       3848 |                           langsmith._internal._constants
import time:      2916 |       2916 |                             langsmith._internal._multipart
import time:      3541 |       3541 |                             langsmith._internal._serde
import time:      6640 |      13095 |                           langsmith._internal._operations
import time:      2417 |      21902 |                         langsmith._internal._background_thread
import time:      3175 |       3175 |                         langsmith._internal._beta_decorator
import time:      4032 |       4032 |                         langsmith._internal._hub
import time:      3405 |       3405 |                         langsmith.prompt_cache
import time:       431 |        431 |                             opentelemetry
import time:       642 |       1073 |                           opentelemetry.sdk
import time:      3093 |       3093 |                             opentelemetry.context.context
import time:      4810 |       4810 |                             opentelemetry.context.contextvars_context
import time:      4265 |       4265 |                             opentelemetry.environment_variables
import time:      4286 |      16453 |                           opentelemetry.context
import time:       254 |        254 |                                     opentelemetry.util
import time:      1455 |       1709 |                                   opentelemetry.util.types
import time:      1449 |       3157 |                                 opentelemetry.metrics._internal.observation
import time:      5203 |       8359 |                               opentelemetry.metrics._internal.instrument
import time:      1608 |       1608 |                               opentelemetry.util._once
import time:      1214 |       1214 |                               opentelemetry.util._providers
import time:      5410 |      16589 |                             opentelemetry.metrics._internal
import time:      1726 |      18314 |                           opentelemetry.metrics
import time:      1996 |       1996 |                             opentelemetry.attributes
import time:      2848 |       2848 |                                 opentelemetry.trace.status
import time:      4327 |       7174 |                               opentelemetry.trace.span
import time:      1500 |       8674 |                             opentelemetry.trace.propagation
import time:      2073 |       2073 |                             opentelemetry.util._decorator
import time:      2715 |      15456 |                           opentelemetry.trace
import time:      1218 |       1218 |                           opentelemetry.sdk.util
import time:      1380 |       1380 |                           opentelemetry.sdk.environment_variables
import time:      2559 |       2559 |                           opentelemetry.sdk.environment_variables._internal
import time:       792 |        792 |                             opentelemetry.sdk.version
import time:       716 |        716 |                               opentelemetry.semconv
import time:      2096 |       2811 |                             opentelemetry.semconv.resource
import time:       257 |        257 |                             psutil
import time:      1721 |       5580 |                           opentelemetry.sdk.resources
import time:      1698 |       1698 |                           opentelemetry.sdk.trace.sampling
import time:       725 |        725 |                                 opentelemetry.semconv._incubating
import time:      1318 |       2042 |                               opentelemetry.semconv._incubating.attributes
import time:      3005 |       5047 |                             opentelemetry.semconv._incubating.attributes.otel_attributes
import time:       186 |        186 |                               opentelemetry.semconv._incubating.metrics
import time:      1021 |       1206 |                             opentelemetry.semconv._incubating.metrics.otel_metrics
import time:      1750 |       8002 |                           opentelemetry.sdk.trace._tracer_metrics
import time:       914 |        914 |                           opentelemetry.sdk.trace.id_generator
import time:      1261 |       1261 |                             opentelemetry.sdk.util.instrumentation
import time:      1312 |       2573 |                           opentelemetry.sdk.util._configurator
import time:       821 |        821 |                             opentelemetry.semconv.attributes
import time:       917 |       1737 |                           opentelemetry.semconv.attributes.exception_attributes
import time:      7158 |      84110 |                         opentelemetry.sdk.trace
import time:      5628 |     172110 |                       langsmith.client
import time:       855 |        855 |                       langsmith.uuid
import time:     12950 |     675387 |                     langsmith.run_trees
import time:      1008 |     677372 |                   langchain_core.tracers.schemas
import time:      1957 |       1957 |                   langchain_core.utils._gateway
import time:      1329 |     680658 |                 langchain_core.tracers.core
import time:      1383 |     682040 |               langchain_core.tracers.base
import time:      2503 |       2503 |               langchain_core.tracers.memory_stream
import time:      4737 |     691726 |             langchain_core.tracers.log_stream
import time:     10410 |      10410 |             langchain_core.utils.aiter
import time:      8167 |     712772 |           langchain_core.tracers.event_stream
import time:      2324 |       2324 |           langchain_core.tracers.root_listeners
import time:      2097 |       2097 |           langchain_core.utils.iter
import time:     21558 |      21558 |                 langchain_protocol.protocol
import time:      3333 |      24890 |               langchain_protocol
import time:       125 |      25014 |             langchain_protocol.protocol
import time:      3358 |       3358 |             langchain_core.language_models._compat_bridge
import time:      4475 |       4475 |             langchain_core.language_models.chat_model_stream
import time:      3554 |       3554 |             langchain_core.language_models.model_profile
import time:      2562 |       2562 |               langchain_core.output_parsers
import time:      5885 |       5885 |                 langchain_core.output_parsers.base
import time:      4062 |       9947 |               langchain_core.output_parsers.transform
import time:     11722 |      24230 |             langchain_core.output_parsers.openai_tools
import time:      3169 |       3169 |             langchain_core.rate_limiters
import time:      2545 |       2545 |               langchain_core.utils.json_schema
import time:      5250 |       7795 |             langchain_core.utils.function_calling
import time:     55501 |     127094 |           langchain_core.language_models.chat_models
import time:      2473 |       2473 |             langchain_core.output_parsers.format_instructions
import time:      1529 |       1529 |             langchain_core.tools
import time:      2187 |       2187 |               langchain_openai._compat
import time:      2678 |       4865 |             langchain_openai.chat_models._client_utils
import time:      1479 |       1479 |             langchain_openai.chat_models._compat
import time:      1133 |       1133 |               langchain_openai.data
import time:      1545 |       2678 |             langchain_openai.data._profiles
import time:     98914 |     111936 |           langchain_openai.chat_models.base
import time:     64688 |    3799602 |         langchain_openai.chat_models.azure
import time:      1620 |    3801221 |       langchain_openai.chat_models
import time:      2138 |       2138 |             langchain_core.embeddings
import time:     19602 |      21740 |           langchain_openai.embeddings.base
import time:     12303 |      34043 |         langchain_openai.embeddings.azure
import time:      1609 |      35651 |       langchain_openai.embeddings
import time:      3038 |       3038 |                 tenacity._utils
import time:      2962 |       2962 |                 tenacity.retry
import time:      1942 |       1942 |                 tenacity.nap
import time:      2256 |       2256 |                 tenacity.stop
import time:      2844 |       2844 |                 tenacity.wait
import time:      1681 |       1681 |                 tenacity.before
import time:      1426 |       1426 |                 tenacity.after
import time:      1430 |       1430 |                 tenacity.before_sleep
import time:       406 |        406 |                 tornado
import time:      2281 |       2281 |                   tenacity.asyncio.retry
import time:      2808 |       5088 |                 tenacity.asyncio
import time:      8126 |      31194 |               tenacity
import time:      9794 |      40988 |             langchain_core.language_models.llms
import time:     17189 |      58177 |           langchain_openai.llms.base
import time:     12137 |      70313 |         langchain_openai.llms.azure
import time:      2480 |      72793 |       langchain_openai.llms
import time:      5051 |       5051 |           langchain_core.tools.simple
import time:      6396 |       6396 |           langchain_core.tools.structured
import time:      4802 |      16248 |         langchain_openai.tools.custom_tool
import time:      2135 |      18382 |       langchain_openai.tools
import time:      2734 |    3933054 |     langchain_openai
import time:      2154 |       2154 |     langchain_core.prompts
import time:      6794 |       6794 |       langchain_core.prompts.base
import time:      2130 |       2130 |       langchain_core.utils.formatting
import time:     11667 |      20591 |     langchain_core.prompts.string
import time:      5655 |       5655 |       langchain_classic
import time:       433 |        433 |       defusedxml
import time:      2328 |       2328 |         langchain_classic._api.deprecation
import time:      1954 |       1954 |           langchain_classic._api.interactive_env
import time:      1871 |       3825 |         langchain_classic._api.module_import
import time:      1833 |       7985 |       langchain_classic._api
import time:      4438 |       4438 |       langchain_classic.output_parsers.boolean
import time:      6386 |       6386 |       langchain_classic.output_parsers.combining
import time:      6196 |       6196 |       langchain_classic.output_parsers.datetime
import time:      5850 |       5850 |       langchain_classic.output_parsers.enum
import time:      1950 |       1950 |         langchain_classic.output_parsers.prompts
import time:     10978 |      12927 |       langchain_classic.output_parsers.fix
import time:      2594 |       2594 |         langchain_classic.output_parsers.format_instructions
import time:      4078 |       6671 |       langchain_classic.output_parsers.pandas_dataframe
import time:      5251 |       5251 |       langchain_classic.output_parsers.regex
import time:      3350 |       3350 |       langchain_classic.output_parsers.regex_dict
import time:     11135 |      11135 |       langchain_classic.output_parsers.retry
import time:      5658 |       5658 |       langchain_classic.output_parsers.structured
import time:      6321 |       6321 |       langchain_classic.output_parsers.yaml
import time:     15583 |     103835 |     langchain_classic.output_parsers
import time:       379 |        379 |       pywintypes
import time:      7280 |       7659 |     services.audit
import time:     17014 |   23292665 |   services.document_processor
import time:      4128 |       4128 |       pymilvus.client
import time:      1702 |       1702 |                 google
import time:      2309 |       4011 |               google.protobuf
import time:      1531 |       1531 |                 google.protobuf.internal
import time:       163 |        163 |                   google.protobuf.internal._api_implementation
import time:      2327 |       2327 |                   google.protobuf.message
import time:      2546 |       2546 |                   google.protobuf.internal.enum_type_wrapper
import time:       187 |        187 |                   google.protobuf.enable_deterministic_proto_serialization
import time:      5799 |      11020 |                 google.protobuf.internal.api_implementation
import time:      2974 |      15524 |               google.protobuf.descriptor
import time:      1867 |       1867 |                 google.protobuf.descriptor_database
import time:      1763 |       1763 |                 google.protobuf.text_encoding
import time:      1432 |       1432 |                 google.protobuf.internal.python_edition_defaults
import time:      2268 |       2268 |                     encodings.raw_unicode_escape
import time:      1291 |       1291 |                     encodings.unicode_escape
import time:      3288 |       3288 |                       google.protobuf.internal.containers
import time:      1831 |       1831 |                         google.protobuf.internal.wire_format
import time:      2377 |       4208 |                       google.protobuf.internal.encoder
import time:      2019 |       9514 |                     google.protobuf.internal.decoder
import time:      2357 |       2357 |                     google.protobuf.internal.type_checkers
import time:      1699 |       1699 |                     google.protobuf.unknown_fields
import time:      5187 |      22313 |                   google.protobuf.text_format
import time:      2751 |       2751 |                   google.protobuf.internal.extension_dict
import time:      1498 |       1498 |                   google.protobuf.internal.message_listener
import time:      1509 |       1509 |                     google.protobuf.internal.field_mask
import time:      2378 |       3886 |                   google.protobuf.internal.well_known_types
import time:      3259 |      33706 |                 google.protobuf.internal.python_message
import time:      2648 |      41414 |               google.protobuf.descriptor_pool
import time:      3166 |       3166 |               google.protobuf.runtime_version
import time:      1606 |       1606 |                   google.protobuf.pyext
import time:      2122 |       2122 |                   google.protobuf.pyext.cpp_message
import time:      1800 |       5527 |                 google.protobuf.message_factory
import time:      2068 |       7595 |               google.protobuf.symbol_database
import time:      2286 |       2286 |                 google.protobuf.reflection
import time:      2082 |       4367 |               google.protobuf.internal.builder
import time:      6911 |       6911 |                 google.protobuf.descriptor_pb2
import time:      5284 |      12195 |               pymilvus.grpc_gen.common_pb2
import time:      4425 |      92694 |             pymilvus.grpc_gen.schema_pb2
import time:      2038 |       2038 |               pymilvus.grpc_gen.rg_pb2
import time:      2341 |       2341 |               pymilvus.grpc_gen.feder_pb2
import time:      2240 |       2240 |               pymilvus.grpc_gen.msg_pb2
import time:     13605 |      20223 |             pymilvus.grpc_gen.milvus_pb2
import time:      2544 |       2544 |                   grpc._cython
import time:      2961 |       2961 |                       grpc._typing
import time:      2544 |       5505 |                     grpc._observability
import time:     14895 |      20399 |                   grpc._cython.cygrpc
import time:      2738 |      25681 |                 grpc._compression
import time:      2209 |       2209 |                 grpc._runtime_protos
import time:      1733 |       1733 |                 grpc._grpcio_metadata
import time:       430 |        430 |                 grpc_tools
import time:       261 |        261 |                 grpc_health
import time:       240 |        240 |                 grpc_reflection
import time:      1952 |       1952 |                     grpc.aio._metadata
import time:      1884 |       1884 |                     grpc.aio._typing
import time:      3225 |       7061 |                   grpc.aio._base_call
import time:      3727 |       3727 |                   grpc.aio._base_channel
import time:      2778 |       2778 |                   grpc.aio._base_server
import time:      3812 |       3812 |                     grpc._common
import time:      5672 |       9484 |                   grpc.aio._call
import time:      2014 |       2014 |                       grpc.aio._utils
import time:      4622 |       6635 |                     grpc.aio._interceptor
import time:      4831 |      11466 |                   grpc.aio._channel
import time:      2779 |       2779 |                   grpc.aio._server
import time:      2657 |      39949 |                 grpc.aio
import time:      5682 |      76182 |               grpc
import time:      3135 |       3135 |               grpc._utilities
import time:      5169 |      84485 |             pymilvus.grpc_gen.milvus_pb2_grpc
import time:      1698 |     199098 |           pymilvus.grpc_gen
import time:      3921 |     203018 |         pymilvus.exceptions
import time:      2375 |       2375 |             socketserver
import time:      3574 |       5949 |           logging.config
import time:     19673 |      25622 |         pymilvus.settings
import time:      2436 |       2436 |           pymilvus.client.constants
import time:     16560 |      16560 |           pymilvus.client.types
import time:      3989 |      22984 |         pymilvus.client.utils
import time:      8278 |       8278 |               pymilvus.client.type_info
import time:      3107 |      11384 |             pymilvus.client.field_data_extractors
import time:      3227 |      14611 |           pymilvus.client.entity_helper
import time:      3314 |       3314 |           pymilvus.client.search_aggregation
import time:     12325 |      30249 |         pymilvus.client.search_result
import time:      3860 |     285732 |       pymilvus.client.abstract
import time:      3620 |       3620 |       pymilvus.client.asynch
import time:      3069 |       3069 |       pymilvus.client.field_ops
import time:    462804 |     462804 |             pymilvus.function_chain.chain
import time:      2315 |     465118 |           pymilvus.function_chain.fn
import time:      1961 |     467078 |         pymilvus.function_chain
import time:      2652 |       2652 |           pymilvus.orm
import time:      2461 |       2461 |           pymilvus.orm.constants
import time:      2583 |       2583 |           pymilvus.orm.types
import time:      5428 |      13123 |         pymilvus.orm.schema
import time:      2201 |       2201 |         pymilvus.client.blob
import time:      1102 |       1102 |           pymilvus.client.singleton_utils
import time:      2585 |       3687 |         pymilvus.client.check
import time:      5657 |     491745 |       pymilvus.client.prepare
import time:      1294 |       1294 |       pymilvus.decorators
import time:      1997 |       1997 |             pymilvus.client.global_topology
import time:      3226 |       5223 |           pymilvus.client.connection_manager
import time:      1215 |       1215 |               pymilvus.client.iterator.query_iterator
import time:      1087 |       1087 |               pymilvus.client.iterator.search_iterator
import time:       740 |       3041 |             pymilvus.client.iterator
import time:      1109 |       1109 |                 pymilvus.client.call_context
import time:      1063 |       1063 |                       cachetools.keys
import time:      2754 |       3816 |                     cachetools
import time:      2280 |       6096 |                   pymilvus.client.cache
import time:      1788 |       7883 |                 pymilvus.client.ts_utils
import time:      1280 |       1280 |                 pymilvus.client.async_interceptor
import time:      1966 |       1966 |                 pymilvus.client.embedding_list
import time:      6702 |      18938 |               pymilvus.client.async_grpc_handler
import time:      1990 |       1990 |                 pymilvus.client.interceptor
import time:      5370 |       7360 |               pymilvus.client.grpc_handler
import time:      1159 |      27456 |             pymilvus.orm.connections
import time:      1375 |       1375 |               pymilvus.orm.mutation
import time:      1147 |       2522 |             pymilvus.orm.future
import time:       961 |        961 |             pymilvus.orm.index
import time:      1146 |       1146 |             pymilvus.orm.partition
import time:       842 |        842 |             pymilvus.orm.prepare
import time:      1119 |       1119 |             pymilvus.orm.utility
import time:      1763 |      38847 |           pymilvus.orm.collection
import time:      1484 |       1484 |             pymilvus.milvus_client.optimize_task
import time:       834 |       2317 |           pymilvus.milvus_client.async_optimize_task
import time:       778 |        778 |             pymilvus.milvus_client.check
import time:       905 |        905 |             pymilvus.milvus_client.index
import time:       991 |       2673 |           pymilvus.milvus_client.base
import time:      2959 |      52017 |         pymilvus.milvus_client.async_milvus_client
import time:      2259 |       2259 |         pymilvus.milvus_client.milvus_client
import time:       882 |      55157 |       pymilvus.milvus_client
import time:       840 |        840 |       pymilvus.orm.db
import time:      1081 |       1081 |       pymilvus.orm.role
import time:      3365 |     850027 |     pymilvus
import time:      5425 |     855452 |   services.milvus_client
import time:      1255 |       1255 |   services.pdf_parser
import time:       940 |        940 |         psycopg2.errors
import time:      9931 |      10871 |       psycopg2._psycopg
import time:       826 |        826 |         psycopg2._json
import time:      2491 |       2491 |         psycopg2._range
import time:      1631 |       4947 |       psycopg2.extensions
import time:      1401 |      17217 |     psycopg2
import time:       700 |        700 |       psycopg2._ipaddress
import time:      2246 |       2946 |     psycopg2.extras
14:41:28 - INFO - 数据库 rag_system 已存在
14:41:28 - INFO - 成功连接到数据库: rag_system
import time:    472026 |     492188 |   services.database
import time:      1956 |       1956 |       bcrypt._bcrypt
import time:      1095 |       3050 |     bcrypt
import time:      3563 |       3563 |       jose.exceptions
import time:      2770 |       6333 |     jose
import time:      3651 |       3651 |                         cryptography.__about__
import time:      2881 |       6532 |                       cryptography
import time:      2477 |       9008 |                     cryptography.utils
import time:      3616 |      12624 |                   jose.utils
import time:      2202 |      14826 |                 jose.backends.base
import time:      2436 |       2436 |                 jose.constants
import time:      3368 |      20629 |               jose.backends.native
import time:      3628 |       3628 |                       cryptography.hazmat
import time:      5961 |       9589 |                     cryptography.hazmat.bindings
import time:      8803 |       8803 |                     _cffi_backend
import time:     19476 |      37867 |                   cryptography.hazmat.bindings._rust
import time:      3039 |      40906 |                 cryptography.exceptions
import time:      4789 |       4789 |                 cryptography.hazmat.backends
import time:      5825 |       5825 |                 cryptography.hazmat.primitives
import time:      9900 |       9900 |                 cryptography.hazmat.primitives.hashes
import time:      3980 |       3980 |                 cryptography.hazmat.primitives.hmac
import time:      5012 |       5012 |                   cryptography.hazmat.primitives._serialization
import time:      3911 |       3911 |                     cryptography.hazmat.primitives.asymmetric
import time:      5049 |       8960 |                   cryptography.hazmat.primitives.asymmetric.dh
import time:      3758 |       3758 |                   cryptography.hazmat.primitives.serialization.base
import time:      3587 |       3587 |                       cryptography.hazmat.primitives.asymmetric.utils
import time:      2965 |       6552 |                     cryptography.hazmat.primitives.asymmetric.dsa
import time:      3370 |       3370 |                       cryptography.hazmat._oid
import time:      3510 |       6879 |                     cryptography.hazmat.primitives.asymmetric.ec
import time:      3662 |       3662 |                     cryptography.hazmat.primitives.asymmetric.ed25519
import time:      3101 |       3101 |                       cryptography.hazmat.primitives._asymmetric
import time:      4203 |       4203 |                       cryptography.hazmat.primitives.asymmetric.rsa
import time:      3992 |      11296 |                     cryptography.hazmat.primitives.asymmetric.padding
import time:      3419 |       3419 |                       cryptography.hazmat.primitives._cipheralgorithm
import time:      1751 |       1751 |                               cryptography.hazmat.decrepit
import time:      3815 |       5565 |                             cryptography.hazmat.decrepit.ciphers
import time:      2459 |       2459 |                             cryptography.hazmat.primitives._modes
import time:      4068 |      12092 |                           cryptography.hazmat.decrepit.ciphers.modes
import time:      3315 |       3315 |                             cryptography.hazmat.decrepit.ciphers.algorithms
import time:      2799 |       6113 |                           cryptography.hazmat.primitives.ciphers.algorithms
import time:      3926 |      22130 |                         cryptography.hazmat.primitives.ciphers.modes
import time:      5203 |      27333 |                       cryptography.hazmat.primitives.ciphers.base
import time:      3056 |      33808 |                     cryptography.hazmat.primitives.ciphers
import time:      8340 |      70534 |                   cryptography.hazmat.primitives.serialization.ssh
import time:      3801 |      92064 |                 cryptography.hazmat.primitives.serialization
import time:      2616 |       2616 |                 cryptography.hazmat.primitives.ciphers.aead
import time:      1902 |       1902 |                 cryptography.hazmat.primitives.keywrap
import time:      2497 |       2497 |                 cryptography.hazmat.primitives.padding
import time:      5394 |       5394 |                   cryptography.x509.certificate_transparency
import time:      3366 |       3366 |                   cryptography.x509.oid
import time:     14029 |      14029 |                       cryptography.x509.name
import time:      3071 |      17100 |                     cryptography.x509.general_name
import time:      1933 |      19032 |                   cryptography.x509.verification
import time:      1956 |       1956 |                     cryptography.hazmat.primitives.asymmetric.ed448
import time:      8591 |       8591 |                     cryptography.hazmat.primitives.asymmetric.mldsa
import time:      2306 |       2306 |                     cryptography.hazmat.primitives.asymmetric.mlkem
import time:      2936 |       2936 |                     cryptography.hazmat.primitives.asymmetric.x448
import time:      2895 |       2895 |                     cryptography.hazmat.primitives.asymmetric.x25519
import time:      3196 |       3196 |                     cryptography.hazmat.primitives.asymmetric.types
import time:      3176 |       3176 |                       cryptography.hazmat.primitives.constant_time
import time:      9543 |      12719 |                     cryptography.x509.extensions
import time:      3485 |      38081 |                   cryptography.x509.base
import time:      3511 |      69382 |                 cryptography.x509
import time:      4977 |     238833 |               jose.backends.cryptography_backend
import time:      2383 |     261844 |             jose.backends
import time:        82 |     261925 |           jose.backends.base
import time:      1949 |     263874 |         jose.jwk
import time:      2338 |     266211 |       jose.jws
import time:      2306 |     268517 |     jose.jwt
import time:      1369 |     279269 |   services.auth
import time:      4351 |       4351 |   services.storage
import time:      8878 |       8878 |   services.bm25_client
import time:     35440 |      35440 |     api.auth
import time:     27198 |      27198 |     api.knowledge_bases
import time:     14184 |      14184 |     api.documents
import time:     27442 |      27442 |     api.files
import time:     16177 |      16177 |     api.processing
import time:      6954 |       6954 |       services.reranker
import time:     13677 |      20630 |     api.search
import time:      7252 |       7252 |     api.stats
import time:      2883 |       2883 |           langfuse.api
import time:      1003 |       1003 |             langfuse.api.core
import time:      1223 |       2226 |           langfuse.api.core.serialization
import time:       688 |        688 |               langfuse.api.core.datetime_utils
import time:      7251 |       7939 |             langfuse.api.core.pydantic_utilities
import time:      2982 |       2982 |               langfuse.api.core.enum
import time:      4844 |       7825 |             langfuse.api.commons.types.observation_level
import time:      2234 |       2234 |             langfuse.api.commons.types.usage
import time:      6534 |      24531 |           langfuse.api.commons.types.observation
import time:      2853 |       2853 |           langfuse.api.commons.types.deprecation
import time:      2086 |       2086 |             langfuse.api.commons.types.score_source
import time:     21797 |      23882 |           langfuse.api.commons.types.score_v1
import time:      7119 |       7119 |           langfuse.api.commons.types.trace
import time:      1649 |       1649 |               langfuse.api.commons.types.dataset_item_media_reference_field
import time:      4597 |       4597 |               langfuse.api.commons.types.dataset_item_media_reference_media
import time:      4442 |      10687 |             langfuse.api.commons.types.dataset_item_media_reference
import time:      2674 |       2674 |             langfuse.api.commons.types.dataset_status
import time:      2835 |       2835 |             langfuse.logger
import time:     19847 |      19847 |             langfuse.types
import time:     10497 |      46539 |           langfuse.experiment
import time:     24903 |     134932 |         langfuse.batch_evaluation
import time:       311 |        311 |         langfuse._client
import time:      2216 |       2216 |               backoff._common
import time:      1763 |       1763 |               backoff._jitter
import time:      1421 |       1421 |               backoff._async
import time:      1362 |       1362 |               backoff._sync
import time:      2452 |       2452 |               backoff._typing
import time:      2406 |      11618 |             backoff._decorator
import time:      1503 |       1503 |             backoff._wait_gen
import time:      2244 |      15364 |           backoff
import time:      1448 |       1448 |                 opentelemetry.semconv.attributes.error_attributes
import time:      1911 |       3358 |               opentelemetry.sdk._shared_internal._processor_metrics
import time:      1991 |       5349 |             opentelemetry.sdk._shared_internal
import time:      1918 |       7267 |           opentelemetry.sdk.trace.export
import time:      1610 |       1610 |             langfuse._client.constants
import time:      2389 |       2389 |                       langfuse.api.prompts.types.chat_message_type
import time:      3239 |       5627 |                     langfuse.api.prompts.types.chat_message
import time:      1515 |       1515 |                       langfuse.api.prompts.types.placeholder_message_type
import time:      2465 |       3979 |                     langfuse.api.prompts.types.placeholder_message
import time:      1397 |      11003 |                   langfuse.api.prompts.types.chat_message_with_placeholders
import time:     40387 |      51390 |                 langfuse.model
import time:      1499 |      52888 |               langfuse._utils
import time:      4243 |       4243 |               langfuse.media
import time:      3005 |      60135 |             langfuse._utils.serializer
import time:      2563 |      64308 |           langfuse._client.attributes
import time:      1761 |       1761 |           langfuse._client.datasets
import time:      1215 |       1215 |           langfuse._client.environment_variables
import time:      1434 |       1434 |               opentelemetry.util.re
import time:      1870 |       3303 |             opentelemetry.baggage
import time:      2037 |       5340 |           langfuse._client.propagation
import time:       388 |        388 |                       opentelemetry.exporter
import time:       433 |        820 |                     opentelemetry.exporter.otlp
import time:       337 |       1156 |                   opentelemetry.exporter.otlp.proto
import time:       880 |        880 |                   opentelemetry.exporter.otlp.proto.http.version
import time:      1096 |       3131 |                 opentelemetry.exporter.otlp.proto.http
import time:       829 |        829 |                     opentelemetry.exporter.otlp.proto.common.version
import time:       719 |       1548 |                   opentelemetry.exporter.otlp.proto.common
import time:       736 |        736 |                   opentelemetry.semconv.attributes.server_attributes
import time:      1416 |       3699 |                 opentelemetry.exporter.otlp.proto.common._exporter_metrics
import time:      1363 |       1363 |                             opentelemetry.proto
import time:      1224 |       2586 |                           opentelemetry.proto.common
import time:      1242 |       3827 |                         opentelemetry.proto.common.v1
import time:      1836 |       5662 |                       opentelemetry.proto.common.v1.common_pb2
import time:       901 |        901 |                           opentelemetry.proto.resource
import time:      1067 |       1968 |                         opentelemetry.proto.resource.v1
import time:      1028 |       2996 |                       opentelemetry.proto.resource.v1.resource_pb2
import time:      1402 |      10059 |                     opentelemetry.exporter.otlp.proto.common._internal
import time:       867 |        867 |                           opentelemetry.proto.collector
import time:      1256 |       2123 |                         opentelemetry.proto.collector.trace
import time:      1021 |       3144 |                       opentelemetry.proto.collector.trace.v1
import time:       741 |        741 |                         opentelemetry.proto.trace
import time:       949 |       1689 |                       opentelemetry.proto.trace.v1
import time:      1278 |       1278 |                       opentelemetry.proto.trace.v1.trace_pb2
import time:      1112 |       7221 |                     opentelemetry.proto.collector.trace.v1.trace_service_pb2
import time:      1193 |      18473 |                   opentelemetry.exporter.otlp.proto.common._internal.trace_encoder
import time:       814 |      19287 |                 opentelemetry.exporter.otlp.proto.common.trace_encoder
import time:      2060 |       2060 |                   opentelemetry.util._importlib_metadata
import time:      1231 |       3290 |                 opentelemetry.exporter.otlp.proto.http._common
import time:      2068 |       2068 |                 opentelemetry.semconv.attributes.http_attributes
import time:      1062 |      32535 |               opentelemetry.exporter.otlp.proto.http.trace_exporter
import time:       303 |        303 |                   langfuse._task_manager
import time:      1900 |       1900 |                       langfuse.api.core.file
import time:      1375 |       1375 |                       langfuse.api.core.force_multipart
import time:      1654 |       1654 |                       langfuse.api.core.jsonable_encoder
import time:      1774 |       1774 |                       langfuse.api.core.query_encoder
import time:      1196 |       1196 |                       langfuse.api.core.remove_none_from_dict
import time:      1367 |       1367 |                       langfuse.api.core.request_options
import time:      2859 |      12123 |                     langfuse.api.core.http_client
import time:      1602 |      13725 |                   langfuse.api.core.client_wrapper
import time:      1391 |       1391 |                   langfuse._task_manager.media_upload_queue
import time:      5663 |      21080 |                 langfuse._task_manager.media_manager
import time:      2044 |      23124 |               langfuse._client.span_exporter
import time:      1331 |       1331 |               langfuse._client.span_filter
import time:      1365 |       1365 |               langfuse._client.utils
import time:      2683 |       2683 |               langfuse._version
import time:      1648 |      62683 |             langfuse._client.span_processor
import time:      1181 |       1181 |             langfuse._task_manager.media_upload_consumer
import time:      1330 |       1330 |                 langfuse._utils.request
import time:     11260 |      12590 |               langfuse._utils.parse_error
import time:      2629 |      15218 |             langfuse._task_manager.score_ingestion_consumer
import time:       876 |        876 |             langfuse._utils.environment
import time:      1078 |       1078 |             langfuse._utils.prompt_cache
import time:      2357 |      83392 |           langfuse._client.resource_manager
import time:      4112 |       4112 |           langfuse._client.span
import time:      1058 |       1058 |           langfuse._utils.json_path
import time:       809 |        809 |           langfuse.api.prompts.types.create_chat_prompt_type
import time:       874 |        874 |           langfuse.api.prompts.types.create_text_prompt_type
import time:      2011 |       2011 |           langfuse.api.commons.types.dataset_run_item
import time:      1253 |       1253 |                 langfuse.api.utils
import time:      1453 |       2706 |               langfuse.api.utils.pagination
import time:      1357 |       4063 |             langfuse.api.utils.pagination.types
import time:      1893 |       5955 |           langfuse.api.utils.pagination.types.meta_response
import time:       674 |        674 |           langfuse.api.commons.types.create_score_value
import time:     24005 |     218139 |         langfuse._client.client
import time:      1252 |       1252 |         langfuse._client.get_client
import time:      1604 |       1604 |         langfuse._client.observe
import time:       905 |        905 |         langfuse.span_filter
import time:      1383 |     358524 |       langfuse
import time:     14884 |     373408 |     api.agent
import time:     21155 |      21155 |     api.evaluation
import time:      5601 |       5601 |       services.runtime_config
import time:     15492 |      21092 |     api.settings
import time:     12096 |      12096 |     api.audit
import time:      4022 |     580092 |   api
import time:     28190 |   26451926 | app
import time:       631 |        631 | tabulate
