import time: self [us] | cumulative | imported package
import time:       129 |        129 | winreg
import time:       537 |        537 |   _io
import time:        62 |         62 |   marshal
import time:       610 |        610 |   nt
import time:      2430 |       3638 | _frozen_importlib_external
import time:      2915 |       2915 |   time
import time:      1610 |       4524 | zipimport
import time:        57 |         57 |     _codecs
import time:       621 |        677 |   codecs
import time:       877 |        877 |   encodings.aliases
import time:      1511 |       3064 | encodings
import time:       428 |        428 | encodings.utf_8
import time:        51 |         51 |   _codecs_cn
import time:        54 |         54 |   _multibytecodec
import time:       630 |        734 | encodings.gbk
import time:        72 |         72 | _signal
import time:        37 |         37 |     _abc
import time:       176 |        212 |   abc
import time:       154 |        366 | io
import time:        74 |         74 |       _stat
import time:       105 |        178 |     stat
import time:      1002 |       1002 |     _collections_abc
import time:        91 |         91 |       genericpath
import time:        98 |         98 |       _winapi
import time:       344 |        532 |     ntpath
import time:       834 |       2545 |   os
import time:       116 |        116 |   _sitebuiltins
import time:        65 |         65 |   errno
import time:       446 |        446 |   encodings.utf_8_sig
import time:      3681 |       3681 |   _virtualenv
import time:      1286 |       1286 |   _distutils_hack
import time:       186 |        186 |   sitecustomize
import time:      4859 |      13180 | site
import time:       598 |        598 | linecache
import time:       153 |        153 |           itertools
import time:       367 |        367 |           keyword
import time:        97 |         97 |             _operator
import time:       739 |        836 |           operator
import time:       435 |        435 |           reprlib
import time:        82 |         82 |           _collections
import time:      1077 |       2948 |         collections
import time:        64 |         64 |         _functools
import time:       901 |       3913 |       functools
import time:       646 |        646 |       types
import time:      1823 |       6381 |     enum
import time:      2763 |       2763 |     _uuid
import time:       774 |       9917 |   uuid
import time:       233 |        233 |         posix
import time:       238 |        238 |         posix
import time:       228 |        698 |       posixpath
import time:       144 |        144 |           _sre
import time:      1009 |       1009 |             re._constants
import time:       843 |       1852 |           re._parser
import time:       532 |        532 |           re._casefix
import time:       906 |       3433 |         re._compiler
import time:       544 |        544 |         copyreg
import time:      1077 |       5053 |       re
import time:       493 |       6244 |     fnmatch
import time:       129 |        129 |     zlib
import time:       586 |        586 |       _compression
import time:      1040 |       1040 |       _bz2
import time:       611 |       2236 |     bz2
import time:       927 |        927 |       _lzma
import time:       766 |       1692 |     lzma
import time:      1221 |      11520 |   shutil
import time:       475 |        475 |         concurrent
import time:      2111 |       2111 |               textwrap
import time:       878 |        878 |               warnings
import time:      1318 |       1318 |               contextlib
import time:       507 |        507 |                 __future__
import time:       646 |       1153 |               _colorize
import time:      1282 |       6741 |             traceback
import time:       592 |        592 |               _weakrefset
import time:       833 |       1425 |             weakref
import time:        59 |         59 |               _string
import time:       885 |        944 |             string
import time:       949 |        949 |             threading
import time:        66 |         66 |             atexit
import time:      2620 |      12742 |           logging
import time:       963 |      13704 |         concurrent.futures._base
import time:       681 |      14860 |       concurrent.futures
import time:        70 |         70 |         _heapq
import time:       488 |        558 |       heapq
import time:      4831 |       4831 |         _socket
import time:       136 |        136 |           math
import time:      1203 |       1203 |           select
import time:      1320 |       2658 |         selectors
import time:      2120 |       9608 |       socket
import time:       134 |        134 |           _locale
import time:      2071 |       2204 |         locale
import time:      1054 |       1054 |         signal
import time:       320 |        320 |         fcntl
import time:       115 |        115 |         msvcrt
import time:      1914 |       5605 |       subprocess
import time:      7455 |       7455 |         _ssl
import time:       160 |        160 |             _struct
import time:       655 |        814 |           struct
import time:       133 |        133 |           binascii
import time:      1046 |       1992 |         base64
import time:      4125 |      13571 |       ssl
import time:      1172 |       1172 |       asyncio.constants
import time:      2238 |       2238 |             _ast
import time:      2901 |       5138 |           ast
import time:       106 |        106 |               _opcode
import time:       739 |        739 |               _opcode_metadata
import time:       978 |       1822 |             opcode
import time:      2050 |       3871 |           dis
import time:       839 |        839 |             importlib
import time:       148 |        986 |           importlib.machinery
import time:       989 |        989 |             token
import time:       116 |        116 |             _tokenize
import time:      2299 |       3404 |           tokenize
import time:       111 |        111 |             _typing
import time:      4991 |       5102 |           typing
import time:      4272 |      22770 |         inspect
import time:       654 |      23424 |       asyncio.coroutines
import time:        95 |         95 |           _contextvars
import time:       699 |        794 |         contextvars
import time:       625 |        625 |         asyncio.format_helpers
import time:       622 |        622 |           asyncio.base_futures
import time:       640 |        640 |           asyncio.exceptions
import time:       609 |        609 |           asyncio.base_tasks
import time:      1888 |       3757 |         _asyncio
import time:      1460 |       6635 |       asyncio.events
import time:       921 |        921 |       asyncio.futures
import time:       783 |        783 |       asyncio.protocols
import time:       880 |        880 |         asyncio.transports
import time:       618 |        618 |         asyncio.log
import time:      2034 |       3531 |       asyncio.sslproto
import time:       788 |        788 |           asyncio.mixins
import time:      1285 |       2073 |         asyncio.locks
import time:       965 |        965 |           asyncio.queues
import time:      1232 |       1232 |           asyncio.timeouts
import time:      1385 |       3581 |         asyncio.tasks
import time:       702 |       6355 |       asyncio.staggered
import time:       698 |        698 |       asyncio.trsock
import time:      2292 |      90007 |     asyncio.base_events
import time:      1097 |       1097 |     asyncio.runners
import time:      1138 |       1138 |     asyncio.streams
import time:      1014 |       1014 |     asyncio.subprocess
import time:       716 |        716 |     asyncio.taskgroups
import time:       578 |        578 |     asyncio.threads
import time:      3135 |       3135 |       _overlapped
import time:      5335 |       5335 |       asyncio.base_subprocess
import time:      2386 |       2386 |       asyncio.proactor_events
import time:      1856 |       1856 |       asyncio.selector_events
import time:      3160 |       3160 |       asyncio.windows_utils
import time:      3012 |      18883 |     asyncio.windows_events
import time:       807 |     114237 |   asyncio
import time:      1448 |       1448 |       glob
import time:      1813 |       3261 |     pathlib._abc
import time:       557 |        557 |       pwd
import time:       304 |        304 |       grp
import time:      1273 |       2133 |     pathlib._local
import time:      1239 |       6632 |   pathlib
import time:       220 |        220 |     _datetime
import time:       630 |        849 |   datetime
import time:      2320 |       2320 |     starlette
import time:      1189 |       1189 |         http
import time:      1702 |       2890 |       starlette.exceptions
import time:      2646 |       5536 |     starlette.status
import time:      2331 |       2331 |         annotated_doc.main
import time:      1428 |       3758 |       annotated_doc
import time:       597 |        597 |         copy
import time:       416 |        416 |           email
import time:       401 |        401 |           quopri
import time:       388 |        388 |               urllib
import time:      2150 |       2150 |               ipaddress
import time:      1505 |       4042 |             urllib.parse
import time:       660 |        660 |             email._parseaddr
import time:       683 |       5384 |           email.utils
import time:       751 |        751 |           email.errors
import time:       502 |        502 |               email.quoprimime
import time:       341 |        341 |               email.base64mime
import time:       327 |        327 |                 email.encoders
import time:       429 |        755 |               email.charset
import time:      1341 |       2939 |             email.header
import time:       802 |       3741 |           email._policybase
import time:       951 |        951 |           email._encoded_words
import time:       658 |        658 |           email.iterators
import time:      1117 |      13415 |         email.message
import time:        82 |         82 |               _json
import time:       567 |        648 |             json.scanner
import time:      1029 |       1677 |           json.decoder
import time:      1030 |       1030 |           json.encoder
import time:      1102 |       3807 |         json
import time:      1371 |       1371 |         dataclasses
import time:      2000 |       2000 |             anyio._core
import time:      2353 |       4353 |           anyio._core._contextmanagers
import time:      2441 |       2441 |             anyio._core._exceptions
import time:      1450 |       1450 |               sniffio._version
import time:      1427 |       1427 |               sniffio._impl
import time:      1746 |       4623 |             sniffio
import time:      2147 |       9210 |           anyio._core._eventloop
import time:      1710 |       1710 |             anyio.to_thread
import time:      1943 |       1943 |               anyio.abc._eventloop
import time:      1208 |       1208 |               anyio.abc._resources
import time:      1599 |       1599 |                 anyio._core._typedattr
import time:      1408 |       1408 |                   anyio.abc._tasks
import time:      2746 |       4154 |                 anyio.abc._streams
import time:      1700 |       7452 |               anyio.abc._sockets
import time:      1454 |       1454 |               anyio.abc._subprocesses
import time:      2201 |       2201 |               anyio.abc._testing
import time:      2542 |       2542 |                 anyio.lowlevel
import time:      1594 |       1594 |                 anyio._core._tasks
import time:      1133 |       1133 |                 anyio._core._testing
import time:      4924 |      10191 |               anyio._core._synchronization
import time:      2144 |       2144 |               anyio.from_thread
import time:      1646 |      28237 |             anyio.abc
import time:      2954 |      32901 |           anyio._core._fileio
import time:      1099 |       1099 |           anyio._core._resources
import time:      1005 |       1005 |           anyio._core._signals
import time:      1129 |       1129 |               anyio.streams
import time:      2202 |       3331 |             anyio.streams.stapled
import time:      2251 |       2251 |             anyio.streams.tls
import time:      2071 |       7652 |           anyio._core._sockets
import time:      3112 |       3112 |             anyio.streams.memory
import time:      1475 |       4586 |           anyio._core._streams
import time:      1093 |       1093 |           anyio._core._subprocesses
import time:        48 |         48 |                   _bisect
import time:       334 |        381 |                 bisect
import time:        36 |         36 |                 _random
import time:       628 |       1045 |               random
import time:       671 |       1715 |             tempfile
import time:      1463 |       3178 |           anyio._core._tempfile
import time:      2249 |      67322 |         anyio
import time:      2609 |       2609 |                       typing_extensions
import time:      1804 |       1804 |                       pydantic_core._pydantic_core
import time:       585 |        585 |                             numbers
import time:      1384 |       1969 |                           _decimal
import time:       452 |       2420 |                         decimal
import time:     10126 |      12546 |                       pydantic_core.core_schema
import time:      1185 |      18142 |                     pydantic_core
import time:       390 |      18532 |                   pydantic.version
import time:       544 |      19076 |                 pydantic.warnings
import time:       682 |      19758 |               pydantic._migration
import time:       515 |        515 |                   typing_inspection
import time:      1640 |       1640 |                   typing_inspection.typing_objects
import time:      1391 |       3546 |                 typing_inspection.introspection
import time:       777 |        777 |                 pydantic._internal
import time:       722 |        722 |                     pydantic._internal._namespace_utils
import time:       762 |       1484 |                   pydantic._internal._typing_extra
import time:       774 |       2257 |                 pydantic._internal._repr
import time:       796 |       7375 |               pydantic.errors
import time:      1009 |      28141 |             pydantic
import time:       375 |        375 |                 pydantic._internal._internal_dataclass
import time:      3069 |       3443 |               pydantic.aliases
import time:      3073 |       3073 |               pydantic.config
import time:       884 |       7400 |             pydantic._internal._config
import time:       534 |        534 |               pydantic._internal._core_utils
import time:       455 |        455 |                 pydantic._internal._import_utils
import time:      1776 |       2231 |               pydantic._internal._utils
import time:      4587 |       7351 |             pydantic._internal._decorators
import time:      1165 |       1165 |                 pydantic._internal._forward_ref
import time:       817 |       1982 |               pydantic._internal._generics
import time:       496 |        496 |               pydantic._internal._docs_extraction
import time:      1437 |       3913 |             pydantic._internal._fields
import time:      1473 |       1473 |                 pydantic.plugin
import time:      1019 |       2492 |               pydantic.plugin._schema_validator
import time:       679 |       3171 |             pydantic._internal._mock_val_ser
import time:      2094 |       2094 |                 fractions
import time:      2612 |       2612 |                     sysconfig
import time:        82 |         82 |                     _sysconfig
import time:      2608 |       5301 |                   zoneinfo._tzpath
import time:       682 |        682 |                   zoneinfo._common
import time:      1521 |       1521 |                   _zoneinfo
import time:      1197 |       8699 |                 zoneinfo
import time:       773 |        773 |                 pydantic.annotated_handlers
import time:      5287 |       5287 |                 pydantic.functional_validators
import time:       984 |        984 |                   pydantic._internal._core_metadata
import time:       646 |        646 |                   pydantic._internal._schema_generation_shared
import time:      3164 |       4794 |                 pydantic.json_schema
import time:       637 |        637 |                 pydantic._internal._discriminated_union
import time:       619 |        619 |                 pydantic._internal._known_annotated_metadata
import time:      1196 |       1196 |                 pydantic._internal._schema_gather
import time:      2448 |      26544 |               pydantic._internal._generate_schema
import time:       668 |        668 |               pydantic._internal._signature
import time:       996 |      28208 |             pydantic._internal._model_construction
import time:     16940 |      16940 |               annotated_types
import time:      1092 |       1092 |               pydantic._internal._validators
import time:     12769 |      12769 |               pydantic.types
import time:      5622 |      36421 |             pydantic.fields
import time:      1001 |       1001 |                     importlib._abc
import time:       593 |       1594 |                   importlib.util
import time:       979 |        979 |                     zipfile._path.glob
import time:      1679 |       2658 |                   zipfile._path
import time:      2186 |       6437 |                 zipfile
import time:      1236 |       1236 |                 importlib.metadata._meta
import time:      1073 |       1073 |                 importlib.metadata._collections
import time:       614 |        614 |                 importlib.metadata._functools
import time:       552 |        552 |                 importlib.metadata._itertools
import time:      1249 |       1249 |                       importlib.resources.abc
import time:      1954 |       3202 |                     importlib.resources._common
import time:       668 |        668 |                     importlib.resources._functional
import time:      1101 |       4970 |                   importlib.resources
import time:      1031 |       6001 |                 importlib.abc
import time:      2946 |      18857 |               importlib.metadata
import time:       825 |      19682 |             pydantic.plugin._loader
import time:     50607 |     184890 |           fastapi.exceptions
import time:      2123 |       2123 |             fastapi.openapi
import time:      1837 |       1837 |                 fastapi.types
import time:      1120 |       1120 |                   shlex
import time:      1746 |       1746 |                   starlette.concurrency
import time:      1936 |       1936 |                   starlette.types
import time:      4688 |       9489 |                 starlette.datastructures
import time:      2544 |      13869 |               fastapi._compat.shared
import time:      2140 |       2140 |                 fastapi.openapi.constants
import time:      5710 |       7850 |               fastapi._compat.v2
import time:      2719 |      24437 |             fastapi._compat
import time:      2001 |       2001 |             fastapi.logger
import time:       416 |        416 |             email_validator
import time:    156663 |     185639 |           fastapi.openapi.models
import time:      2126 |       2126 |           fastapi.datastructures
import time:      3879 |     376532 |         fastapi.params
import time:      1490 |       1490 |           fastapi.dependencies
import time:       909 |        909 |                 fastapi.security.base
import time:      2823 |       2823 |                   http.cookies
import time:      1617 |       1617 |                   starlette._utils
import time:      1430 |       1430 |                           python_multipart.exceptions
import time:      1310 |       2739 |                         python_multipart.decoders
import time:      2627 |       5366 |                       python_multipart.multipart
import time:      1259 |       6625 |                     python_multipart
import time:      2517 |       9142 |                   starlette.formparsers
import time:      1615 |      15195 |                 starlette.requests
import time:      1752 |      17855 |               fastapi.security.api_key
import time:      1012 |       1012 |                 fastapi.security.utils
import time:      2966 |       3978 |               fastapi.security.http
import time:      2256 |       2256 |                 fastapi.param_functions
import time:      2468 |       4723 |               fastapi.security.oauth2
import time:      1262 |       1262 |               fastapi.security.open_id_connect_url
import time:      1950 |      29766 |             fastapi.security
import time:       109 |      29875 |           fastapi.security.base
import time:      3943 |      35306 |         fastapi.dependencies.models
import time:      1063 |       1063 |             starlette.background
import time:      1050 |       2113 |           fastapi.background
import time:      1222 |       1222 |           fastapi.concurrency
import time:      1112 |       1112 |           fastapi.utils
import time:      2673 |       2673 |               _hashlib
import time:        69 |         69 |               _blake2
import time:       534 |       3275 |             hashlib
import time:       523 |        523 |             mimetypes
import time:       408 |        408 |               hmac
import time:       356 |        763 |             secrets
import time:      1334 |       5893 |           starlette.responses
import time:      1849 |       1849 |           starlette.websockets
import time:      2785 |      14971 |         fastapi.dependencies.utils
import time:      1041 |       1041 |             colorsys
import time:      1507 |       2547 |           pydantic.color
import time:       185 |        185 |             pydantic_extra_types
import time:        28 |        212 |           pydantic_extra_types.color
import time:      1425 |       4183 |         fastapi.encoders
import time:      2815 |       2815 |         fastapi.sse
import time:      1041 |       1041 |           starlette._exception_handler
import time:      1194 |       1194 |           starlette.convertors
import time:      1183 |       1183 |           starlette.middleware
import time:      1253 |       1253 |           starlette.middleware.body_limit
import time:      2180 |       6848 |         starlette.routing
import time:      1991 |       1991 |         starlette.staticfiles
import time:     10931 |     540084 |       fastapi.routing
import time:       974 |        974 |         fastapi.websockets
import time:      1271 |       2245 |       fastapi.exception_handlers
import time:       877 |        877 |         fastapi.middleware
import time:      1095 |       1972 |       fastapi.middleware.asyncexitstack
import time:       966 |        966 |       fastapi.openapi.docs
import time:      1141 |       1141 |             email.feedparser
import time:       493 |       1634 |           email.parser
import time:      1474 |       3107 |         http.client
import time:      2073 |       2073 |           orjson.orjson
import time:      2852 |       4925 |         fastapi.responses
import time:      2104 |      10136 |       fastapi.openapi.utils
import time:      1301 |       1301 |             html.entities
import time:       653 |       1953 |           html
import time:      1105 |       3058 |         starlette.middleware.errors
import time:       993 |        993 |         starlette.middleware.exceptions
import time:      1214 |       5265 |       starlette.applications
import time:      1368 |       1368 |       starlette.middleware.base
import time:      3199 |     568989 |     fastapi.applications
import time:      1388 |       1388 |     fastapi.requests
import time:      2406 |     580637 |   fastapi
import time:      1032 |       1032 |     starlette.middleware.cors
import time:       918 |       1949 |   fastapi.middleware.cors
import time:      1550 |       1550 |         dotenv.parser
import time:       670 |        670 |         dotenv.variables
import time:       912 |       3130 |       dotenv.main
import time:       529 |       3659 |     dotenv
import time:       528 |        528 |       pydantic_settings.exceptions
import time:      1233 |       1233 |           gettext
import time:      5229 |       6461 |         argparse
import time:       554 |        554 |           pydantic._internal._dataclasses
import time:       662 |       1215 |         pydantic.dataclasses
import time:       501 |        501 |             pydantic_settings.utils
import time:       608 |        608 |             pydantic_settings.sources.types
import time:      2083 |       2083 |             pydantic_settings.sources.utils
import time:      1053 |       4244 |           pydantic_settings.sources.base
import time:       591 |        591 |                 pydantic_settings.sources.providers.env
import time:       775 |       1365 |               pydantic_settings.sources.providers.aws
import time:       386 |        386 |                 pydantic.alias_generators
import time:       567 |        952 |               pydantic_settings.sources.providers.azure
import time:      3175 |       3175 |               pydantic_settings.sources.providers.cli
import time:       526 |        526 |               pydantic_settings.sources.providers.dotenv
import time:       643 |        643 |               pydantic_settings.sources.providers.gcp
import time:       713 |        713 |               pydantic_settings.sources.providers.json
import time:       533 |        533 |                 pydantic_settings.sources.providers.toml
import time:       684 |       1216 |               pydantic_settings.sources.providers.pyproject
import time:      1312 |       1312 |               pydantic_settings.sources.providers.secrets
import time:       801 |        801 |               pydantic_settings.sources.providers.yaml
import time:       731 |      11430 |             pydantic_settings.sources.providers
import time:        54 |      11483 |           pydantic_settings.sources.providers.aws
import time:      1873 |       1873 |           pydantic_settings.sources.providers.nested_secrets
import time:       760 |      18358 |         pydantic_settings.sources
import time:      2227 |      28260 |       pydantic_settings.main
import time:       508 |        508 |       pydantic_settings.version
import time:       591 |      29886 |     pydantic_settings
import time:       585 |        585 |           _compat_pickle
import time:       135 |        135 |           _pickle
import time:      1367 |       2086 |         pickle
import time:      1082 |       1082 |           _queue
import time:       591 |       1673 |         queue
import time:      1143 |       4901 |       logging.handlers
import time:       628 |        628 |             importlib.metadata._text
import time:      1181 |       1808 |           importlib.metadata._adapters
import time:      2752 |       4559 |         portalocker.__about__
import time:       763 |        763 |         portalocker.constants
import time:      1437 |       1437 |           portalocker.types
import time:       709 |       2145 |         portalocker.exceptions
import time:      2244 |       2244 |         portalocker.portalocker
import time:      3827 |       3827 |         portalocker.utils
import time:       323 |        323 |             redis
import time:        47 |        370 |           redis.client
import time:       725 |       1094 |         portalocker.redis
import time:       946 |      15575 |       portalocker
import time:       192 |        192 |       grp
import time:       747 |        747 |       gzip
import time:      1146 |      22558 |     concurrent_log_handler
import time:     28271 |      84372 |   config
import time:       622 |        622 |     services
import time:      2562 |       2562 |       pkgutil
import time:      3710 |       3710 |       pymilvus.client
import time:       455 |        455 |                 google
import time:      1700 |       2155 |               google.protobuf
import time:      1322 |       1322 |                 google.protobuf.internal
import time:       111 |        111 |                   google.protobuf.internal._api_implementation
import time:      2410 |       2410 |                   google.protobuf.message
import time:      1547 |       1547 |                   google.protobuf.internal.enum_type_wrapper
import time:       118 |        118 |                   google.protobuf.enable_deterministic_proto_serialization
import time:      4721 |       8906 |                 google.protobuf.internal.api_implementation
import time:      2871 |      13099 |               google.protobuf.descriptor
import time:      1810 |       1810 |                 google.protobuf.descriptor_database
import time:      1545 |       1545 |                 google.protobuf.text_encoding
import time:      1128 |       1128 |                 google.protobuf.internal.python_edition_defaults
import time:      1776 |       1776 |                     encodings.raw_unicode_escape
import time:      2303 |       2303 |                     encodings.unicode_escape
import time:      2251 |       2251 |                       google.protobuf.internal.containers
import time:      1308 |       1308 |                         google.protobuf.internal.wire_format
import time:      1955 |       3262 |                       google.protobuf.internal.encoder
import time:      2332 |       7844 |                     google.protobuf.internal.decoder
import time:      1588 |       1588 |                     google.protobuf.internal.type_checkers
import time:      1296 |       1296 |                     google.protobuf.unknown_fields
import time:      3170 |      17976 |                   google.protobuf.text_format
import time:      2932 |       2932 |                   google.protobuf.internal.extension_dict
import time:      1773 |       1773 |                   google.protobuf.internal.message_listener
import time:      2420 |       2420 |                     calendar
import time:      1580 |       1580 |                     google.protobuf.internal.field_mask
import time:      2483 |       6482 |                   google.protobuf.internal.well_known_types
import time:      1817 |      30978 |                 google.protobuf.internal.python_message
import time:      2247 |      37707 |               google.protobuf.descriptor_pool
import time:      1566 |       1566 |               google.protobuf.runtime_version
import time:      1042 |       1042 |                   google.protobuf.pyext
import time:      2521 |       2521 |                   google.protobuf.pyext.cpp_message
import time:      1295 |       4857 |                 google.protobuf.message_factory
import time:      1350 |       6207 |               google.protobuf.symbol_database
import time:      1181 |       1181 |                 google.protobuf.reflection
import time:      2047 |       3228 |               google.protobuf.internal.builder
import time:      3564 |       3564 |                 google.protobuf.descriptor_pb2
import time:      2403 |       5967 |               pymilvus.grpc_gen.common_pb2
import time:      2784 |      72710 |             pymilvus.grpc_gen.schema_pb2
import time:      1419 |       1419 |               pymilvus.grpc_gen.rg_pb2
import time:      1780 |       1780 |               pymilvus.grpc_gen.feder_pb2
import time:      3880 |       3880 |               pymilvus.grpc_gen.msg_pb2
import time:      7123 |      14200 |             pymilvus.grpc_gen.milvus_pb2
import time:      3424 |       3424 |                   grpc._cython
import time:      2524 |       2524 |                       grpc._typing
import time:      1821 |       4345 |                     grpc._observability
import time:     25372 |      29717 |                   grpc._cython.cygrpc
import time:      4869 |      38009 |                 grpc._compression
import time:      1483 |       1483 |                 grpc._runtime_protos
import time:      1006 |       1006 |                 grpc._grpcio_metadata
import time:       252 |        252 |                 grpc_tools
import time:       159 |        159 |                 grpc_health
import time:       141 |        141 |                 grpc_reflection
import time:      1505 |       1505 |                     grpc.aio._metadata
import time:      1168 |       1168 |                     grpc.aio._typing
import time:      1874 |       4546 |                   grpc.aio._base_call
import time:      1758 |       1758 |                   grpc.aio._base_channel
import time:      2736 |       2736 |                   grpc.aio._base_server
import time:      1751 |       1751 |                     grpc._common
import time:      3811 |       5561 |                   grpc.aio._call
import time:      1280 |       1280 |                       grpc.aio._utils
import time:      2704 |       3984 |                     grpc.aio._interceptor
import time:      2161 |       6144 |                   grpc.aio._channel
import time:      1684 |       1684 |                   grpc.aio._server
import time:      1532 |      23958 |                 grpc.aio
import time:      3647 |      68653 |               grpc
import time:      2481 |       2481 |               grpc._utilities
import time:      5597 |      76730 |             pymilvus.grpc_gen.milvus_pb2_grpc
import time:      1870 |     165508 |           pymilvus.grpc_gen
import time:      3085 |     168593 |         pymilvus.exceptions
import time:       849 |        849 |             socketserver
import time:      2429 |       3278 |           logging.config
import time:      7579 |      10856 |         pymilvus.settings
import time:      1095 |       1095 |               dateutil._version
import time:      2834 |       3928 |             dateutil
import time:      2084 |       2084 |               six
import time:      2203 |       2203 |               dateutil._common
import time:        93 |         93 |                 six.moves
import time:      2746 |       2746 |                 dateutil.tz._common
import time:      1240 |       1240 |                 dateutil.tz._factories
import time:      1744 |       1744 |                     _ctypes
import time:       741 |        741 |                     ctypes._endian
import time:      1305 |       3789 |                   ctypes
import time:      1684 |       1684 |                   ctypes.wintypes
import time:      1456 |       6928 |                 dateutil.tz.win
import time:      7642 |      18647 |               dateutil.tz.tz
import time:      7326 |      30259 |             dateutil.parser._parser
import time:      2512 |       2512 |             dateutil.parser.isoparser
import time:      1533 |      38231 |           dateutil.parser
import time:      1232 |       1232 |           pymilvus.client.constants
import time:       540 |        540 |               numpy.version
import time:       432 |        432 |               numpy._expired_attrs_2_0
import time:       750 |        750 |                   numpy._utils._conversions
import time:       569 |       1319 |                 numpy._utils
import time:       634 |       1953 |               numpy._globals
import time:       144 |        144 |                 numpy._distributor_init_local
import time:       698 |        841 |               numpy._distributor_init
import time:       766 |        766 |                         numpy.exceptions
import time:       660 |        660 |                         numpy._core._exceptions
import time:       424 |        424 |                         numpy._core.printoptions
import time:       623 |        623 |                         numpy.dtypes
import time:      7572 |      10043 |                       numpy._core._multiarray_umath
import time:       419 |        419 |                         numpy._utils._inspect
import time:       678 |       1097 |                       numpy._core.overrides
import time:      3851 |      14989 |                     numpy._core.multiarray
import time:       491 |        491 |                     numpy._core.umath
import time:      1068 |       1068 |                       numpy._core._string_helpers
import time:      1913 |       1913 |                       numpy._core._type_aliases
import time:       769 |       3749 |                     numpy._core.numerictypes
import time:       486 |        486 |                             numpy._core._methods
import time:      1051 |       1537 |                           numpy._core.fromnumeric
import time:       564 |       2100 |                         numpy._core.shape_base
import time:       444 |        444 |                         numpy._core._ufunc_config
import time:       413 |        413 |                         numpy._core._asarray
import time:      1016 |       1016 |                         numpy._core.arrayprint
import time:      1212 |       5183 |                       numpy._core.numeric
import time:       750 |       5933 |                     numpy._core.einsumfunc
import time:       559 |        559 |                     numpy._core.function_base
import time:       506 |        506 |                     numpy._core.getlimits
import time:       442 |        442 |                     numpy._core.memmap
import time:       725 |        725 |                     numpy._core.records
import time:      6518 |       6518 |                     numpy._core._add_newdocs
import time:      1586 |       1586 |                     numpy._core._add_newdocs_scalars
import time:       730 |        730 |                     numpy._core._dtype
import time:       410 |        410 |                     numpy._core._dtype_ctypes
import time:      1036 |       1036 |                     numpy._core._internal
import time:       442 |        442 |                     numpy._pytesttester
import time:      1735 |      39845 |                   numpy._core
import time:        54 |      39898 |                 numpy._core._multiarray_umath
import time:       924 |      40822 |               numpy.__config__
import time:       635 |        635 |                                 numpy._typing._nbit_base
import time:       493 |        493 |                                 numpy._typing._nested_sequence
import time:       340 |        340 |                                 numpy._typing._shape
import time:       878 |       2343 |                               numpy._typing._array_like
import time:       743 |        743 |                               numpy._typing._char_codes
import time:       706 |        706 |                               numpy._typing._dtype_like
import time:       363 |        363 |                               numpy._typing._nbit
import time:       346 |        346 |                               numpy._typing._scalars
import time:       314 |        314 |                               numpy._typing._ufunc
import time:       706 |       5518 |                             numpy._typing
import time:       433 |        433 |                                 numpy.lib._array_utils_impl
import time:       602 |       1035 |                               numpy.lib._stride_tricks_impl
import time:       646 |       1680 |                             numpy.lib._twodim_base_impl
import time:       394 |        394 |                             numpy.lib.array_utils
import time:       751 |        751 |                             numpy.linalg._umath_linalg
import time:      2098 |      10440 |                           numpy.linalg._linalg
import time:       412 |      10851 |                         numpy.linalg
import time:       660 |      11511 |                       numpy.matrixlib.defmatrix
import time:       393 |      11904 |                     numpy.matrixlib
import time:       553 |        553 |                       numpy.lib._histograms_impl
import time:      1377 |       1929 |                     numpy.lib._function_base_impl
import time:       852 |      14683 |                   numpy.lib._index_tricks_impl
import time:       801 |      15484 |                 numpy.lib._arraypad_impl
import time:      1011 |       1011 |                 numpy.lib._arraysetops_impl
import time:       448 |        448 |                 numpy.lib._arrayterator_impl
import time:       640 |        640 |                 numpy.lib._nanfunctions_impl
import time:      1959 |       1959 |                           _wmi
import time:      1328 |       3287 |                         platform
import time:       619 |       3905 |                       numpy.lib._utils_impl
import time:       587 |       4492 |                     numpy.lib._format_impl
import time:       456 |       4947 |                   numpy.lib.format
import time:      1272 |       1272 |                   numpy.lib._datasource
import time:      1330 |       1330 |                   numpy.lib._iotools
import time:      2034 |       9582 |                 numpy.lib._npyio_impl
import time:       875 |        875 |                     numpy.lib._ufunclike_impl
import time:      1175 |       2050 |                   numpy.lib._type_check_impl
import time:      1546 |       3595 |                 numpy.lib._polynomial_impl
import time:       652 |        652 |                 numpy.lib._shape_base_impl
import time:       416 |        416 |                 numpy.lib._version
import time:       343 |        343 |                 numpy.lib.introspect
import time:       423 |        423 |                 numpy.lib.mixins
import time:       440 |        440 |                 numpy.lib.npyio
import time:       633 |        633 |                   numpy.lib._scimath_impl
import time:       401 |       1034 |                 numpy.lib.scimath
import time:       343 |        343 |                 numpy.lib.stride_tricks
import time:       933 |      35338 |               numpy.lib
import time:       684 |        684 |               numpy._array_api_info
import time:      2030 |      82637 |             numpy
import time:      8801 |      91438 |           pymilvus.client.types
import time:      1688 |     132587 |         pymilvus.client.utils
import time:      4762 |       4762 |               pymilvus.client.type_info
import time:      2053 |       6815 |             pymilvus.client.field_data_extractors
import time:      2212 |       9026 |           pymilvus.client.entity_helper
import time:      2076 |       2076 |           pymilvus.client.search_aggregation
import time:      2125 |      13225 |         pymilvus.client.search_result
import time:      3946 |     329205 |       pymilvus.client.abstract
import time:      2234 |       2234 |       pymilvus.client.asynch
import time:      1696 |       1696 |       pymilvus.client.field_ops
import time:      5163 |       5163 |             pymilvus.function_chain.chain
import time:      2063 |       7226 |           pymilvus.function_chain.fn
import time:      1822 |       9048 |         pymilvus.function_chain
import time:      1504 |       1504 |           pymilvus.orm
import time:    374479 |     374479 |               pandas.compat._constants
import time:      2165 |       2165 |                   pandas.util
import time:      6712 |       8877 |                 pandas.util.version
import time:      3175 |      12052 |               pandas.compat.numpy
import time:      2590 |       2590 |                   pyarrow._generated_version
import time:       309 |        309 |                     cloudpickle
import time:       237 |        237 |                       gc
import time:      2623 |       2860 |                     pyarrow.util
import time:     77402 |      80570 |                   pyarrow.lib
import time:      1610 |       1610 |                   pyarrow.ipc
import time:      1892 |       1892 |                   pyarrow.types
import time:      5569 |      92230 |                 pyarrow
import time:      3202 |      95431 |               pandas.compat.pyarrow
import time:      1671 |     483633 |             pandas.compat
import time:      1553 |       1553 |                     numpy._typing._add_docstring
import time:      1391 |       2943 |                   numpy.typing
import time:      3496 |       3496 |                         numpy.random._common
import time:      2716 |       6212 |                       numpy.random.bit_generator
import time:      2541 |       8752 |                     numpy.random._bounded_integers
import time:      1704 |       1704 |                         numpy.random._pcg64
import time:      5714 |       7417 |                       numpy.random._generator
import time:      1491 |       1491 |                       numpy.random._mt19937
import time:      1356 |       1356 |                       numpy.random._philox
import time:      1395 |       1395 |                       numpy.random._sfc64
import time:     11070 |      11070 |                       numpy.random.mtrand
import time:      1923 |      24649 |                     numpy.random._pickle
import time:      2278 |      35678 |                   numpy.random
import time:      4529 |      43149 |                 pandas._typing
import time:      1262 |       1262 |                 pandas.util._exceptions
import time:      2193 |      46602 |               pandas._config.config
import time:      1151 |       1151 |               pandas._config.dates
import time:       966 |        966 |               pandas._config.display
import time:      1595 |      50314 |             pandas._config
import time:       927 |        927 |               pandas.core
import time:      1428 |       1428 |                     pandas._libs.pandas_parser
import time:      1089 |       1089 |                     pandas._libs.pandas_datetime
import time:      2097 |       2097 |                                   pandas._libs._cyutility
import time:      1420 |       3517 |                                 pandas._libs.tslibs.ccalendar
import time:      1494 |       1494 |                                 pandas._libs.tslibs.np_datetime
import time:      2980 |       7990 |                               pandas._libs.tslibs.dtypes
import time:      1088 |       1088 |                                 pandas._libs.tslibs.base
import time:      2258 |       2258 |                                     pandas._libs.tslibs.nattype
import time:      2062 |       2062 |                                         zoneinfo._zoneinfo
import time:      1697 |       1697 |                                         pandas.compat._optional
import time:      4964 |       8722 |                                       pandas._libs.tslibs.timezones
import time:      1265 |       1265 |                                         pandas._libs.properties
import time:      1487 |       2752 |                                       pandas.util._decorators
import time:      2149 |       2149 |                                         _strptime
import time:      1093 |       1093 |                                         pandas._config.localization
import time:      1862 |       5103 |                                       pandas._libs.tslibs.fields
import time:      3660 |      20236 |                                     pandas._libs.tslibs.timedeltas
import time:      2194 |       2194 |                                     pandas._libs.tslibs.tzconversion
import time:      4275 |      28962 |                                   pandas._libs.tslibs.timestamps
import time:      1389 |       1389 |                                   dateutil.easter
import time:      8392 |      38741 |                                 pandas._libs.tslibs.offsets
import time:      3101 |       3101 |                                   pandas._libs.tslibs.strptime
import time:      2128 |       5229 |                                 pandas._libs.tslibs.parsing
import time:      2148 |      47204 |                               pandas._libs.tslibs.conversion
import time:      2934 |       2934 |                               pandas._libs.tslibs.period
import time:      1527 |       1527 |                               pandas._libs.tslibs.vectorized
import time:      1733 |      61385 |                             pandas._libs.tslibs
import time:        80 |      61464 |                           pandas._libs.tslibs.nattype
import time:      1408 |       1408 |                           pandas._libs.ops_dispatch
import time:      3485 |      66357 |                         pandas._libs.missing
import time:      8221 |      74577 |                       pandas._libs.hashtable
import time:      2478 |       2478 |                       pandas._libs.algos
import time:      3123 |      80178 |                     pandas._libs.interval
import time:       972 |      83665 |                   pandas._libs
import time:        48 |      83713 |                 pandas._libs.tslibs
import time:      2958 |      86670 |               pandas.errors
import time:      2808 |      90403 |             pandas.core.config_init
import time:       907 |        907 |                 pandas.core.dtypes
import time:      3050 |       3050 |                 pandas._libs.lib
import time:      2862 |       2862 |                   pandas.core.dtypes.generic
import time:      1512 |       4374 |                 pandas.core.dtypes.base
import time:      3641 |       3641 |                 pandas.core.dtypes.inference
import time:      3289 |      15259 |               pandas.core.dtypes.dtypes
import time:      1422 |       1422 |                 pandas.core.dtypes.common
import time:      1522 |       2944 |               pandas.core.dtypes.missing
import time:       930 |        930 |                     pandas.io
import time:      1763 |       2693 |                   pandas.io._util
import time:      2363 |       5055 |                 pandas.core.dtypes.cast
import time:      2344 |       2344 |                   pandas.core.dtypes.astype
import time:      1267 |       3611 |                 pandas.core.dtypes.concat
import time:      2366 |       2366 |                   pandas.core.array_algos
import time:     11724 |      11724 |                       numpy.ma.core
import time:      3389 |       3389 |                       numpy.ma.extras
import time:      1212 |      16324 |                     numpy.ma
import time:      1445 |       1445 |                       pandas.core.col
import time:      1593 |       3038 |                     pandas.core.common
import time:      1382 |      20743 |                   pandas.core.construction
import time:      1595 |      24703 |                 pandas.core.array_algos.take
import time:      1369 |       1369 |                   pandas.core.indexers.utils
import time:      1381 |       2750 |                 pandas.core.indexers
import time:      1738 |      37854 |               pandas.core.algorithms
import time:     17899 |      17899 |                       pyarrow._compute
import time:      1476 |       1476 |                       pyarrow._compute_docstrings
import time:      1090 |       1090 |                       pyarrow.vendored
import time:      1066 |       1066 |                             _pyrepl
import time:      1301 |       2366 |                           _pyrepl.pager
import time:      2357 |       4723 |                         pydoc
import time:      2802 |       7524 |                       pyarrow.vendored.docscrape
import time:     31134 |      59121 |                     pyarrow.compute
import time:      2353 |      61473 |                   pandas.core.arrays.arrow.accessors
import time:      1205 |       1205 |                     unicodedata
import time:      1448 |       1448 |                     pandas.core.missing
import time:      2654 |       2654 |                         pandas._libs.ops
import time:      1468 |       1468 |                         pandas.core.roperator
import time:      1269 |       1269 |                         pandas.core.computation
import time:      1511 |       1511 |                           pandas.core.computation.check
import time:      1866 |       3377 |                         pandas.core.computation.expressions
import time:      1399 |       1399 |                         pandas.core.ops.missing
import time:      1390 |       1390 |                         pandas.core.ops.dispatch
import time:      1481 |       1481 |                         pandas.core.ops.invalid
import time:      2704 |      15738 |                       pandas.core.ops.array_ops
import time:      1533 |       1533 |                       pandas.core.ops.common
import time:      2158 |       2158 |                       pandas.core.ops.docstrings
import time:      1618 |       1618 |                       pandas.core.ops.mask_ops
import time:      1354 |      22399 |                     pandas.core.ops
import time:      1822 |       1822 |                     pandas.core.arraylike
import time:      1664 |       1664 |                     pandas.core.arrays._arrow_string_mixins
import time:      5842 |       5842 |                     pandas.core.arrays._utils
import time:      1986 |       1986 |                         pandas.util._validators
import time:      2685 |       4671 |                       pandas.compat.numpy.function
import time:      1693 |       1693 |                       pandas.core.array_algos.quantile
import time:      1770 |       1770 |                       pandas.core.sorting
import time:      3376 |      11509 |                     pandas.core.arrays.base
import time:      3256 |       3256 |                       pandas.core.nanops
import time:      1997 |       1997 |                       pandas.core.array_algos.masked_accumulations
import time:      1915 |       1915 |                       pandas.core.array_algos.masked_reductions
import time:      2603 |       2603 |                       pandas.core.array_algos.transforms
import time:      1756 |       1756 |                         pandas.core.util
import time:      2411 |       2411 |                         pandas._libs.hashing
import time:      2323 |       6490 |                       pandas.core.util.hashing
import time:      2736 |      18994 |                     pandas.core.arrays.masked
import time:      1837 |       1837 |                       pandas._libs.arrays
import time:      3302 |       3302 |                         pandas.core.arrays.numeric
import time:      1945 |       5246 |                       pandas.core.arrays.floating
import time:      1719 |       1719 |                       pandas.core.arrays.integer
import time:      1698 |       1698 |                         pandas.core.arrays._mixins
import time:      1067 |       1067 |                           pandas.core.strings
import time:      1776 |       2843 |                         pandas.core.strings.object_array
import time:      1618 |       6159 |                       pandas.core.arrays.numpy_
import time:      1608 |       1608 |                       pandas.io.formats
import time:      1025 |       1025 |                         pandas.io.formats.console
import time:      1455 |       2479 |                       pandas.io.formats.printing
import time:      2219 |      21265 |                     pandas.core.arrays.string_
import time:      1288 |       1288 |                       pandas.tseries
import time:      1528 |       2815 |                     pandas.tseries.frequencies
import time:      2820 |      91777 |                   pandas.core.arrays.arrow.array
import time:      1134 |     154384 |                 pandas.core.arrays.arrow
import time:      1200 |       1200 |                 pandas.core.arrays.boolean
import time:       434 |        434 |                     _csv
import time:      1402 |       1835 |                   csv
import time:      1342 |       1342 |                   pandas.core.accessor
import time:      1515 |       1515 |                   pandas.core.base
import time:      4140 |       8832 |                 pandas.core.arrays.categorical
import time:      1849 |       1849 |                   pandas._libs.tslib
import time:      1184 |       1184 |                     pandas.core.array_algos.datetimelike_accumulations
import time:      2124 |       3307 |                   pandas.core.arrays.datetimelike
import time:      1186 |       1186 |                   pandas.core.arrays._ranges
import time:      1245 |       1245 |                   pandas.tseries.offsets
import time:      1948 |       9534 |                 pandas.core.arrays.datetimes
import time:      1504 |       1504 |                   pandas.core.arrays.timedeltas
import time:      1818 |       3322 |                 pandas.core.arrays.interval
import time:      1636 |       1636 |                 pandas.core.arrays.period
import time:      3228 |       3228 |                       pandas._libs.sparse
import time:      2975 |       6203 |                     pandas.core.arrays.sparse.array
import time:      1377 |       7579 |                   pandas.core.arrays.sparse.accessor
import time:      1277 |       8855 |                 pandas.core.arrays.sparse
import time:      1841 |       1841 |                 pandas.core.arrays.string_arrow
import time:      1143 |     190743 |               pandas.core.arrays
import time:      1041 |       1041 |               pandas.core.flags
import time:      2272 |       2272 |                     pandas._libs.internals
import time:       983 |        983 |                       pandas.core._numba
import time:       836 |        836 |                       pandas.core.util.numba_
import time:      1261 |       3079 |                     pandas.core._numba.executor
import time:      2409 |       7760 |                   pandas.core.apply
import time:      1184 |       1184 |                     pandas.errors.cow
import time:      1762 |       1762 |                         pandas._libs.indexing
import time:      1106 |       1106 |                           pandas.core.indexes
import time:      3101 |       3101 |                             pandas._libs.index
import time:      1106 |       1106 |                             pandas._libs.writers
import time:      2849 |       2849 |                             pandas._libs.join
import time:      1751 |       1751 |                             pandas.core.array_algos.putmask
import time:      1076 |       1076 |                             pandas.core.indexes.frozen
import time:      1834 |       1834 |                             pandas.core.strings.accessor
import time:      2968 |      14682 |                           pandas.core.indexes.base
import time:      1168 |       1168 |                             pandas.core.indexes.extension
import time:      1421 |       2588 |                           pandas.core.indexes.category
import time:      1589 |       1589 |                               pandas.core.indexes.range
import time:      1033 |       1033 |                                 pandas.core.tools
import time:      1153 |       2185 |                               pandas.core.tools.timedeltas
import time:      1691 |       5464 |                             pandas.core.indexes.datetimelike
import time:      1178 |       1178 |                             pandas.core.tools.times
import time:      1677 |       8319 |                           pandas.core.indexes.datetimes
import time:      3418 |       3418 |                             pandas.core.indexes.multi
import time:      1741 |       1741 |                             pandas.core.indexes.timedeltas
import time:      2879 |       8038 |                           pandas.core.indexes.interval
import time:      1750 |       1750 |                           pandas.core.indexes.period
import time:      1355 |      37835 |                         pandas.core.indexes.api
import time:      2954 |      42550 |                       pandas.core.indexing
import time:      1232 |       1232 |                       pandas.core.sample
import time:      1125 |       1125 |                       pandas.core.array_algos.replace
import time:      2170 |       2170 |                           pandas.core.internals.blocks
import time:      1311 |       3481 |                         pandas.core.internals.api
import time:      1479 |       1479 |                             pandas.core.internals.ops
import time:      2148 |       3626 |                           pandas.core.internals.managers
import time:      1271 |       4897 |                         pandas.core.internals.concat
import time:      1469 |       9846 |                       pandas.core.internals
import time:      1185 |       1185 |                         pandas.core.methods
import time:      1022 |       1022 |                           pandas.core.reshape
import time:      1703 |       2724 |                         pandas.core.reshape.concat
import time:       156 |        156 |                             mmap
import time:       265 |        265 |                               pwd
import time:       148 |        148 |                               grp
import time:      3265 |       3677 |                             tarfile
import time:      4025 |       7857 |                           pandas.io.common
import time:      2030 |       9887 |                         pandas.io.formats.format
import time:      1414 |      15209 |                       pandas.core.methods.describe
import time:      1160 |       1160 |                       pandas.core.shared_docs
import time:       804 |        804 |                             pandas._libs.window
import time:      3559 |       4363 |                           pandas._libs.window.aggregations
import time:      1753 |       1753 |                             pandas._libs.window.indexers
import time:      1563 |       3315 |                           pandas.core.indexers.objects
import time:      1047 |       1047 |                           pandas.core.window.common
import time:      1064 |       1064 |                           pandas.core.window.numba_
import time:       938 |        938 |                           pandas.core.window.online
import time:      1792 |       1792 |                           pandas.core.window.rolling
import time:      1558 |      14074 |                         pandas.core.window.ewm
import time:      1418 |       1418 |                         pandas.core.window.expanding
import time:      1026 |      16517 |                       pandas.core.window
import time:      3379 |      91015 |                     pandas.core.generic
import time:      1343 |       1343 |                     pandas.core.internals.construction
import time:      1131 |       1131 |                     pandas.core.methods.selectn
import time:      1714 |       1714 |                       pandas.core.tools.numeric
import time:      1925 |       3639 |                     pandas.core.reshape.melt
import time:      1566 |       1566 |                       pandas._libs.reshape
import time:      2576 |       2576 |                       pandas.core.indexes.accessors
import time:      3213 |       3213 |                         pandas.arrays
import time:      7062 |      10275 |                       pandas.core.tools.datetimes
import time:      4106 |       4106 |                       pandas.io.formats.info
import time:      1568 |       1568 |                         pandas.plotting._core
import time:      1219 |       1219 |                         pandas.plotting._misc
import time:      1435 |       4220 |                       pandas.plotting
import time:      4749 |      27489 |                     pandas.core.series
import time:      8177 |     133976 |                   pandas.core.frame
import time:      2838 |       2838 |                   pandas.core.groupby.base
import time:      1892 |       1892 |                     pandas._libs.groupby
import time:      1000 |       1000 |                     pandas.core.groupby.numba_
import time:      1226 |       1226 |                         pandas.core.groupby.categorical
import time:      1701 |       2927 |                       pandas.core.groupby.grouper
import time:      3740 |       6667 |                     pandas.core.groupby.ops
import time:      1255 |       1255 |                     pandas.core.groupby.indexing
import time:      2577 |      13390 |                   pandas.core.groupby.groupby
import time:      3214 |     161176 |                 pandas.core.groupby.generic
import time:      1072 |     162247 |               pandas.core.groupby
import time:      1433 |     411520 |             pandas.core.api
import time:      1112 |       1112 |             pandas.tseries.api
import time:      1062 |       1062 |                     pandas.core.computation.common
import time:      1393 |       2455 |                   pandas.core.computation.align
import time:      1330 |       1330 |                       pprint
import time:      1448 |       2777 |                     pandas.core.computation.scope
import time:      1265 |       4042 |                   pandas.core.computation.ops
import time:      1189 |       7684 |                 pandas.core.computation.engines
import time:      1231 |       1231 |                   pandas.core.computation.parsing
import time:      2246 |       3477 |                 pandas.core.computation.expr
import time:      1147 |      12307 |               pandas.core.computation.eval
import time:      1032 |      13339 |             pandas.core.computation.api
import time:      1322 |       1322 |               pandas.core.reshape.encoding
import time:      1833 |       1833 |               pandas.core.reshape.merge
import time:      1637 |       1637 |               pandas.core.reshape.pivot
import time:      1368 |       1368 |               pandas.core.reshape.tile
import time:      1380 |       7538 |             pandas.core.reshape.api
import time:      2295 |       2295 |               pandas.api.executors
import time:      1807 |       1807 |               pandas.api.extensions
import time:       990 |        990 |               pandas.api.indexers
import time:      1073 |       1073 |                   pandas.core.interchange
import time:      3217 |       4289 |                 pandas.core.interchange.dataframe_protocol
import time:      1278 |       1278 |                   pandas.core.interchange.utils
import time:      1817 |       3094 |                 pandas.core.interchange.from_dataframe
import time:       875 |       8258 |               pandas.api.interchange
import time:      1035 |       1035 |                 pandas.core.dtypes.api
import time:      1218 |       2253 |               pandas.api.types
import time:      2076 |       2076 |                 pandas.core.resample
import time:      1257 |       1257 |                       pandas._libs.json
import time:      1454 |       1454 |                       pandas.io.json._normalize
import time:      1453 |       1453 |                       pandas.io.json._table_schema
import time:      2957 |       2957 |                             pandas._libs.parsers
import time:      3905 |       3905 |                               pandas.io.parsers.base_parser
import time:      3743 |       7648 |                             pandas.io.parsers.arrow_parser_wrapper
import time:      1639 |       1639 |                             pandas.io.parsers.c_parser_wrapper
import time:      1873 |       1873 |                             pandas.io.parsers.python_parser
import time:      2022 |      16138 |                           pandas.io.parsers.readers
import time:      1230 |      17367 |                         pandas.io.parsers
import time:        45 |      17411 |                       pandas.io.parsers.readers
import time:      2586 |      24160 |                     pandas.io.json._json
import time:       964 |      25123 |                   pandas.io.json
import time:        41 |      25163 |                 pandas.io.json._json
import time:      1469 |       1469 |                     pandas.io.sas.sasreader
import time:       992 |       2460 |                   pandas.io.sas
import time:        37 |       2496 |                 pandas.io.sas.sasreader
import time:      2912 |       2912 |                 pandas.io.stata
import time:      1119 |      33766 |               pandas.api.typing
import time:      2517 |      51883 |             pandas.api
import time:      1319 |       1319 |                 concurrent.futures.thread
import time:      1211 |       1211 |                 pandas._testing._io
import time:      1149 |       1149 |                 pandas._testing._warnings
import time:       146 |        146 |                     cmath
import time:      2037 |       2182 |                   pandas._libs.testing
import time:      1687 |       3869 |                 pandas._testing.asserters
import time:      1365 |       1365 |                 pandas._testing.compat
import time:      1520 |       1520 |                 pandas._testing.contexts
import time:      2385 |      12815 |               pandas._testing
import time:      1129 |      13943 |             pandas.testing
import time:      1387 |       1387 |             pandas.util._print_versions
import time:       978 |        978 |               pandas.io.clipboards
import time:      1144 |       1144 |                   pandas.io.excel._util
import time:      1170 |       1170 |                   pandas.io.excel._calamine
import time:      1080 |       1080 |                   pandas.io.excel._odfreader
import time:      1717 |       1717 |                   pandas.io.excel._openpyxl
import time:      1394 |       1394 |                   pandas.io.excel._pyxlsb
import time:      1329 |       1329 |                   pandas.io.excel._xlrd
import time:      1835 |       9668 |                 pandas.io.excel._base
import time:      1147 |       1147 |                 pandas.io.excel._odswriter
import time:      1296 |       1296 |                 pandas.io.excel._xlsxwriter
import time:       898 |      13008 |               pandas.io.excel
import time:      1022 |       1022 |               pandas.io.feather_format
import time:      1712 |       1712 |               pandas.io.html
import time:       971 |        971 |               pandas.io.iceberg
import time:      1033 |       1033 |               pandas.io.orc
import time:      1104 |       1104 |               pandas.io.parquet
import time:       981 |        981 |                 pandas.compat.pickle_compat
import time:      1112 |       2093 |               pandas.io.pickle
import time:      1794 |       1794 |                 pandas.core.computation.pytables
import time:      3263 |       5056 |               pandas.io.pytables
import time:      1088 |       1088 |               pandas.io.spss
import time:      1729 |       1729 |               pandas.io.sql
import time:      1270 |       1270 |               pandas.io.xml
import time:      1401 |      32459 |             pandas.io.api
import time:       939 |        939 |             pandas.util._tester
import time:       672 |        672 |             pandas._version_meson
import time:      1954 |    1161090 |           pandas
import time:      1015 |       1015 |           pymilvus.orm.constants
import time:       870 |        870 |           pymilvus.orm.types
import time:      2377 |    1166853 |         pymilvus.orm.schema
import time:       744 |        744 |         pymilvus.client.blob
import time:       985 |        985 |           pymilvus.client.singleton_utils
import time:      1066 |       2051 |         pymilvus.client.check
import time:      3394 |    1182088 |       pymilvus.client.prepare
import time:      1391 |       1391 |       pymilvus.decorators
import time:      1730 |       1730 |                   urllib3.exceptions
import time:      1089 |       1089 |                           urllib3.util.timeout
import time:      1760 |       2848 |                         urllib3.util.connection
import time:       814 |        814 |                           urllib3.util.util
import time:       190 |        190 |                           brotlicffi
import time:       131 |        131 |                           brotli
import time:       124 |        124 |                           backports
import time:      1521 |       2778 |                         urllib3.util.request
import time:      1024 |       1024 |                         urllib3.util.response
import time:      1331 |       1331 |                         urllib3.util.retry
import time:      6654 |       6654 |                           urllib3.util.url
import time:      1626 |       1626 |                           urllib3.util.ssltransport
import time:      1322 |       9602 |                         urllib3.util.ssl_
import time:      1426 |       1426 |                         urllib3.util.wait
import time:      1262 |      20268 |                       urllib3.util
import time:        61 |      20328 |                     urllib3.util.connection
import time:      1821 |      22149 |                   urllib3._base_connection
import time:      2048 |       2048 |                   urllib3._collections
import time:      1309 |       1309 |                   urllib3._version
import time:      1267 |       1267 |                         urllib3.fields
import time:      1276 |       2542 |                       urllib3.filepost
import time:       240 |        240 |                         brotlicffi
import time:       147 |        147 |                         brotli
import time:       902 |        902 |                           urllib3.http2
import time:       968 |        968 |                           urllib3.http2.probe
import time:       920 |        920 |                           urllib3.util.ssl_match_hostname
import time:      1767 |       4556 |                         urllib3.connection
import time:       217 |        217 |                         backports
import time:      2118 |       7277 |                       urllib3.response
import time:      1864 |      11682 |                     urllib3._request_methods
import time:       883 |        883 |                     urllib3.util.proxy
import time:      1470 |      14034 |                   urllib3.connectionpool
import time:      3460 |       3460 |                   urllib3.poolmanager
import time:      1374 |      46102 |                 urllib3
import time:      2657 |       2657 |                           charset_normalizer.constant
import time:      1105 |       1105 |                           charset_normalizer.utils
import time:      2952 |       6712 |                         charset_normalizer.md
import time:     15338 |      22050 |                       charset_normalizer.cd
import time:      3194 |       3194 |                       charset_normalizer.models
import time:      2110 |      27353 |                     charset_normalizer.api
import time:      1646 |       1646 |                     charset_normalizer.legacy
import time:      1158 |       1158 |                     charset_normalizer.version
import time:       243 |        243 |                     simplejson
import time:       923 |        923 |                           urllib.response
import time:       857 |       1779 |                         urllib.error
import time:       753 |        753 |                         nturl2path
import time:      2495 |       5026 |                       urllib.request
import time:      4973 |       9998 |                     http.cookiejar
import time:      2440 |      42835 |                   requests.compat
import time:      2029 |      44864 |                 requests.exceptions
import time:       235 |        235 |                 chardet
import time:      1260 |       1260 |                       idna.idnadata
import time:      1015 |       1015 |                       idna.intranges
import time:      2529 |       4803 |                     idna.core
import time:      1030 |       1030 |                     idna.package_data
import time:      1521 |       7353 |                   idna
import time:      1906 |       9258 |                 requests.packages
import time:      1079 |       1079 |                       certifi.core
import time:      1069 |       2147 |                     certifi
import time:       899 |       3046 |                   requests.certs
import time:       797 |        797 |                   requests.__version__
import time:      1170 |       1170 |                   requests._internal_utils
import time:      1112 |       1112 |                   requests._types
import time:      1246 |       1246 |                   requests.cookies
import time:      1065 |       1065 |                   requests.structures
import time:      1554 |       1554 |                   importlib.resources._adapters
import time:      1201 |       1201 |                       importlib.resources._itertools
import time:      1359 |       2559 |                     importlib.resources.readers
import time:       761 |       3320 |                   importlib.readers
import time:      1902 |      15208 |                 requests.utils
import time:      1351 |       1351 |                       requests.auth
import time:       512 |        512 |                           stringprep
import time:       470 |        982 |                         encodings.idna
import time:      1145 |       1145 |                         requests.hooks
import time:      1225 |       1225 |                         requests.status_codes
import time:      1866 |       5217 |                       requests.models
import time:       812 |        812 |                         urllib3.contrib
import time:       203 |        203 |                         socks
import time:      1494 |       2508 |                       urllib3.contrib.socks
import time:      1342 |      10417 |                     requests.adapters
import time:      1357 |      11774 |                   requests.sessions
import time:      1167 |      12941 |                 requests.api
import time:      1321 |     129925 |               requests
import time:      1757 |     131682 |             pymilvus.client.global_topology
import time:      2495 |     134177 |           pymilvus.client.connection_manager
import time:      1522 |       1522 |               pymilvus.client.iterator.query_iterator
import time:      1920 |       1920 |               pymilvus.client.iterator.search_iterator
import time:       963 |       4405 |             pymilvus.client.iterator
import time:      1068 |       1068 |                 pymilvus.client.call_context
import time:      1458 |       1458 |                       cachetools.keys
import time:      4951 |       6409 |                     cachetools
import time:      1037 |       7445 |                   pymilvus.client.cache
import time:       876 |       8321 |                 pymilvus.client.ts_utils
import time:      1281 |       1281 |                 pymilvus.client.async_interceptor
import time:      1655 |       1655 |                 pymilvus.client.embedding_list
import time:      3640 |      15963 |               pymilvus.client.async_grpc_handler
import time:      1302 |       1302 |                 pymilvus.client.interceptor
import time:      3953 |       5254 |               pymilvus.client.grpc_handler
import time:      1523 |      22739 |             pymilvus.orm.connections
import time:       995 |        995 |               pymilvus.orm.mutation
import time:      1059 |       2054 |             pymilvus.orm.future
import time:      1026 |       1026 |             pymilvus.orm.index
import time:      1271 |       1271 |             pymilvus.orm.partition
import time:      1150 |       1150 |             pymilvus.orm.prepare
import time:      1434 |       1434 |             pymilvus.orm.utility
import time:      2304 |      36379 |           pymilvus.orm.collection
import time:      2186 |       2186 |             pymilvus.milvus_client.optimize_task
import time:      1548 |       3733 |           pymilvus.milvus_client.async_optimize_task
import time:      1088 |       1088 |             pymilvus.milvus_client.check
import time:      1061 |       1061 |             pymilvus.milvus_client.index
import time:      1257 |       3404 |           pymilvus.milvus_client.base
import time:      2930 |     180622 |         pymilvus.milvus_client.async_milvus_client
import time:      2140 |       2140 |         pymilvus.milvus_client.milvus_client
import time:       886 |     183647 |       pymilvus.milvus_client
import time:      1125 |       1125 |       pymilvus.orm.db
import time:      1593 |       1593 |       pymilvus.orm.role
import time:      2926 |    1712174 |     pymilvus
import time:       227 |        227 |     pywintypes
import time:      4873 |    1717894 |   services.milvus_client
import time:      1531 |       1531 |   services.pdf_parser
import time:       682 |        682 |         psycopg2.errors
import time:      6062 |       6744 |       psycopg2._psycopg
import time:       712 |        712 |         psycopg2._json
import time:      1485 |       1485 |         psycopg2._range
import time:      1188 |       3384 |       psycopg2.extensions
import time:       736 |      10864 |     psycopg2
import time:       777 |        777 |       psycopg2._ipaddress
import time:      2196 |       2972 |     psycopg2.extras
15:46:39 - INFO - 数据库 rag_system 已存在
15:46:39 - INFO - 成功连接到数据库: rag_system
import time:    343290 |     357125 |   services.database
import time:      3472 |       3472 |       bcrypt._bcrypt
import time:      3125 |       6597 |     bcrypt
import time:      1916 |       1916 |       jose.exceptions
import time:      1423 |       3338 |     jose
import time:      1133 |       1133 |                         cryptography.__about__
import time:      1372 |       2504 |                       cryptography
import time:      1453 |       3956 |                     cryptography.utils
import time:      2406 |       6362 |                   jose.utils
import time:      1530 |       7891 |                 jose.backends.base
import time:      1116 |       1116 |                 jose.constants
import time:      1757 |      10763 |               jose.backends.native
import time:      1507 |       1507 |                       cryptography.hazmat
import time:      1498 |       3005 |                     cryptography.hazmat.bindings
import time:      3460 |       3460 |                     _cffi_backend
import time:     11464 |      17928 |                   cryptography.hazmat.bindings._rust
import time:      4568 |      22495 |                 cryptography.exceptions
import time:      1285 |       1285 |                 cryptography.hazmat.backends
import time:      1382 |       1382 |                 cryptography.hazmat.primitives
import time:      1932 |       1932 |                 cryptography.hazmat.primitives.hashes
import time:       886 |        886 |                 cryptography.hazmat.primitives.hmac
import time:      1109 |       1109 |                   cryptography.hazmat.primitives._serialization
import time:       870 |        870 |                     cryptography.hazmat.primitives.asymmetric
import time:      1836 |       2706 |                   cryptography.hazmat.primitives.asymmetric.dh
import time:      1039 |       1039 |                   cryptography.hazmat.primitives.serialization.base
import time:      1522 |       1522 |                       cryptography.hazmat.primitives.asymmetric.utils
import time:      1461 |       2982 |                     cryptography.hazmat.primitives.asymmetric.dsa
import time:      3522 |       3522 |                       cryptography.hazmat._oid
import time:      2415 |       5937 |                     cryptography.hazmat.primitives.asymmetric.ec
import time:      1767 |       1767 |                     cryptography.hazmat.primitives.asymmetric.ed25519
import time:      1246 |       1246 |                       cryptography.hazmat.primitives._asymmetric
import time:      2548 |       2548 |                       cryptography.hazmat.primitives.asymmetric.rsa
import time:      1901 |       5694 |                     cryptography.hazmat.primitives.asymmetric.padding
import time:      2683 |       2683 |                       cryptography.hazmat.primitives._cipheralgorithm
import time:      1446 |       1446 |                               cryptography.hazmat.decrepit
import time:      1384 |       2829 |                             cryptography.hazmat.decrepit.ciphers
import time:      1610 |       1610 |                             cryptography.hazmat.primitives._modes
import time:      1764 |       6202 |                           cryptography.hazmat.decrepit.ciphers.modes
import time:      1632 |       1632 |                             cryptography.hazmat.decrepit.ciphers.algorithms
import time:      1620 |       3252 |                           cryptography.hazmat.primitives.ciphers.algorithms
import time:      1749 |      11202 |                         cryptography.hazmat.primitives.ciphers.modes
import time:      3087 |      14289 |                       cryptography.hazmat.primitives.ciphers.base
import time:      2144 |      19116 |                     cryptography.hazmat.primitives.ciphers
import time:      4935 |      40428 |                   cryptography.hazmat.primitives.serialization.ssh
import time:      1119 |      46399 |                 cryptography.hazmat.primitives.serialization
import time:      1969 |       1969 |                 cryptography.hazmat.primitives.ciphers.aead
import time:      2050 |       2050 |                 cryptography.hazmat.primitives.keywrap
import time:      1551 |       1551 |                 cryptography.hazmat.primitives.padding
import time:      2278 |       2278 |                   cryptography.x509.certificate_transparency
import time:      1505 |       1505 |                   cryptography.x509.oid
import time:     11166 |      11166 |                       cryptography.x509.name
import time:      2229 |      13394 |                     cryptography.x509.general_name
import time:      1835 |      15229 |                   cryptography.x509.verification
import time:      1419 |       1419 |                     cryptography.hazmat.primitives.asymmetric.ed448
import time:      2596 |       2596 |                     cryptography.hazmat.primitives.asymmetric.mldsa
import time:      1817 |       1817 |                     cryptography.hazmat.primitives.asymmetric.mlkem
import time:      1357 |       1357 |                     cryptography.hazmat.primitives.asymmetric.x448
import time:      1015 |       1015 |                     cryptography.hazmat.primitives.asymmetric.x25519
import time:      1229 |       1229 |                     cryptography.hazmat.primitives.asymmetric.types
import time:       976 |        976 |                       cryptography.hazmat.primitives.constant_time
import time:      3304 |       4279 |                     cryptography.x509.extensions
import time:      2618 |      16327 |                   cryptography.x509.base
import time:      1754 |      37090 |                 cryptography.x509
import time:      1746 |     118782 |               jose.backends.cryptography_backend
import time:      1254 |     130799 |             jose.backends
import time:        51 |     130849 |           jose.backends.base
import time:      1417 |     132265 |         jose.jwk
import time:      1639 |     133903 |       jose.jws
import time:      1592 |     135495 |     jose.jwt
import time:      2787 |     148216 |   services.auth
import time:      1660 |       1660 |   services.storage
import time:      3982 |       3982 |   services.bm25_client
import time:      2809 |       2809 |               pydantic.v1.typing
import time:      6192 |       9000 |             pydantic.v1.errors
import time:       327 |        327 |                 cython
import time:      1604 |       1931 |               pydantic.v1.version
import time:      5145 |       7075 |             pydantic.v1.utils
import time:      5820 |      21895 |           pydantic.v1.class_validators
import time:      4334 |       4334 |           pydantic.v1.config
import time:      2269 |       2269 |               pydantic.v1.color
import time:      3464 |       3464 |                   pydantic.v1.datetime_parse
import time:      3506 |       6970 |                 pydantic.v1.validators
import time:      9572 |      16541 |               pydantic.v1.networks
import time:      7700 |       7700 |               pydantic.v1.types
import time:      2255 |      28763 |             pydantic.v1.json
import time:      2133 |      30896 |           pydantic.v1.error_wrappers
import time:      3223 |       3223 |           pydantic.v1.fields
import time:      1699 |       1699 |             pydantic.v1.parse
import time:      3989 |       3989 |             pydantic.v1.schema
import time:      3624 |       9311 |           pydantic.v1.main
import time:      2378 |      72035 |         pydantic.v1.dataclasses
import time:      1621 |       1621 |         pydantic.v1.annotated_types
import time:      1503 |       1503 |         pydantic.v1.decorator
import time:      1975 |       1975 |         pydantic.v1.env_settings
import time:      1322 |       1322 |         pydantic.v1.tools
import time:      2725 |      81179 |       pydantic.v1
import time:     13033 |      94212 |     api.auth
import time:     14068 |      14068 |     api.knowledge_bases
import time:     14123 |      14123 |     api.documents
import time:     27248 |      27248 |     api.files
import time:      6219 |       6219 |       services.audit
import time:     15601 |      21820 |     api.processing
import time:      6471 |       6471 |       services.reranker
import time:     14478 |      20949 |     api.search
import time:      6940 |       6940 |     api.stats
import time:      2327 |       2327 |           langfuse.api
import time:      2063 |       2063 |             langfuse.api.core
import time:      2157 |       4219 |           langfuse.api.core.serialization
import time:      1744 |       1744 |               langfuse.api.core.datetime_utils
import time:     11292 |      13035 |             langfuse.api.core.pydantic_utilities
import time:      1536 |       1536 |               langfuse.api.core.enum
import time:      1920 |       3456 |             langfuse.api.commons.types.observation_level
import time:      3263 |       3263 |             langfuse.api.commons.types.usage
import time:      8740 |      28493 |           langfuse.api.commons.types.observation
import time:      2523 |       2523 |           langfuse.api.commons.types.deprecation
import time:      1526 |       1526 |             langfuse.api.commons.types.score_source
import time:     24159 |      25685 |           langfuse.api.commons.types.score_v1
import time:      6606 |       6606 |           langfuse.api.commons.types.trace
import time:      1646 |       1646 |               langfuse.api.commons.types.dataset_item_media_reference_field
import time:      2786 |       2786 |               langfuse.api.commons.types.dataset_item_media_reference_media
import time:      2423 |       6854 |             langfuse.api.commons.types.dataset_item_media_reference
import time:      1623 |       1623 |             langfuse.api.commons.types.dataset_status
import time:      1328 |       1328 |             langfuse.logger
import time:       429 |        429 |                   opentelemetry
import time:       464 |        892 |                 opentelemetry.util
import time:      1707 |       2599 |               opentelemetry.util.types
import time:     13516 |      16114 |             langfuse.types
import time:      6726 |      32644 |           langfuse.experiment
import time:     20837 |     123331 |         langfuse.batch_evaluation
import time:       475 |        475 |         langfuse._client
import time:      1696 |       1696 |               backoff._common
import time:      2995 |       2995 |               backoff._jitter
import time:      6078 |       6078 |               backoff._async
import time:      3702 |       3702 |               backoff._sync
import time:      4179 |       4179 |               backoff._typing
import time:      3663 |      22311 |             backoff._decorator
import time:      2018 |       2018 |             backoff._wait_gen
import time:      1993 |      26321 |           backoff
import time:      3458 |       3458 |             httpx.__version__
import time:      1671 |       1671 |                   httpx._exceptions
import time:      2843 |       2843 |                         httpx._types
import time:      1659 |       1659 |                         httpx._utils
import time:      1650 |       6152 |                       httpx._multipart
import time:      1547 |       7698 |                     httpx._content
import time:       257 |        257 |                       brotli
import time:       163 |        163 |                       brotlicffi
import time:      3639 |       3639 |                         zstandard.backend_c
import time:      1318 |       4957 |                       zstandard
import time:      1847 |       7223 |                     httpx._decoders
import time:      3047 |       3047 |                     httpx._status_codes
import time:      4013 |       4013 |                       httpx._urlparse
import time:      2712 |       6724 |                     httpx._urls
import time:      2317 |      27007 |                   httpx._models
import time:      3590 |      32267 |                 httpx._auth
import time:      4843 |       4843 |                 httpx._config
import time:      1235 |       1235 |                       httpx._transports.base
import time:      1689 |       2924 |                     httpx._transports.asgi
import time:      1694 |       1694 |                     httpx._transports.default
import time:      1784 |       1784 |                     httpx._transports.mock
import time:      1198 |       1198 |                     httpx._transports.wsgi
import time:      1591 |       9188 |                   httpx._transports
import time:        51 |       9239 |                 httpx._transports.base
import time:      2248 |      48597 |               httpx._client
import time:      2450 |      51046 |             httpx._api
import time:      2538 |       2538 |                       click._winconsole
import time:      2018 |       4556 |                     click._compat
import time:      1590 |       1590 |                       click.globals
import time:      2461 |       2461 |                       click.utils
import time:      2431 |       6481 |                     click.exceptions
import time:      4658 |      15694 |                   click.types
import time:      1581 |       1581 |                   click._utils
import time:      2242 |       2242 |                     click.parser
import time:      1850 |       4092 |                   click.formatting
import time:      2003 |       2003 |                   click.termui
import time:      3587 |      26955 |                 click.core
import time:      2862 |       2862 |                 click.decorators
import time:      1532 |      31349 |               click
import time:      3651 |       3651 |                 pygments
import time:      3695 |       3695 |                 pygments.lexers._mapping
import time:      2228 |       2228 |                 pygments.modeline
import time:      1738 |       1738 |                 pygments.plugin
import time:      4407 |       4407 |                 pygments.util
import time:      3221 |      18938 |               pygments.lexers
import time:      1620 |       1620 |                   rich._extension
import time:      3276 |       4895 |                 rich
import time:      1512 |       1512 |                 rich._null_file
import time:      1102 |       1102 |                 rich.errors
import time:      1274 |       1274 |                             rich.color_triplet
import time:      1111 |       2385 |                           rich.palette
import time:      1064 |       3449 |                         rich._palettes
import time:      1950 |       1950 |                         rich.repr
import time:      1790 |       1790 |                         rich.terminal_theme
import time:      2939 |      10127 |                       rich.color
import time:      2173 |      12299 |                     rich.style
import time:      1968 |      14267 |                   rich.default_styles
import time:      1709 |       1709 |                   rich.theme
import time:      1539 |      17514 |                 rich.themes
import time:      1257 |       1257 |                 rich._emoji_replace
import time:       989 |        989 |                 rich._export_format
import time:       917 |        917 |                 rich._fileno
import time:       904 |        904 |                     rich._loop
import time:       984 |        984 |                     rich._pick
import time:       870 |        870 |                           rich._unicode_data._versions
import time:       937 |       1807 |                         rich._unicode_data
import time:      1454 |       3260 |                       rich.cells
import time:       993 |       4252 |                     rich._wrap
import time:      3396 |       3396 |                           rich.segment
import time:      2000 |       5396 |                         rich.jupyter
import time:      1144 |       1144 |                           rich.protocol
import time:      1733 |       2876 |                         rich.measure
import time:      1127 |       9398 |                       rich.constrain
import time:      1125 |      10522 |                     rich.align
import time:      1956 |       1956 |                     rich.containers
import time:      1732 |       1732 |                     rich.control
import time:      7688 |       7688 |                     rich.emoji
import time:      4017 |      32052 |                   rich.text
import time:      1413 |      33464 |                 rich._log_render
import time:      3367 |       3367 |                 rich.highlighter
import time:      3108 |       3108 |                 rich.markup
import time:      2689 |       2689 |                 rich.pager
import time:      1887 |       1887 |                 rich.region
import time:      2190 |       2190 |                 rich.screen
import time:      2174 |       2174 |                 rich.styled
import time:      8092 |      85152 |               rich.console
import time:      2591 |       2591 |                 rich.filesize
import time:      3390 |       3390 |                     rich.ansi
import time:      2497 |       5887 |                   rich.file_proxy
import time:      1899 |       1899 |                   rich.live_render
import time:      2851 |      10636 |                 rich.live
import time:      1793 |       1793 |                 rich.progress_bar
import time:      3115 |       3115 |                   rich._spinners
import time:      1872 |       1872 |                     rich.box
import time:      2231 |       2231 |                     rich._ratio
import time:      2132 |       2132 |                     rich.padding
import time:      5663 |      11897 |                   rich.table
import time:      2271 |      17282 |                 rich.spinner
import time:      5804 |      38105 |               rich.progress
import time:      2465 |       2465 |                   pygments.filter
import time:      2776 |       2776 |                     pygments.token
import time:      3245 |       6021 |                   pygments.filters
import time:      1863 |       1863 |                   pygments.regexopt
import time:      3147 |      13495 |                 pygments.lexer
import time:      2002 |       2002 |                 pygments.style
import time:      3783 |       3783 |                   pygments.styles._mapping
import time:      2369 |       6152 |                 pygments.styles
import time:      3655 |      25302 |               rich.syntax
import time:      1962 |     200805 |             httpx._main
import time:      3192 |     258500 |           httpx
import time:      2090 |       2090 |             opentelemetry.context.context
import time:      2102 |       2102 |             opentelemetry.context.contextvars_context
import time:      1371 |       1371 |             opentelemetry.environment_variables
import time:      2477 |       8038 |           opentelemetry.context
import time:      1206 |       1206 |             opentelemetry.attributes
import time:      1129 |       1129 |                 opentelemetry.trace.status
import time:      2025 |       3154 |               opentelemetry.trace.span
import time:      1203 |       4356 |             opentelemetry.trace.propagation
import time:      1155 |       1155 |             opentelemetry.util._decorator
import time:      1377 |       1377 |             opentelemetry.util._once
import time:      1154 |       1154 |             opentelemetry.util._providers
import time:      1850 |      11096 |           opentelemetry.trace
import time:       229 |        229 |             opentelemetry.sdk
import time:      1587 |       1587 |                   opentelemetry.metrics._internal.observation
import time:      4734 |       6321 |                 opentelemetry.metrics._internal.instrument
import time:      2287 |       8608 |               opentelemetry.metrics._internal
import time:      1159 |       9766 |             opentelemetry.metrics
import time:      1754 |       1754 |             opentelemetry.sdk.util
import time:      3033 |       3033 |             opentelemetry.sdk.environment_variables
import time:      2467 |       2467 |             opentelemetry.sdk.environment_variables._internal
import time:      1172 |       1172 |               opentelemetry.sdk.version
import time:      1198 |       1198 |                 opentelemetry.semconv
import time:      3735 |       4932 |               opentelemetry.semconv.resource
import time:       514 |        514 |               psutil
import time:      2746 |       9363 |             opentelemetry.sdk.resources
import time:      3636 |       3636 |             opentelemetry.sdk.trace.sampling
import time:       319 |        319 |                   opentelemetry.semconv._incubating
import time:       650 |        969 |                 opentelemetry.semconv._incubating.attributes
import time:      3090 |       4058 |               opentelemetry.semconv._incubating.attributes.otel_attributes
import time:       448 |        448 |                 opentelemetry.semconv._incubating.metrics
import time:      2941 |       3389 |               opentelemetry.semconv._incubating.metrics.otel_metrics
import time:      2609 |      10055 |             opentelemetry.sdk.trace._tracer_metrics
import time:      2795 |       2795 |             opentelemetry.sdk.trace.id_generator
import time:      1978 |       1978 |               opentelemetry.sdk.util.instrumentation
import time:      2489 |       4466 |             opentelemetry.sdk.util._configurator
import time:      2104 |       2104 |               opentelemetry.semconv.attributes
import time:      2257 |       4360 |             opentelemetry.semconv.attributes.exception_attributes
import time:      5000 |      56920 |           opentelemetry.sdk.trace
import time:      2028 |       2028 |                 opentelemetry.semconv.attributes.error_attributes
import time:      2470 |       4498 |               opentelemetry.sdk._shared_internal._processor_metrics
import time:      4341 |       8838 |             opentelemetry.sdk._shared_internal
import time:      2925 |      11762 |           opentelemetry.sdk.trace.export
import time:      1834 |       1834 |             packaging
import time:      4526 |       6359 |           packaging.version
import time:      2426 |       2426 |             langfuse._client.constants
import time:      1585 |       1585 |                       langfuse.api.prompts.types.chat_message_type
import time:      2238 |       3823 |                     langfuse.api.prompts.types.chat_message
import time:      1808 |       1808 |                       langfuse.api.prompts.types.placeholder_message_type
import time:      2904 |       4711 |                     langfuse.api.prompts.types.placeholder_message
import time:      1062 |       9595 |                   langfuse.api.prompts.types.chat_message_with_placeholders
import time:     39873 |      49467 |                 langfuse.model
import time:      1817 |      51283 |               langfuse._utils
import time:      2480 |       2480 |               langfuse.media
import time:      1384 |       1384 |                       langchain_core._import_utils
import time:      1945 |       3328 |                     langchain_core._api
import time:      1955 |       1955 |                     langchain_core._api.internal
import time:       936 |        936 |                     langchain_core.version
import time:      7321 |      13539 |                   langchain_core
import time:      2559 |       2559 |                       langchain_core.load.serializable
import time:       953 |       3511 |                     langchain_core.load._validation
import time:      1654 |       1654 |                     langchain_core.load.mapping
import time:      1616 |       6780 |                   langchain_core.load.load
import time:      1105 |      21423 |                 langchain_core.load
import time:        28 |      21451 |               langchain_core.load.serializable
import time:      2236 |      77448 |             langfuse._utils.serializer
import time:      3432 |      83305 |           langfuse._client.attributes
import time:      2121 |       2121 |           langfuse._client.datasets
import time:      1410 |       1410 |           langfuse._client.environment_variables
import time:      1906 |       1906 |               opentelemetry.util.re
import time:      1695 |       3601 |             opentelemetry.baggage
import time:      1793 |       5394 |           langfuse._client.propagation
import time:       200 |        200 |                       opentelemetry.exporter
import time:       426 |        625 |                     opentelemetry.exporter.otlp
import time:       315 |        940 |                   opentelemetry.exporter.otlp.proto
import time:      1188 |       1188 |                   opentelemetry.exporter.otlp.proto.http.version
import time:      1323 |       3450 |                 opentelemetry.exporter.otlp.proto.http
import time:      1684 |       1684 |                     opentelemetry.exporter.otlp.proto.common.version
import time:      1942 |       3626 |                   opentelemetry.exporter.otlp.proto.common
import time:       823 |        823 |                   opentelemetry.semconv.attributes.server_attributes
import time:      1780 |       6228 |                 opentelemetry.exporter.otlp.proto.common._exporter_metrics
import time:       799 |        799 |                             opentelemetry.proto
import time:      1432 |       2231 |                           opentelemetry.proto.common
import time:      1046 |       3277 |                         opentelemetry.proto.common.v1
import time:      1381 |       4657 |                       opentelemetry.proto.common.v1.common_pb2
import time:       973 |        973 |                           opentelemetry.proto.resource
import time:      1183 |       2156 |                         opentelemetry.proto.resource.v1
import time:      1335 |       3491 |                       opentelemetry.proto.resource.v1.resource_pb2
import time:      1026 |       9174 |                     opentelemetry.exporter.otlp.proto.common._internal
import time:      1657 |       1657 |                           opentelemetry.proto.collector
import time:      1305 |       2962 |                         opentelemetry.proto.collector.trace
import time:      1062 |       4024 |                       opentelemetry.proto.collector.trace.v1
import time:       806 |        806 |                         opentelemetry.proto.trace
import time:      1028 |       1834 |                       opentelemetry.proto.trace.v1
import time:      1433 |       1433 |                       opentelemetry.proto.trace.v1.trace_pb2
import time:      1299 |       8589 |                     opentelemetry.proto.collector.trace.v1.trace_service_pb2
import time:      1386 |      19148 |                   opentelemetry.exporter.otlp.proto.common._internal.trace_encoder
import time:       817 |      19964 |                 opentelemetry.exporter.otlp.proto.common.trace_encoder
import time:      1121 |       1121 |                   opentelemetry.util._importlib_metadata
import time:      1208 |       2329 |                 opentelemetry.exporter.otlp.proto.http._common
import time:      1125 |       1125 |                 opentelemetry.semconv.attributes.http_attributes
import time:      1624 |      34717 |               opentelemetry.exporter.otlp.proto.http.trace_exporter
import time:       175 |        175 |                   langfuse._task_manager
import time:      1192 |       1192 |                       langfuse.api.core.file
import time:       991 |        991 |                       langfuse.api.core.force_multipart
import time:      1074 |       1074 |                       langfuse.api.core.jsonable_encoder
import time:      1306 |       1306 |                       langfuse.api.core.query_encoder
import time:      1684 |       1684 |                       langfuse.api.core.remove_none_from_dict
import time:       985 |        985 |                       langfuse.api.core.request_options
import time:      2074 |       9304 |                     langfuse.api.core.http_client
import time:      1917 |      11221 |                   langfuse.api.core.client_wrapper
import time:       990 |        990 |                   langfuse._task_manager.media_upload_queue
import time:      3819 |      16203 |                 langfuse._task_manager.media_manager
import time:      1452 |      17655 |               langfuse._client.span_exporter
import time:      1098 |       1098 |               langfuse._client.span_filter
import time:       937 |        937 |               langfuse._client.utils
import time:      2527 |       2527 |               langfuse._version
import time:      1741 |      58673 |             langfuse._client.span_processor
import time:      1273 |       1273 |             langfuse._task_manager.media_upload_consumer
import time:      1097 |       1097 |                 langfuse._utils.request
import time:     18046 |      19143 |               langfuse._utils.parse_error
import time:      1954 |      21096 |             langfuse._task_manager.score_ingestion_consumer
import time:      1580 |       1580 |             langfuse._utils.environment
import time:      1537 |       1537 |             langfuse._utils.prompt_cache
import time:      1809 |      85966 |           langfuse._client.resource_manager
import time:      4216 |       4216 |           langfuse._client.span
import time:      1400 |       1400 |           langfuse._utils.json_path
import time:      1696 |       1696 |           langfuse.api.prompts.types.create_chat_prompt_type
import time:      1116 |       1116 |           langfuse.api.prompts.types.create_text_prompt_type
import time:      1876 |       1876 |           langfuse.api.commons.types.dataset_run_item
import time:       823 |        823 |                 langfuse.api.utils
import time:      2111 |       2933 |               langfuse.api.utils.pagination
import time:      1122 |       4054 |             langfuse.api.utils.pagination.types
import time:      2196 |       6250 |           langfuse.api.utils.pagination.types.meta_response
import time:       904 |        904 |           langfuse.api.commons.types.create_score_value
import time:     29858 |     604499 |         langfuse._client.client
import time:      1826 |       1826 |         langfuse._client.get_client
import time:      1825 |       1825 |         langfuse._client.observe
import time:      1004 |       1004 |         langfuse.span_filter
import time:      2184 |     735142 |       langfuse
import time:     30341 |     765482 |     api.agent
import time:     42640 |      42640 |     api.evaluation
import time:     13985 |      13985 |       services.runtime_config
import time:     24342 |      38326 |     api.settings
import time:     23724 |      23724 |     api.audit
import time:      2818 |    1072345 |   api
import time:      8984 |    4121844 | app
